class_10	PathComputationType	net.minecraft.world.level.pathfinder.PathComputationType
class_1000	SpiderEyesLayer	net.minecraft.client.renderer.entity.layers.SpiderEyesLayer
class_1001	TropicalFishPatternLayer	net.minecraft.client.renderer.entity.layers.TropicalFishPatternLayer
class_1002	StrayClothingLayer	net.minecraft.client.renderer.entity.layers.StrayClothingLayer
class_1004	WitherArmorLayer	net.minecraft.client.renderer.entity.layers.WitherArmorLayer
class_1005	WitchItemLayer	net.minecraft.client.renderer.entity.layers.WitchItemLayer
class_1006	WolfCollarLayer	net.minecraft.client.renderer.entity.layers.WolfCollarLayer
class_1007	PlayerRenderer	net.minecraft.client.renderer.entity.player.PlayerRenderer
class_1008	GlDebug	com.mojang.blaze3d.platform.GlDebug
class_101	CopyNameFunction	net.minecraft.world.level.storage.loot.functions.CopyNameFunction
class_1011	NativeImage	com.mojang.blaze3d.platform.NativeImage
class_104	ApplyExplosionDecay	net.minecraft.world.level.storage.loot.functions.ApplyExplosionDecay
class_1041	Window	com.mojang.blaze3d.platform.Window
class_1043	DynamicTexture	net.minecraft.client.renderer.texture.DynamicTexture
class_1044	AbstractTexture	net.minecraft.client.renderer.texture.AbstractTexture
class_1046	HttpTexture	net.minecraft.client.renderer.texture.HttpTexture
class_1047	MissingTextureAtlasSprite	net.minecraft.client.renderer.texture.MissingTextureAtlasSprite
class_1049	SimpleTexture	net.minecraft.client.renderer.texture.SimpleTexture
class_1054	StitcherException	net.minecraft.client.renderer.texture.StitcherException
class_1055	Stitcher	net.minecraft.client.renderer.texture.Stitcher
class_1058	TextureAtlasSprite	net.minecraft.client.renderer.texture.TextureAtlasSprite
class_1059	TextureAtlas	net.minecraft.client.renderer.texture.TextureAtlas
class_106	EnchantWithLevelsFunction	net.minecraft.world.level.storage.loot.functions.EnchantWithLevelsFunction
class_1060	TextureManager	net.minecraft.client.renderer.texture.TextureManager
class_1061	Tickable	net.minecraft.client.renderer.texture.Tickable
class_1064	IndexedAssetSource	net.minecraft.client.resources.IndexedAssetSource
class_1065	ClientPackSource	net.minecraft.client.resources.ClientPackSource
class_1066	DownloadedPackSource	net.minecraft.client.resources.DownloadedPackSource
class_1068	DefaultPlayerSkin	net.minecraft.client.resources.DefaultPlayerSkin
class_1069	GrassColorReloadListener	net.minecraft.client.resources.GrassColorReloadListener
class_1070	FoliageColorReloadListener	net.minecraft.client.resources.FoliageColorReloadListener
class_1071	SkinManager	net.minecraft.client.resources.SkinManager
class_1074	I18n	net.minecraft.client.resources.language.I18n
class_1076	LanguageManager	net.minecraft.client.resources.language.LanguageManager
class_1077	LanguageInfo	net.minecraft.client.resources.language.LanguageInfo
class_1078	ClientLanguage	net.minecraft.client.resources.language.ClientLanguage
class_1079	AnimationMetadataSection	net.minecraft.client.resources.metadata.animation.AnimationMetadataSection
class_1080	AnimationFrame	net.minecraft.client.resources.metadata.animation.AnimationFrame
class_1081	AnimationMetadataSectionSerializer	net.minecraft.client.resources.metadata.animation.AnimationMetadataSectionSerializer
class_1082	LanguageMetadataSection	net.minecraft.client.resources.metadata.language.LanguageMetadataSection
class_1084	TextureMetadataSection	net.minecraft.client.resources.metadata.texture.TextureMetadataSection
class_1085	TextureMetadataSectionSerializer	net.minecraft.client.resources.metadata.texture.TextureMetadataSectionSerializer
class_1086	BlockModelRotation	net.minecraft.client.resources.model.BlockModelRotation
class_1087	BakedModel	net.minecraft.client.resources.model.BakedModel
class_1088	ModelBakery	net.minecraft.client.resources.model.ModelBakery
class_109	EnchantRandomlyFunction	net.minecraft.world.level.storage.loot.functions.EnchantRandomlyFunction
class_1090	BuiltInModel	net.minecraft.client.resources.model.BuiltInModel
class_1091	ModelResourceLocation	net.minecraft.client.resources.model.ModelResourceLocation
class_1092	ModelManager	net.minecraft.client.resources.model.ModelManager
class_1093	SimpleBakedModel	net.minecraft.client.resources.model.SimpleBakedModel
class_1095	MultiPartBakedModel	net.minecraft.client.resources.model.MultiPartBakedModel
class_1097	WeightedBakedModel	net.minecraft.client.resources.model.WeightedBakedModel
class_11	Path	net.minecraft.world.level.pathfinder.Path
class_1100	UnbakedModel	net.minecraft.client.resources.model.UnbakedModel
class_1101	AbstractTickableSoundInstance	net.minecraft.client.resources.sounds.AbstractTickableSoundInstance
class_1102	AbstractSoundInstance	net.minecraft.client.resources.sounds.AbstractSoundInstance
class_1103	ElytraOnPlayerSoundInstance	net.minecraft.client.resources.sounds.ElytraOnPlayerSoundInstance
class_1104	AmbientSoundHandler	net.minecraft.client.resources.sounds.AmbientSoundHandler
class_1105	GuardianAttackSoundInstance	net.minecraft.client.resources.sounds.GuardianAttackSoundInstance
class_1106	EntityBoundSoundInstance	net.minecraft.client.resources.sounds.EntityBoundSoundInstance
class_1107	RidingMinecartSoundInstance	net.minecraft.client.resources.sounds.RidingMinecartSoundInstance
class_1108	MinecartSoundInstance	net.minecraft.client.resources.sounds.MinecartSoundInstance
class_1109	SimpleSoundInstance	net.minecraft.client.resources.sounds.SimpleSoundInstance
class_111	ExplorationMapFunction	net.minecraft.world.level.storage.loot.functions.ExplorationMapFunction
class_1110	SoundEventRegistration	net.minecraft.client.resources.sounds.SoundEventRegistration
class_1111	Sound	net.minecraft.client.resources.sounds.Sound
class_1113	SoundInstance	net.minecraft.client.resources.sounds.SoundInstance
class_1115	SoundEventRegistrationSerializer	net.minecraft.client.resources.sounds.SoundEventRegistrationSerializer
class_1116	UnderwaterAmbientSoundHandler	net.minecraft.client.resources.sounds.UnderwaterAmbientSoundHandler
class_1117	TickableSoundInstance	net.minecraft.client.resources.sounds.TickableSoundInstance
class_1118	UnderwaterAmbientSoundInstances	net.minecraft.client.resources.sounds.UnderwaterAmbientSoundInstances
class_1121	IdSearchTree	net.minecraft.client.searchtree.IdSearchTree
class_1122	IntersectionIterator	net.minecraft.client.searchtree.IntersectionIterator
class_1123	RefreshableSearchTree	net.minecraft.client.searchtree.RefreshableSearchTree
class_1124	SearchRegistry	net.minecraft.client.searchtree.SearchRegistry
class_1126	FullTextSearchTree	net.minecraft.client.searchtree.FullTextSearchTree
class_1127	MergingUniqueIterator	net.minecraft.client.searchtree.MergingUniqueIterator
class_1128	SuffixArray	net.minecraft.client.searchtree.SuffixArray
class_1129	SearchTree	net.minecraft.client.searchtree.SearchTree
class_1130	IntegratedPlayerList	net.minecraft.client.server.IntegratedPlayerList
class_1131	LanServer	net.minecraft.client.server.LanServer
class_1132	IntegratedServer	net.minecraft.client.server.IntegratedServer
class_1133	LanServerPinger	net.minecraft.client.server.LanServerPinger
class_1134	LanServerDetection	net.minecraft.client.server.LanServerDetection
class_114	LimitCount	net.minecraft.world.level.storage.loot.functions.LimitCount
class_1140	SoundEngine	net.minecraft.client.sounds.SoundEngine
class_1142	MusicManager	net.minecraft.client.sounds.MusicManager
class_1143	Musics	net.minecraft.sounds.Musics
class_1144	SoundManager	net.minecraft.client.sounds.SoundManager
class_1145	SoundEventListener	net.minecraft.client.sounds.SoundEventListener
class_1146	WeighedSoundEvents	net.minecraft.client.sounds.WeighedSoundEvents
class_1148	Weighted	net.minecraft.client.sounds.Weighted
class_1149	CraftPlanksTutorialStep	net.minecraft.client.tutorial.CraftPlanksTutorialStep
class_1150	CompletedTutorialStepInstance	net.minecraft.client.tutorial.CompletedTutorialStepInstance
class_1151	MovementTutorialStepInstance	net.minecraft.client.tutorial.MovementTutorialStepInstance
class_1152	FindTreeTutorialStepInstance	net.minecraft.client.tutorial.FindTreeTutorialStepInstance
class_1153	PunchTreeTutorialStepInstance	net.minecraft.client.tutorial.PunchTreeTutorialStepInstance
class_1154	OpenInventoryTutorialStep	net.minecraft.client.tutorial.OpenInventoryTutorialStep
class_1155	TutorialStepInstance	net.minecraft.client.tutorial.TutorialStepInstance
class_1156	Tutorial	net.minecraft.client.tutorial.Tutorial
class_1157	TutorialSteps	net.minecraft.client.tutorial.TutorialSteps
class_116	FunctionUserBuilder	net.minecraft.world.level.storage.loot.functions.FunctionUserBuilder
class_1163	BiomeColors	net.minecraft.client.renderer.BiomeColors
class_1165	EntityRedundantChanceTagsFix	net.minecraft.util.datafix.fixes.EntityRedundantChanceTagsFix
class_1166	EntityRidingToPassengersFix	net.minecraft.util.datafix.fixes.EntityRidingToPassengersFix
class_1167	EntityRenameFix	net.minecraft.util.datafix.fixes.EntityRenameFix
class_1168	EntitySkeletonSplitFix	net.minecraft.util.datafix.fixes.EntitySkeletonSplitFix
class_1169	EntityShulkerColorFix	net.minecraft.util.datafix.fixes.EntityShulkerColorFix
class_117	LootItemFunction	net.minecraft.world.level.storage.loot.functions.LootItemFunction
class_1170	EntityTheRenameningFix	net.minecraft.util.datafix.fixes.EntityTheRenameningFix
class_1171	EntityStringUuidFix	net.minecraft.util.datafix.fixes.EntityStringUuidFix
class_1172	EntityWolfColorFix	net.minecraft.util.datafix.fixes.EntityWolfColorFix
class_1173	EntityTippedArrowFix	net.minecraft.util.datafix.fixes.EntityTippedArrowFix
class_1174	EntityZombieVillagerTypeFix	net.minecraft.util.datafix.fixes.EntityZombieVillagerTypeFix
class_1175	EntityZombieSplitFix	net.minecraft.util.datafix.fixes.EntityZombieSplitFix
class_1176	IglooMetadataRemovalFix	net.minecraft.util.datafix.fixes.IglooMetadataRemovalFix
class_1177	HeightmapRenamingFix	net.minecraft.util.datafix.fixes.HeightmapRenamingFix
class_1178	ItemCustomNameToComponentFix	net.minecraft.util.datafix.fixes.ItemCustomNameToComponentFix
class_1179	ItemBannerColorFix	net.minecraft.util.datafix.fixes.ItemBannerColorFix
class_1180	ItemLoreFix	net.minecraft.util.datafix.fixes.ItemLoreFix
class_1181	ItemIdFix	net.minecraft.util.datafix.fixes.ItemIdFix
class_1182	ItemRenameFix	net.minecraft.util.datafix.fixes.ItemRenameFix
class_1183	ItemPotionFix	net.minecraft.util.datafix.fixes.ItemPotionFix
class_1184	ItemSpawnEggFix	net.minecraft.util.datafix.fixes.ItemSpawnEggFix
class_1185	ItemShulkerBoxColorFix	net.minecraft.util.datafix.fixes.ItemShulkerBoxColorFix
class_1186	ItemStackMapIdFix	net.minecraft.util.datafix.fixes.ItemStackMapIdFix
class_1187	ItemStackEnchantmentNamesFix	net.minecraft.util.datafix.fixes.ItemStackEnchantmentNamesFix
class_1188	ItemStackTheFlatteningFix	net.minecraft.util.datafix.fixes.ItemStackTheFlatteningFix
class_1189	ItemStackSpawnEggFix	net.minecraft.util.datafix.fixes.ItemStackSpawnEggFix
class_1190	ItemWaterPotionFix	net.minecraft.util.datafix.fixes.ItemWaterPotionFix
class_1191	LeavesFix	net.minecraft.util.datafix.fixes.LeavesFix
class_1194	ItemWrittenBookPagesStrictJsonFix	net.minecraft.util.datafix.fixes.ItemWrittenBookPagesStrictJsonFix
class_1195	LevelFlatGeneratorInfoFix	net.minecraft.util.datafix.fixes.LevelFlatGeneratorInfoFix
class_1196	LevelDataGeneratorOptionsFix	net.minecraft.util.datafix.fixes.LevelDataGeneratorOptionsFix
class_1197	NamedEntityFix	net.minecraft.util.datafix.fixes.NamedEntityFix
class_1198	MobSpawnerEntityIdentifiersFix	net.minecraft.util.datafix.fixes.MobSpawnerEntityIdentifiersFix
class_1199	ObjectiveRenderTypeFix	net.minecraft.util.datafix.fixes.ObjectiveRenderTypeFix
class_12	SwimNodeEvaluator	net.minecraft.world.level.pathfinder.SwimNodeEvaluator
class_120	LootItemConditionalFunction	net.minecraft.world.level.storage.loot.functions.LootItemConditionalFunction
class_1200	ObjectiveDisplayNameFix	net.minecraft.util.datafix.fixes.ObjectiveDisplayNameFix
class_1201	OptionsKeyLwjgl3Fix	net.minecraft.util.datafix.fixes.OptionsKeyLwjgl3Fix
class_1202	OptionsForceVBOFix	net.minecraft.util.datafix.fixes.OptionsForceVBOFix
class_1203	OptionsLowerCaseLanguageFix	net.minecraft.util.datafix.fixes.OptionsLowerCaseLanguageFix
class_1204	OptionsKeyTranslationFix	net.minecraft.util.datafix.fixes.OptionsKeyTranslationFix
class_1205	RecipesRenameningFix	net.minecraft.util.datafix.fixes.RecipesRenameningFix
class_1206	RecipesFix	net.minecraft.util.datafix.fixes.RecipesFix
class_1207	RenamedCoralFansFix	net.minecraft.util.datafix.fixes.RenamedCoralFansFix
class_1208	References	net.minecraft.util.datafix.fixes.References
class_1210	RenamedCoralFix	net.minecraft.util.datafix.fixes.RenamedCoralFix
class_1211	SimplestEntityRenameFix	net.minecraft.util.datafix.fixes.SimplestEntityRenameFix
class_1212	SimpleEntityRenameFix	net.minecraft.util.datafix.fixes.SimpleEntityRenameFix
class_1213	StatsRenameFix	net.minecraft.util.datafix.fixes.StatsRenameFix
class_1214	StatsCounterFix	net.minecraft.util.datafix.fixes.StatsCounterFix
class_1215	TrappedChestBlockEntityFix	net.minecraft.util.datafix.fixes.TrappedChestBlockEntityFix
class_1217	TeamDisplayNameFix	net.minecraft.util.datafix.fixes.TeamDisplayNameFix
class_1218	WriteAndReadFix	net.minecraft.util.datafix.fixes.WriteAndReadFix
class_1219	VillagerTradeFix	net.minecraft.util.datafix.fixes.VillagerTradeFix
class_1220	NamespacedSchema	net.minecraft.util.datafix.schemas.NamespacedSchema
class_1221	V102	net.minecraft.util.datafix.schemas.V102
class_1222	V100	net.minecraft.util.datafix.schemas.V100
class_1223	V106	net.minecraft.util.datafix.schemas.V106
class_1224	V1022	net.minecraft.util.datafix.schemas.V1022
class_1225	V1125	net.minecraft.util.datafix.schemas.V1125
class_1226	V107	net.minecraft.util.datafix.schemas.V107
class_1227	V143	net.minecraft.util.datafix.schemas.V143
class_1228	V135	net.minecraft.util.datafix.schemas.V135
class_1229	V1451_1	net.minecraft.util.datafix.schemas.V1451_1
class_1230	V1451	net.minecraft.util.datafix.schemas.V1451
class_1231	V1451_3	net.minecraft.util.datafix.schemas.V1451_3
class_1232	V1451_2	net.minecraft.util.datafix.schemas.V1451_2
class_1233	V1451_5	net.minecraft.util.datafix.schemas.V1451_5
class_1234	V1451_4	net.minecraft.util.datafix.schemas.V1451_4
class_1236	V1451_6	net.minecraft.util.datafix.schemas.V1451_6
class_1237	V1466	net.minecraft.util.datafix.schemas.V1466
class_1238	V1460	net.minecraft.util.datafix.schemas.V1460
class_1239	V1481	net.minecraft.util.datafix.schemas.V1481
class_124	ChatFormatting	net.minecraft.ChatFormatting
class_1240	V1470	net.minecraft.util.datafix.schemas.V1470
class_1241	V1486	net.minecraft.util.datafix.schemas.V1486
class_1242	V1483	net.minecraft.util.datafix.schemas.V1483
class_1243	V1510	net.minecraft.util.datafix.schemas.V1510
class_1244	V1801	net.minecraft.util.datafix.schemas.V1801
class_1245	V1800	net.minecraft.util.datafix.schemas.V1800
class_1246	V700	net.minecraft.util.datafix.schemas.V700
class_1247	V501	net.minecraft.util.datafix.schemas.V501
class_1248	V702	net.minecraft.util.datafix.schemas.V702
class_1249	V701	net.minecraft.util.datafix.schemas.V701
class_125	LootingEnchantFunction	net.minecraft.world.level.storage.loot.functions.LootingEnchantFunction
class_1250	V704	net.minecraft.util.datafix.schemas.V704
class_1251	V703	net.minecraft.util.datafix.schemas.V703
class_1252	V808	net.minecraft.util.datafix.schemas.V808
class_1253	V705	net.minecraft.util.datafix.schemas.V705
class_1254	V99	net.minecraft.util.datafix.schemas.V99
class_1255	BlockableEventLoop	net.minecraft.util.thread.BlockableEventLoop
class_1257	WorldUpgrader	net.minecraft.util.worldupdate.WorldUpgrader
class_1258	CompoundContainer	net.minecraft.world.CompoundContainer
class_1259	BossEvent	net.minecraft.world.BossEvent
class_1262	ContainerHelper	net.minecraft.world.ContainerHelper
class_1263	Container	net.minecraft.world.Container
class_1264	Containers	net.minecraft.world.Containers
class_1265	ContainerListener	net.minecraft.world.ContainerListener
class_1266	DifficultyInstance	net.minecraft.world.DifficultyInstance
class_1267	Difficulty	net.minecraft.world.Difficulty
class_1268	InteractionHand	net.minecraft.world.InteractionHand
class_1269	InteractionResult	net.minecraft.world.InteractionResult
class_1270	MenuConstructor	net.minecraft.world.inventory.MenuConstructor
class_1271	InteractionResultHolder	net.minecraft.world.InteractionResultHolder
class_1273	LockCode	net.minecraft.world.LockCode
class_1275	Nameable	net.minecraft.world.Nameable
class_1277	SimpleContainer	net.minecraft.world.SimpleContainer
class_1278	WorldlyContainer	net.minecraft.world.WorldlyContainer
class_128	CrashReport	net.minecraft.CrashReport
class_1280	CombatRules	net.minecraft.world.damagesource.CombatRules
class_1281	CombatEntry	net.minecraft.world.damagesource.CombatEntry
class_1282	DamageSource	net.minecraft.world.damagesource.DamageSource
class_1283	CombatTracker	net.minecraft.world.damagesource.CombatTracker
class_1287	AttackDamageMobEffect	net.minecraft.world.effect.AttackDamageMobEffect
class_1288	AbsoptionMobEffect	net.minecraft.world.effect.AbsoptionMobEffect
class_1289	InstantenousMobEffect	net.minecraft.world.effect.InstantenousMobEffect
class_129	CrashReportCategory	net.minecraft.CrashReportCategory
class_1290	HealthBoostMobEffect	net.minecraft.world.effect.HealthBoostMobEffect
class_1291	MobEffect	net.minecraft.world.effect.MobEffect
class_1292	MobEffectUtil	net.minecraft.world.effect.MobEffectUtil
class_1293	MobEffectInstance	net.minecraft.world.effect.MobEffectInstance
class_1294	MobEffects	net.minecraft.world.effect.MobEffects
class_1295	AreaEffectCloud	net.minecraft.world.entity.AreaEffectCloud
class_1296	AgeableMob	net.minecraft.world.entity.AgeableMob
class_1297	Entity	net.minecraft.world.entity.Entity
class_1299	EntityType	net.minecraft.world.entity.EntityType
class_13	PathFinder	net.minecraft.world.level.pathfinder.PathFinder
class_1301	EntitySelector	net.minecraft.world.entity.EntitySelector
class_1303	ExperienceOrb	net.minecraft.world.entity.ExperienceOrb
class_1304	EquipmentSlot	net.minecraft.world.entity.EquipmentSlot
class_1306	HumanoidArm	net.minecraft.world.entity.HumanoidArm
class_1307	FlyingMob	net.minecraft.world.entity.FlyingMob
class_1308	Mob	net.minecraft.world.entity.Mob
class_1309	LivingEntity	net.minecraft.world.entity.LivingEntity
class_131	LootItemFunctions	net.minecraft.world.level.storage.loot.functions.LootItemFunctions
class_1310	MobType	net.minecraft.world.entity.MobType
class_1311	MobCategory	net.minecraft.world.entity.MobCategory
class_1313	MoverType	net.minecraft.world.entity.MoverType
class_1314	PathfinderMob	net.minecraft.world.entity.PathfinderMob
class_1315	SpawnGroupData	net.minecraft.world.entity.SpawnGroupData
class_1316	PlayerRideableJumping	net.minecraft.world.entity.PlayerRideableJumping
class_1317	SpawnPlacements	net.minecraft.world.entity.SpawnPlacements
class_1320	Attribute	net.minecraft.world.entity.ai.attributes.Attribute
class_1321	TamableAnimal	net.minecraft.world.entity.TamableAnimal
class_1322	AttributeModifier	net.minecraft.world.entity.ai.attributes.AttributeModifier
class_1324	AttributeInstance	net.minecraft.world.entity.ai.attributes.AttributeInstance
class_1329	RangedAttribute	net.minecraft.world.entity.ai.attributes.RangedAttribute
class_133	CrashReportDetail	net.minecraft.CrashReportDetail
class_1330	BodyRotationControl	net.minecraft.world.entity.ai.control.BodyRotationControl
class_1331	FlyingMoveControl	net.minecraft.world.entity.ai.control.FlyingMoveControl
class_1332	SmoothSwimmingLookControl	net.minecraft.world.entity.ai.control.SmoothSwimmingLookControl
class_1333	LookControl	net.minecraft.world.entity.ai.control.LookControl
class_1334	JumpControl	net.minecraft.world.entity.ai.control.JumpControl
class_1335	MoveControl	net.minecraft.world.entity.ai.control.MoveControl
class_1337	BegGoal	net.minecraft.world.entity.ai.goal.BegGoal
class_1338	AvoidEntityGoal	net.minecraft.world.entity.ai.goal.AvoidEntityGoal
class_1339	BreakDoorGoal	net.minecraft.world.entity.ai.goal.BreakDoorGoal
class_134	SetContainerContents	net.minecraft.world.level.storage.loot.functions.SetContainerContents
class_1340	BoatGoals	net.minecraft.world.entity.ai.goal.BoatGoals
class_1341	BreedGoal	net.minecraft.world.entity.ai.goal.BreedGoal
class_1342	BreathAirGoal	net.minecraft.world.entity.ai.goal.BreathAirGoal
class_1343	DoorInteractGoal	net.minecraft.world.entity.ai.goal.DoorInteractGoal
class_1344	FleeSunGoal	net.minecraft.world.entity.ai.goal.FleeSunGoal
class_1345	EatBlockGoal	net.minecraft.world.entity.ai.goal.EatBlockGoal
class_1346	FollowBoatGoal	net.minecraft.world.entity.ai.goal.FollowBoatGoal
class_1347	FloatGoal	net.minecraft.world.entity.ai.goal.FloatGoal
class_1348	FollowMobGoal	net.minecraft.world.entity.ai.goal.FollowMobGoal
class_1349	FollowFlockLeaderGoal	net.minecraft.world.entity.ai.goal.FollowFlockLeaderGoal
class_1350	FollowOwnerGoal	net.minecraft.world.entity.ai.goal.FollowOwnerGoal
class_1352	Goal	net.minecraft.world.entity.ai.goal.Goal
class_1353	FollowParentGoal	net.minecraft.world.entity.ai.goal.FollowParentGoal
class_1355	GoalSelector	net.minecraft.world.entity.ai.goal.GoalSelector
class_1357	DolphinJumpGoal	net.minecraft.world.entity.ai.goal.DolphinJumpGoal
class_1358	InteractGoal	net.minecraft.world.entity.ai.goal.InteractGoal
class_1359	LeapAtTargetGoal	net.minecraft.world.entity.ai.goal.LeapAtTargetGoal
class_1360	LandOnOwnersShoulderGoal	net.minecraft.world.entity.ai.goal.LandOnOwnersShoulderGoal
class_1361	LookAtPlayerGoal	net.minecraft.world.entity.ai.goal.LookAtPlayerGoal
class_1362	LlamaFollowCaravanGoal	net.minecraft.world.entity.ai.goal.LlamaFollowCaravanGoal
class_1364	LookAtTradingPlayerGoal	net.minecraft.world.entity.ai.goal.LookAtTradingPlayerGoal
class_1366	MeleeAttackGoal	net.minecraft.world.entity.ai.goal.MeleeAttackGoal
class_1367	MoveToBlockGoal	net.minecraft.world.entity.ai.goal.MoveToBlockGoal
class_1368	MoveThroughVillageGoal	net.minecraft.world.entity.ai.goal.MoveThroughVillageGoal
class_1369	MoveTowardsTargetGoal	net.minecraft.world.entity.ai.goal.MoveTowardsTargetGoal
class_137	SetAttributesFunction	net.minecraft.world.level.storage.loot.functions.SetAttributesFunction
class_1370	MoveTowardsRestrictionGoal	net.minecraft.world.entity.ai.goal.MoveTowardsRestrictionGoal
class_1371	OcelotAttackGoal	net.minecraft.world.entity.ai.goal.OcelotAttackGoal
class_1372	OfferFlowerGoal	net.minecraft.world.entity.ai.goal.OfferFlowerGoal
class_1373	CatSitOnBlockGoal	net.minecraft.world.entity.ai.goal.CatSitOnBlockGoal
class_1374	PanicGoal	net.minecraft.world.entity.ai.goal.PanicGoal
class_1376	RandomLookAroundGoal	net.minecraft.world.entity.ai.goal.RandomLookAroundGoal
class_1378	RandomSwimmingGoal	net.minecraft.world.entity.ai.goal.RandomSwimmingGoal
class_1379	RandomStrollGoal	net.minecraft.world.entity.ai.goal.RandomStrollGoal
class_1380	RangedBowAttackGoal	net.minecraft.world.entity.ai.goal.RangedBowAttackGoal
class_1381	RangedAttackGoal	net.minecraft.world.entity.ai.goal.RangedAttackGoal
class_1382	RemoveBlockGoal	net.minecraft.world.entity.ai.goal.RemoveBlockGoal
class_1383	RangedCrossbowAttackGoal	net.minecraft.world.entity.ai.goal.RangedCrossbowAttackGoal
class_1384	RestrictSunGoal	net.minecraft.world.entity.ai.goal.RestrictSunGoal
class_1386	SitWhenOrderedToGoal	net.minecraft.world.entity.ai.goal.SitWhenOrderedToGoal
class_1387	RunAroundLikeCrazyGoal	net.minecraft.world.entity.ai.goal.RunAroundLikeCrazyGoal
class_1389	SwellGoal	net.minecraft.world.entity.ai.goal.SwellGoal
class_1390	TradeWithPlayerGoal	net.minecraft.world.entity.ai.goal.TradeWithPlayerGoal
class_1391	TemptGoal	net.minecraft.world.entity.ai.goal.TemptGoal
class_1393	TryFindWaterGoal	net.minecraft.world.entity.ai.goal.TryFindWaterGoal
class_1394	WaterAvoidingRandomStrollGoal	net.minecraft.world.entity.ai.goal.WaterAvoidingRandomStrollGoal
class_1395	WaterAvoidingRandomFlyingGoal	net.minecraft.world.entity.ai.goal.WaterAvoidingRandomFlyingGoal
class_1396	ZombieAttackGoal	net.minecraft.world.entity.ai.goal.ZombieAttackGoal
class_1397	DefendVillageTargetGoal	net.minecraft.world.entity.ai.goal.target.DefendVillageTargetGoal
class_1399	HurtByTargetGoal	net.minecraft.world.entity.ai.goal.target.HurtByTargetGoal
class_14	WalkNodeEvaluator	net.minecraft.world.level.pathfinder.WalkNodeEvaluator
class_140	DefaultUncaughtExceptionHandler	net.minecraft.DefaultUncaughtExceptionHandler
class_1400	NearestAttackableTargetGoal	net.minecraft.world.entity.ai.goal.target.NearestAttackableTargetGoal
class_1403	OwnerHurtByTargetGoal	net.minecraft.world.entity.ai.goal.target.OwnerHurtByTargetGoal
class_1404	NonTameRandomTargetGoal	net.minecraft.world.entity.ai.goal.target.NonTameRandomTargetGoal
class_1405	TargetGoal	net.minecraft.world.entity.ai.goal.target.TargetGoal
class_1406	OwnerHurtTargetGoal	net.minecraft.world.entity.ai.goal.target.OwnerHurtTargetGoal
class_1407	FlyingPathNavigation	net.minecraft.world.entity.ai.navigation.FlyingPathNavigation
class_1408	PathNavigation	net.minecraft.world.entity.ai.navigation.PathNavigation
class_1409	GroundPathNavigation	net.minecraft.world.entity.ai.navigation.GroundPathNavigation
class_141	SetItemCountFunction	net.minecraft.world.level.storage.loot.functions.SetItemCountFunction
class_1410	WallClimberNavigation	net.minecraft.world.entity.ai.navigation.WallClimberNavigation
class_1412	WaterBoundPathNavigation	net.minecraft.world.entity.ai.navigation.WaterBoundPathNavigation
class_1413	Sensing	net.minecraft.world.entity.ai.sensing.Sensing
class_1419	VillageSiege	net.minecraft.world.entity.ai.village.VillageSiege
class_1420	Bat	net.minecraft.world.entity.ambient.Bat
class_1421	AmbientCreature	net.minecraft.world.entity.ambient.AmbientCreature
class_1422	AbstractFish	net.minecraft.world.entity.animal.AbstractFish
class_1425	AbstractSchoolingFish	net.minecraft.world.entity.animal.AbstractSchoolingFish
class_1427	AbstractGolem	net.minecraft.world.entity.animal.AbstractGolem
class_1428	Chicken	net.minecraft.world.entity.animal.Chicken
class_1429	Animal	net.minecraft.world.entity.animal.Animal
class_143	DefaultUncaughtExceptionHandlerWithName	net.minecraft.DefaultUncaughtExceptionHandlerWithName
class_1430	Cow	net.minecraft.world.entity.animal.Cow
class_1431	Cod	net.minecraft.world.entity.animal.Cod
class_1432	FlyingAnimal	net.minecraft.world.entity.animal.FlyingAnimal
class_1433	Dolphin	net.minecraft.world.entity.animal.Dolphin
class_1438	MushroomCow	net.minecraft.world.entity.animal.MushroomCow
class_1439	IronGolem	net.minecraft.world.entity.animal.IronGolem
class_144	SetContainerLootTable	net.minecraft.world.level.storage.loot.functions.SetContainerLootTable
class_1440	Panda	net.minecraft.world.entity.animal.Panda
class_1451	Cat	net.minecraft.world.entity.animal.Cat
class_1452	Pig	net.minecraft.world.entity.animal.Pig
class_1453	Parrot	net.minecraft.world.entity.animal.Parrot
class_1454	Pufferfish	net.minecraft.world.entity.animal.Pufferfish
class_1456	PolarBear	net.minecraft.world.entity.animal.PolarBear
class_1462	Salmon	net.minecraft.world.entity.animal.Salmon
class_1463	Rabbit	net.minecraft.world.entity.animal.Rabbit
class_1471	ShoulderRidingEntity	net.minecraft.world.entity.animal.ShoulderRidingEntity
class_1472	Sheep	net.minecraft.world.entity.animal.Sheep
class_1473	SnowGolem	net.minecraft.world.entity.animal.SnowGolem
class_1474	TropicalFish	net.minecraft.world.entity.animal.TropicalFish
class_1477	Squid	net.minecraft.world.entity.animal.Squid
class_148	ReportedException	net.minecraft.ReportedException
class_1480	WaterAnimal	net.minecraft.world.entity.animal.WaterAnimal
class_1481	Turtle	net.minecraft.world.entity.animal.Turtle
class_149	SetItemDamageFunction	net.minecraft.world.level.storage.loot.functions.SetItemDamageFunction
class_1492	AbstractChestedHorse	net.minecraft.world.entity.animal.horse.AbstractChestedHorse
class_1493	Wolf	net.minecraft.world.entity.animal.Wolf
class_1495	Donkey	net.minecraft.world.entity.animal.horse.Donkey
class_1496	AbstractHorse	net.minecraft.world.entity.animal.horse.AbstractHorse
class_1498	Horse	net.minecraft.world.entity.animal.horse.Horse
class_15	AmphibiousNodeEvaluator	net.minecraft.world.level.pathfinder.AmphibiousNodeEvaluator
class_1500	Mule	net.minecraft.world.entity.animal.horse.Mule
class_1501	Llama	net.minecraft.world.entity.animal.horse.Llama
class_1505	SkeletonTrapGoal	net.minecraft.world.entity.animal.horse.SkeletonTrapGoal
class_1506	SkeletonHorse	net.minecraft.world.entity.animal.horse.SkeletonHorse
class_1507	ZombieHorse	net.minecraft.world.entity.animal.horse.ZombieHorse
class_1508	EnderDragonPart	net.minecraft.world.entity.boss.EnderDragonPart
class_151	ResourceLocationException	net.minecraft.ResourceLocationException
class_1510	EnderDragon	net.minecraft.world.entity.boss.enderdragon.EnderDragon
class_1511	EndCrystal	net.minecraft.world.entity.boss.enderdragon.EndCrystal
class_1512	AbstractDragonPhaseInstance	net.minecraft.world.entity.boss.enderdragon.phases.AbstractDragonPhaseInstance
class_1513	DragonChargePlayerPhase	net.minecraft.world.entity.boss.enderdragon.phases.DragonChargePlayerPhase
class_1514	AbstractDragonSittingPhase	net.minecraft.world.entity.boss.enderdragon.phases.AbstractDragonSittingPhase
class_1515	DragonDeathPhase	net.minecraft.world.entity.boss.enderdragon.phases.DragonDeathPhase
class_1516	DragonHoverPhase	net.minecraft.world.entity.boss.enderdragon.phases.DragonHoverPhase
class_1517	DragonHoldingPatternPhase	net.minecraft.world.entity.boss.enderdragon.phases.DragonHoldingPatternPhase
class_1518	DragonLandingPhase	net.minecraft.world.entity.boss.enderdragon.phases.DragonLandingPhase
class_1519	DragonLandingApproachPhase	net.minecraft.world.entity.boss.enderdragon.phases.DragonLandingApproachPhase
class_152	SetStewEffectFunction	net.minecraft.world.level.storage.loot.functions.SetStewEffectFunction
class_1520	DragonSittingAttackingPhase	net.minecraft.world.entity.boss.enderdragon.phases.DragonSittingAttackingPhase
class_1521	DragonPhaseInstance	net.minecraft.world.entity.boss.enderdragon.phases.DragonPhaseInstance
class_1522	DragonSittingScanningPhase	net.minecraft.world.entity.boss.enderdragon.phases.DragonSittingScanningPhase
class_1523	DragonSittingFlamingPhase	net.minecraft.world.entity.boss.enderdragon.phases.DragonSittingFlamingPhase
class_1524	DragonTakeoffPhase	net.minecraft.world.entity.boss.enderdragon.phases.DragonTakeoffPhase
class_1525	DragonStrafePlayerPhase	net.minecraft.world.entity.boss.enderdragon.phases.DragonStrafePlayerPhase
class_1526	EnderDragonPhaseManager	net.minecraft.world.entity.boss.enderdragon.phases.EnderDragonPhaseManager
class_1527	EnderDragonPhase	net.minecraft.world.entity.boss.enderdragon.phases.EnderDragonPhase
class_1528	WitherBoss	net.minecraft.world.entity.boss.wither.WitherBoss
class_1530	HangingEntity	net.minecraft.world.entity.decoration.HangingEntity
class_1531	ArmorStand	net.minecraft.world.entity.decoration.ArmorStand
class_1532	LeashFenceKnotEntity	net.minecraft.world.entity.decoration.LeashFenceKnotEntity
class_1533	ItemFrame	net.minecraft.world.entity.decoration.ItemFrame
class_1534	Painting	net.minecraft.world.entity.decoration.Painting
class_1535	PaintingVariant	net.minecraft.world.entity.decoration.PaintingVariant
class_1536	FishingHook	net.minecraft.world.entity.projectile.FishingHook
class_1538	LightningBolt	net.minecraft.world.entity.LightningBolt
class_1540	FallingBlockEntity	net.minecraft.world.entity.item.FallingBlockEntity
class_1541	PrimedTnt	net.minecraft.world.entity.item.PrimedTnt
class_1542	ItemEntity	net.minecraft.world.entity.item.ItemEntity
class_1543	AbstractIllager	net.minecraft.world.entity.monster.AbstractIllager
class_1545	Blaze	net.minecraft.world.entity.monster.Blaze
class_1547	AbstractSkeleton	net.minecraft.world.entity.monster.AbstractSkeleton
class_1548	Creeper	net.minecraft.world.entity.monster.Creeper
class_1549	CaveSpider	net.minecraft.world.entity.monster.CaveSpider
class_155	SharedConstants	net.minecraft.SharedConstants
class_1550	ElderGuardian	net.minecraft.world.entity.monster.ElderGuardian
class_1551	Drowned	net.minecraft.world.entity.monster.Drowned
class_1559	Endermite	net.minecraft.world.entity.monster.Endermite
class_156	Util	net.minecraft.Util
class_1560	EnderMan	net.minecraft.world.entity.monster.EnderMan
class_1564	Evoker	net.minecraft.world.entity.monster.Evoker
class_1569	Enemy	net.minecraft.world.entity.monster.Enemy
class_1570	Giant	net.minecraft.world.entity.monster.Giant
class_1571	Ghast	net.minecraft.world.entity.monster.Ghast
class_1576	Husk	net.minecraft.world.entity.monster.Husk
class_1577	Guardian	net.minecraft.world.entity.monster.Guardian
class_1581	Illusioner	net.minecraft.world.entity.monster.Illusioner
class_1584	Ravager	net.minecraft.world.entity.monster.Ravager
class_1588	Monster	net.minecraft.world.entity.monster.Monster
class_1589	MagmaCube	net.minecraft.world.entity.monster.MagmaCube
class_159	SetNbtFunction	net.minecraft.world.level.storage.loot.functions.SetNbtFunction
class_1590	ZombifiedPiglin	net.minecraft.world.entity.monster.ZombifiedPiglin
class_1593	Phantom	net.minecraft.world.entity.monster.Phantom
class_1603	RangedAttackMob	net.minecraft.world.entity.monster.RangedAttackMob
class_1604	Pillager	net.minecraft.world.entity.monster.Pillager
class_1606	Shulker	net.minecraft.world.entity.monster.Shulker
class_161	Advancement	net.minecraft.advancements.Advancement
class_1613	Skeleton	net.minecraft.world.entity.monster.Skeleton
class_1614	Silverfish	net.minecraft.world.entity.monster.Silverfish
class_1617	SpellcasterIllager	net.minecraft.world.entity.monster.SpellcasterIllager
class_1621	Slime	net.minecraft.world.entity.monster.Slime
class_1627	Stray	net.minecraft.world.entity.monster.Stray
class_1628	Spider	net.minecraft.world.entity.monster.Spider
class_163	AdvancementList	net.minecraft.advancements.AdvancementList
class_1632	Vindicator	net.minecraft.world.entity.monster.Vindicator
class_1634	Vex	net.minecraft.world.entity.monster.Vex
class_1639	WitherSkeleton	net.minecraft.world.entity.monster.WitherSkeleton
class_1640	Witch	net.minecraft.world.entity.monster.Witch
class_1641	ZombieVillager	net.minecraft.world.entity.monster.ZombieVillager
class_1642	Zombie	net.minecraft.world.entity.monster.Zombie
class_1645	ClientSideMerchant	net.minecraft.world.entity.npc.ClientSideMerchant
class_1646	Villager	net.minecraft.world.entity.npc.Villager
class_165	SmeltItemFunction	net.minecraft.world.level.storage.loot.functions.SmeltItemFunction
class_1655	Npc	net.minecraft.world.entity.npc.Npc
class_1656	Abilities	net.minecraft.world.entity.player.Abilities
class_1657	Player	net.minecraft.world.entity.player.Player
class_1659	ChatVisiblity	net.minecraft.world.entity.player.ChatVisiblity
class_1661	Inventory	net.minecraft.world.entity.player.Inventory
class_1662	StackedContents	net.minecraft.world.entity.player.StackedContents
class_1664	PlayerModelPart	net.minecraft.world.entity.player.PlayerModelPart
class_1665	AbstractArrow	net.minecraft.world.entity.projectile.AbstractArrow
class_1667	Arrow	net.minecraft.world.entity.projectile.Arrow
class_1668	AbstractHurtingProjectile	net.minecraft.world.entity.projectile.AbstractHurtingProjectile
class_1669	EvokerFangs	net.minecraft.world.entity.projectile.EvokerFangs
class_167	AdvancementProgress	net.minecraft.advancements.AdvancementProgress
class_1670	DragonFireball	net.minecraft.world.entity.projectile.DragonFireball
class_1671	FireworkRocketEntity	net.minecraft.world.entity.projectile.FireworkRocketEntity
class_1672	EyeOfEnder	net.minecraft.world.entity.projectile.EyeOfEnder
class_1673	LlamaSpit	net.minecraft.world.entity.projectile.LlamaSpit
class_1674	LargeFireball	net.minecraft.world.entity.projectile.LargeFireball
class_1675	ProjectileUtil	net.minecraft.world.entity.projectile.ProjectileUtil
class_1676	Projectile	net.minecraft.world.entity.projectile.Projectile
class_1677	SmallFireball	net.minecraft.world.entity.projectile.SmallFireball
class_1678	ShulkerBullet	net.minecraft.world.entity.projectile.ShulkerBullet
class_1679	SpectralArrow	net.minecraft.world.entity.projectile.SpectralArrow
class_1680	Snowball	net.minecraft.world.entity.projectile.Snowball
class_1681	ThrownEgg	net.minecraft.world.entity.projectile.ThrownEgg
class_1682	ThrowableProjectile	net.minecraft.world.entity.projectile.ThrowableProjectile
class_1683	ThrownExperienceBottle	net.minecraft.world.entity.projectile.ThrownExperienceBottle
class_1684	ThrownEnderpearl	net.minecraft.world.entity.projectile.ThrownEnderpearl
class_1685	ThrownTrident	net.minecraft.world.entity.projectile.ThrownTrident
class_1686	ThrownPotion	net.minecraft.world.entity.projectile.ThrownPotion
class_1687	WitherSkull	net.minecraft.world.entity.projectile.WitherSkull
class_1688	AbstractMinecart	net.minecraft.world.entity.vehicle.AbstractMinecart
class_169	LootContextParam	net.minecraft.world.level.storage.loot.parameters.LootContextParam
class_1690	Boat	net.minecraft.world.entity.vehicle.Boat
class_1693	AbstractMinecartContainer	net.minecraft.world.entity.vehicle.AbstractMinecartContainer
class_1694	MinecartChest	net.minecraft.world.entity.vehicle.MinecartChest
class_1695	Minecart	net.minecraft.world.entity.vehicle.Minecart
class_1696	MinecartFurnace	net.minecraft.world.entity.vehicle.MinecartFurnace
class_1697	MinecartCommandBlock	net.minecraft.world.entity.vehicle.MinecartCommandBlock
class_1699	MinecartSpawner	net.minecraft.world.entity.vehicle.MinecartSpawner
class_17	MapBanner	net.minecraft.world.level.saveddata.maps.MapBanner
class_170	AdvancementRewards	net.minecraft.advancements.AdvancementRewards
class_1700	MinecartHopper	net.minecraft.world.entity.vehicle.MinecartHopper
class_1701	MinecartTNT	net.minecraft.world.entity.vehicle.MinecartTNT
class_1702	FoodData	net.minecraft.world.food.FoodData
class_1703	AbstractContainerMenu	net.minecraft.world.inventory.AbstractContainerMenu
class_1704	BeaconMenu	net.minecraft.world.inventory.BeaconMenu
class_1706	AnvilMenu	net.minecraft.world.inventory.AnvilMenu
class_1707	ChestMenu	net.minecraft.world.inventory.ChestMenu
class_1708	BrewingStandMenu	net.minecraft.world.inventory.BrewingStandMenu
class_1712	ContainerListener	net.minecraft.world.inventory.ContainerListener
class_1713	ClickType	net.minecraft.world.inventory.ClickType
class_1714	CraftingMenu	net.minecraft.world.inventory.CraftingMenu
class_1715	TransientCraftingContainer	net.minecraft.world.inventory.TransientCraftingContainer
class_1716	DispenserMenu	net.minecraft.world.inventory.DispenserMenu
class_1717	FurnaceFuelSlot	net.minecraft.world.inventory.FurnaceFuelSlot
class_1718	EnchantmentMenu	net.minecraft.world.inventory.EnchantmentMenu
class_1719	FurnaceResultSlot	net.minecraft.world.inventory.FurnaceResultSlot
class_1720	AbstractFurnaceMenu	net.minecraft.world.inventory.AbstractFurnaceMenu
class_1722	HopperMenu	net.minecraft.world.inventory.HopperMenu
class_1723	InventoryMenu	net.minecraft.world.inventory.InventoryMenu
class_1724	HorseInventoryMenu	net.minecraft.world.inventory.HorseInventoryMenu
class_1725	MerchantContainer	net.minecraft.world.inventory.MerchantContainer
class_1726	LoomMenu	net.minecraft.world.inventory.LoomMenu
class_1727	MerchantResultSlot	net.minecraft.world.inventory.MerchantResultSlot
class_1728	MerchantMenu	net.minecraft.world.inventory.MerchantMenu
class_1729	RecipeBookMenu	net.minecraft.world.inventory.RecipeBookMenu
class_173	LootContextParamSets	net.minecraft.world.level.storage.loot.parameters.LootContextParamSets
class_1730	PlayerEnderChestContainer	net.minecraft.world.inventory.PlayerEnderChestContainer
class_1731	ResultContainer	net.minecraft.world.inventory.ResultContainer
class_1732	RecipeHolder	net.minecraft.world.inventory.RecipeHolder
class_1733	ShulkerBoxMenu	net.minecraft.world.inventory.ShulkerBoxMenu
class_1734	ResultSlot	net.minecraft.world.inventory.ResultSlot
class_1735	Slot	net.minecraft.world.inventory.Slot
class_1736	ShulkerBoxSlot	net.minecraft.world.inventory.ShulkerBoxSlot
class_1737	StackedContentsCompatible	net.minecraft.world.inventory.StackedContentsCompatible
class_1738	ArmorItem	net.minecraft.world.item.ArmorItem
class_1739	AirItem	net.minecraft.world.item.AirItem
class_174	CriteriaTriggers	net.minecraft.advancements.CriteriaTriggers
class_1740	ArmorMaterials	net.minecraft.world.item.ArmorMaterials
class_1741	ArmorMaterial	net.minecraft.world.item.ArmorMaterial
class_1742	ArmorStandItem	net.minecraft.world.item.ArmorStandItem
class_1743	AxeItem	net.minecraft.world.item.AxeItem
class_1744	ArrowItem	net.minecraft.world.item.ArrowItem
class_1745	BannerPatternItem	net.minecraft.world.item.BannerPatternItem
class_1746	BannerItem	net.minecraft.world.item.BannerItem
class_1747	BlockItem	net.minecraft.world.item.BlockItem
class_1748	BedItem	net.minecraft.world.item.BedItem
class_1749	BoatItem	net.minecraft.world.item.BoatItem
class_175	Criterion	net.minecraft.advancements.Criterion
class_1750	BlockPlaceContext	net.minecraft.world.item.context.BlockPlaceContext
class_1751	BookItem	net.minecraft.world.item.BookItem
class_1752	BoneMealItem	net.minecraft.world.item.BoneMealItem
class_1753	BowItem	net.minecraft.world.item.BowItem
class_1754	BottleItem	net.minecraft.world.item.BottleItem
class_1755	BucketItem	net.minecraft.world.item.BucketItem
class_1756	BowlFoodItem	net.minecraft.world.item.BowlFoodItem
class_1757	ChorusFruitItem	net.minecraft.world.item.ChorusFruitItem
class_1758	FoodOnAStickItem	net.minecraft.world.item.FoodOnAStickItem
class_1759	CompassItem	net.minecraft.world.item.CompassItem
class_176	LootContextParamSet	net.minecraft.world.level.storage.loot.parameters.LootContextParamSet
class_1761	CreativeModeTab	net.minecraft.world.item.CreativeModeTab
class_1762	ComplexItem	net.minecraft.world.item.ComplexItem
class_1763	DebugStickItem	net.minecraft.world.item.DebugStickItem
class_1764	CrossbowItem	net.minecraft.world.item.CrossbowItem
class_1765	DoubleHighBlockItem	net.minecraft.world.item.DoubleHighBlockItem
class_1766	DiggerItem	net.minecraft.world.item.DiggerItem
class_1767	DyeColor	net.minecraft.world.item.DyeColor
class_1768	DyeableLeatherItem	net.minecraft.world.item.DyeableLeatherItem
class_1769	DyeItem	net.minecraft.world.item.DyeItem
class_1770	ElytraItem	net.minecraft.world.item.ElytraItem
class_1771	EggItem	net.minecraft.world.item.EggItem
class_1772	EnchantedBookItem	net.minecraft.world.item.EnchantedBookItem
class_1773	EmptyMapItem	net.minecraft.world.item.EmptyMapItem
class_1774	EndCrystalItem	net.minecraft.world.item.EndCrystalItem
class_1775	EnchantedGoldenAppleItem	net.minecraft.world.item.EnchantedGoldenAppleItem
class_1776	EnderpearlItem	net.minecraft.world.item.EnderpearlItem
class_1777	EnderEyeItem	net.minecraft.world.item.EnderEyeItem
class_1778	FireChargeItem	net.minecraft.world.item.FireChargeItem
class_1779	ExperienceBottleItem	net.minecraft.world.item.ExperienceBottleItem
class_178	CriterionProgress	net.minecraft.advancements.CriterionProgress
class_1780	FireworkStarItem	net.minecraft.world.item.FireworkStarItem
class_1781	FireworkRocketItem	net.minecraft.world.item.FireworkRocketItem
class_1785	MobBucketItem	net.minecraft.world.item.MobBucketItem
class_1786	FlintAndSteelItem	net.minecraft.world.item.FlintAndSteelItem
class_1787	FishingRodItem	net.minecraft.world.item.FishingRodItem
class_1788	GameMasterBlockItem	net.minecraft.world.item.GameMasterBlockItem
class_179	CriterionTrigger	net.minecraft.advancements.CriterionTrigger
class_1790	HangingEntityItem	net.minecraft.world.item.HangingEntityItem
class_1792	Item	net.minecraft.world.item.Item
class_1794	HoeItem	net.minecraft.world.item.HoeItem
class_1795	ItemFrameItem	net.minecraft.world.item.ItemFrameItem
class_1796	ItemCooldowns	net.minecraft.world.item.ItemCooldowns
class_1798	ItemNameBlockItem	net.minecraft.world.item.ItemNameBlockItem
class_1799	ItemStack	net.minecraft.world.item.ItemStack
class_18	SavedData	net.minecraft.world.level.saveddata.SavedData
class_1800	ItemPropertyFunction	net.minecraft.client.renderer.item.ItemPropertyFunction
class_1801	KnowledgeBookItem	net.minecraft.world.item.KnowledgeBookItem
class_1802	Items	net.minecraft.world.item.Items
class_1803	LingeringPotionItem	net.minecraft.world.item.LingeringPotionItem
class_1804	LeadItem	net.minecraft.world.item.LeadItem
class_1805	MilkBucketItem	net.minecraft.world.item.MilkBucketItem
class_1806	MapItem	net.minecraft.world.item.MapItem
class_1807	NameTagItem	net.minecraft.world.item.NameTagItem
class_1808	MinecartItem	net.minecraft.world.item.MinecartItem
class_1809	PlayerHeadItem	net.minecraft.world.item.PlayerHeadItem
class_181	LootContextParams	net.minecraft.world.level.storage.loot.parameters.LootContextParams
class_1810	PickaxeItem	net.minecraft.world.item.PickaxeItem
class_1811	ProjectileWeaponItem	net.minecraft.world.item.ProjectileWeaponItem
class_1812	PotionItem	net.minecraft.world.item.PotionItem
class_1813	RecordItem	net.minecraft.world.item.RecordItem
class_1814	Rarity	net.minecraft.world.item.Rarity
class_1816	SaddleItem	net.minecraft.world.item.SaddleItem
class_1817	ServerItemCooldowns	net.minecraft.world.item.ServerItemCooldowns
class_1819	ShieldItem	net.minecraft.world.item.ShieldItem
class_182	BonusLevelTableCondition	net.minecraft.world.level.storage.loot.predicates.BonusLevelTableCondition
class_1820	ShearsItem	net.minecraft.world.item.ShearsItem
class_1821	ShovelItem	net.minecraft.world.item.ShovelItem
class_1822	SignItem	net.minecraft.world.item.SignItem
class_1823	SnowballItem	net.minecraft.world.item.SnowballItem
class_1824	SimpleFoiledItem	net.minecraft.world.item.SimpleFoiledItem
class_1825	SpectralArrowItem	net.minecraft.world.item.SpectralArrowItem
class_1826	SpawnEggItem	net.minecraft.world.item.SpawnEggItem
class_1827	StandingAndWallBlockItem	net.minecraft.world.item.StandingAndWallBlockItem
class_1828	SplashPotionItem	net.minecraft.world.item.SplashPotionItem
class_1829	SwordItem	net.minecraft.world.item.SwordItem
class_1830	SuspiciousStewItem	net.minecraft.world.item.SuspiciousStewItem
class_1831	TieredItem	net.minecraft.world.item.TieredItem
class_1832	Tier	net.minecraft.world.item.Tier
class_1833	TippedArrowItem	net.minecraft.world.item.TippedArrowItem
class_1834	Tiers	net.minecraft.world.item.Tiers
class_1835	TridentItem	net.minecraft.world.item.TridentItem
class_1836	TooltipFlag	net.minecraft.world.item.TooltipFlag
class_1838	UseOnContext	net.minecraft.world.item.context.UseOnContext
class_1839	UseAnim	net.minecraft.world.item.UseAnim
class_184	CriterionTriggerInstance	net.minecraft.advancements.CriterionTriggerInstance
class_1840	WritableBookItem	net.minecraft.world.item.WritableBookItem
class_1841	PlaceOnWaterBlockItem	net.minecraft.world.item.PlaceOnWaterBlockItem
class_1842	Potion	net.minecraft.world.item.alchemy.Potion
class_1843	WrittenBookItem	net.minecraft.world.item.WrittenBookItem
class_1844	PotionUtils	net.minecraft.world.item.alchemy.PotionUtils
class_1845	PotionBrewing	net.minecraft.world.item.alchemy.PotionBrewing
class_1847	Potions	net.minecraft.world.item.alchemy.Potions
class_1848	BannerDuplicateRecipe	net.minecraft.world.item.crafting.BannerDuplicateRecipe
class_1849	ArmorDyeRecipe	net.minecraft.world.item.crafting.ArmorDyeRecipe
class_185	DisplayInfo	net.minecraft.advancements.DisplayInfo
class_1850	BookCloningRecipe	net.minecraft.world.item.crafting.BookCloningRecipe
class_1851	FireworkRocketRecipe	net.minecraft.world.item.crafting.FireworkRocketRecipe
class_1852	CustomRecipe	net.minecraft.world.item.crafting.CustomRecipe
class_1853	FireworkStarRecipe	net.minecraft.world.item.crafting.FireworkStarRecipe
class_1854	FireworkStarFadeRecipe	net.minecraft.world.item.crafting.FireworkStarFadeRecipe
class_1855	MapCloningRecipe	net.minecraft.world.item.crafting.MapCloningRecipe
class_1856	Ingredient	net.minecraft.world.item.crafting.Ingredient
class_186	CompositeLootItemCondition	net.minecraft.world.level.storage.loot.predicates.CompositeLootItemCondition
class_1860	Recipe	net.minecraft.world.item.crafting.Recipe
class_1861	MapExtendingRecipe	net.minecraft.world.item.crafting.MapExtendingRecipe
class_1863	RecipeManager	net.minecraft.world.item.crafting.RecipeManager
class_1865	RecipeSerializer	net.minecraft.world.item.crafting.RecipeSerializer
class_1866	SimpleCraftingRecipeSerializer	net.minecraft.world.item.crafting.SimpleCraftingRecipeSerializer
class_1867	ShapelessRecipe	net.minecraft.world.item.crafting.ShapelessRecipe
class_1869	ShapedRecipe	net.minecraft.world.item.crafting.ShapedRecipe
class_1871	ShulkerBoxColoring	net.minecraft.world.item.crafting.ShulkerBoxColoring
class_1872	ShieldDecorationRecipe	net.minecraft.world.item.crafting.ShieldDecorationRecipe
class_1873	SuspiciousStewRecipe	net.minecraft.world.item.crafting.SuspiciousStewRecipe
class_1874	AbstractCookingRecipe	net.minecraft.world.item.crafting.AbstractCookingRecipe
class_1876	TippedArrowRecipe	net.minecraft.world.item.crafting.TippedArrowRecipe
class_1877	ArrowFireEnchantment	net.minecraft.world.item.enchantment.ArrowFireEnchantment
class_1878	ArrowDamageEnchantment	net.minecraft.world.item.enchantment.ArrowDamageEnchantment
class_1879	ArrowKnockbackEnchantment	net.minecraft.world.item.enchantment.ArrowKnockbackEnchantment
class_1880	ArrowInfiniteEnchantment	net.minecraft.world.item.enchantment.ArrowInfiniteEnchantment
class_1881	ArrowPiercingEnchantment	net.minecraft.world.item.enchantment.ArrowPiercingEnchantment
class_1882	DamageEnchantment	net.minecraft.world.item.enchantment.DamageEnchantment
class_1883	BindingCurseEnchantment	net.minecraft.world.item.enchantment.BindingCurseEnchantment
class_1884	DiggingEnchantment	net.minecraft.world.item.enchantment.DiggingEnchantment
class_1885	DigDurabilityEnchantment	net.minecraft.world.item.enchantment.DigDurabilityEnchantment
class_1886	EnchantmentCategory	net.minecraft.world.item.enchantment.EnchantmentCategory
class_1887	Enchantment	net.minecraft.world.item.enchantment.Enchantment
class_1889	EnchantmentInstance	net.minecraft.world.item.enchantment.EnchantmentInstance
class_189	FrameType	net.minecraft.advancements.FrameType
class_1890	EnchantmentHelper	net.minecraft.world.item.enchantment.EnchantmentHelper
class_1892	FireAspectEnchantment	net.minecraft.world.item.enchantment.FireAspectEnchantment
class_1893	Enchantments	net.minecraft.world.item.enchantment.Enchantments
class_1894	FrostWalkerEnchantment	net.minecraft.world.item.enchantment.FrostWalkerEnchantment
class_1895	FishingSpeedEnchantment	net.minecraft.world.item.enchantment.FishingSpeedEnchantment
class_1896	LootBonusEnchantment	net.minecraft.world.item.enchantment.LootBonusEnchantment
class_1897	KnockbackEnchantment	net.minecraft.world.item.enchantment.KnockbackEnchantment
class_1898	MultiShotEnchantment	net.minecraft.world.item.enchantment.MultiShotEnchantment
class_1899	MendingEnchantment	net.minecraft.world.item.enchantment.MendingEnchantment
class_19	MapFrame	net.minecraft.world.level.saveddata.maps.MapFrame
class_190	DamageSourceCondition	net.minecraft.world.level.storage.loot.predicates.DamageSourceCondition
class_1900	ProtectionEnchantment	net.minecraft.world.item.enchantment.ProtectionEnchantment
class_1902	OxygenEnchantment	net.minecraft.world.item.enchantment.OxygenEnchantment
class_1903	SweepingEdgeEnchantment	net.minecraft.world.item.enchantment.SweepingEdgeEnchantment
class_1904	QuickChargeEnchantment	net.minecraft.world.item.enchantment.QuickChargeEnchantment
class_1905	TridentChannelingEnchantment	net.minecraft.world.item.enchantment.TridentChannelingEnchantment
class_1906	ThornsEnchantment	net.minecraft.world.item.enchantment.ThornsEnchantment
class_1907	TridentLoyaltyEnchantment	net.minecraft.world.item.enchantment.TridentLoyaltyEnchantment
class_1908	TridentImpalerEnchantment	net.minecraft.world.item.enchantment.TridentImpalerEnchantment
class_1909	UntouchingEnchantment	net.minecraft.world.item.enchantment.UntouchingEnchantment
class_1910	TridentRiptideEnchantment	net.minecraft.world.item.enchantment.TridentRiptideEnchantment
class_1911	VanishingCurseEnchantment	net.minecraft.world.item.enchantment.VanishingCurseEnchantment
class_1912	WaterWorkerEnchantment	net.minecraft.world.item.enchantment.WaterWorkerEnchantment
class_1913	WaterWalkerEnchantment	net.minecraft.world.item.enchantment.WaterWalkerEnchantment
class_1914	MerchantOffer	net.minecraft.world.item.trading.MerchantOffer
class_1915	Merchant	net.minecraft.world.item.trading.Merchant
class_1916	MerchantOffers	net.minecraft.world.item.trading.MerchantOffers
class_1917	BaseSpawner	net.minecraft.world.level.BaseSpawner
class_1918	BaseCommandBlock	net.minecraft.world.level.BaseCommandBlock
class_1919	BlockEventData	net.minecraft.world.level.BlockEventData
class_192	ConditionUserBuilder	net.minecraft.world.level.storage.loot.predicates.ConditionUserBuilder
class_1920	BlockAndTintGetter	net.minecraft.world.level.BlockAndTintGetter
class_1921	RenderType	net.minecraft.client.renderer.RenderType
class_1922	BlockGetter	net.minecraft.world.level.BlockGetter
class_1923	ChunkPos	net.minecraft.world.level.ChunkPos
class_1924	EntityGetter	net.minecraft.world.level.EntityGetter
class_1926	FoliageColor	net.minecraft.world.level.FoliageColor
class_1927	Explosion	net.minecraft.world.level.Explosion
class_1928	GameRules	net.minecraft.world.level.GameRules
class_193	RequirementsStrategy	net.minecraft.advancements.RequirementsStrategy
class_1932	ForcedChunksSavedData	net.minecraft.world.level.ForcedChunksSavedData
class_1933	GrassColor	net.minecraft.world.level.GrassColor
class_1934	GameType	net.minecraft.world.level.GameType
class_1935	ItemLike	net.minecraft.world.level.ItemLike
class_1936	LevelAccessor	net.minecraft.world.level.LevelAccessor
class_1937	Level	net.minecraft.world.level.Level
class_194	TreeNodePosition	net.minecraft.advancements.TreeNodePosition
class_1940	LevelSettings	net.minecraft.world.level.LevelSettings
class_1941	CollisionGetter	net.minecraft.world.level.CollisionGetter
class_1944	LightLayer	net.minecraft.world.level.LightLayer
class_1945	LevelWriter	net.minecraft.world.level.LevelWriter
class_1946	PortalForcer	net.minecraft.world.level.portal.PortalForcer
class_1948	NaturalSpawner	net.minecraft.world.level.NaturalSpawner
class_195	AbstractCriterionTriggerInstance	net.minecraft.advancements.critereon.AbstractCriterionTriggerInstance
class_1950	PathNavigationRegion	net.minecraft.world.level.PathNavigationRegion
class_1952	SpawnData	net.minecraft.world.level.SpawnData
class_1953	TickPriority	net.minecraft.world.ticks.TickPriority
class_1959	Biome	net.minecraft.world.level.biome.Biome
class_196	BredAnimalsTrigger	net.minecraft.advancements.critereon.BredAnimalsTrigger
class_1966	BiomeSource	net.minecraft.world.level.biome.BiomeSource
class_1972	Biomes	net.minecraft.world.level.biome.Biomes
class_1973	CheckerboardColumnBiomeSource	net.minecraft.world.level.biome.CheckerboardColumnBiomeSource
class_199	EntityHasScoreCondition	net.minecraft.world.level.storage.loot.predicates.EntityHasScoreCondition
class_1992	FixedBiomeSource	net.minecraft.world.level.biome.FixedBiomeSource
class_1996	BrewedPotionTrigger	net.minecraft.advancements.critereon.BrewedPotionTrigger
class_1999	ChangeDimensionTrigger	net.minecraft.advancements.critereon.ChangeDimensionTrigger
class_20	MapDecoration	net.minecraft.world.level.saveddata.maps.MapDecoration
class_2002	ChanneledLightningTrigger	net.minecraft.advancements.critereon.ChanneledLightningTrigger
class_2006	ConstructBeaconTrigger	net.minecraft.advancements.critereon.ConstructBeaconTrigger
class_201	ExplosionCondition	net.minecraft.world.level.storage.loot.predicates.ExplosionCondition
class_2010	ConsumeItemTrigger	net.minecraft.advancements.critereon.ConsumeItemTrigger
class_2014	CuredZombieVillagerTrigger	net.minecraft.advancements.critereon.CuredZombieVillagerTrigger
class_2019	DamagePredicate	net.minecraft.advancements.critereon.DamagePredicate
class_2022	DamageSourcePredicate	net.minecraft.advancements.critereon.DamageSourcePredicate
class_2025	DistancePredicate	net.minecraft.advancements.critereon.DistancePredicate
class_2027	EffectsChangedTrigger	net.minecraft.advancements.critereon.EffectsChangedTrigger
class_2030	EnchantedItemTrigger	net.minecraft.advancements.critereon.EnchantedItemTrigger
class_2035	EnchantmentPredicate	net.minecraft.advancements.critereon.EnchantmentPredicate
class_2037	EnterBlockTrigger	net.minecraft.advancements.critereon.EnterBlockTrigger
class_2040	EntityFlagsPredicate	net.minecraft.advancements.critereon.EntityFlagsPredicate
class_2044	EntityHurtPlayerTrigger	net.minecraft.advancements.critereon.EntityHurtPlayerTrigger
class_2048	EntityPredicate	net.minecraft.advancements.critereon.EntityPredicate
class_205	LocationCheck	net.minecraft.world.level.storage.loot.predicates.LocationCheck
class_2050	EntityTypePredicate	net.minecraft.advancements.critereon.EntityTypePredicate
class_2054	FilledBucketTrigger	net.minecraft.advancements.critereon.FilledBucketTrigger
class_2058	FishingRodHookedTrigger	net.minecraft.advancements.critereon.FishingRodHookedTrigger
class_2062	ImpossibleTrigger	net.minecraft.advancements.critereon.ImpossibleTrigger
class_2066	InventoryChangeTrigger	net.minecraft.advancements.critereon.InventoryChangeTrigger
class_2069	ItemDurabilityTrigger	net.minecraft.advancements.critereon.ItemDurabilityTrigger
class_207	InvertedLootItemCondition	net.minecraft.world.level.storage.loot.predicates.InvertedLootItemCondition
class_2073	ItemPredicate	net.minecraft.advancements.critereon.ItemPredicate
class_2076	KilledByCrossbowTrigger	net.minecraft.advancements.critereon.KilledByCrossbowTrigger
class_2080	KilledTrigger	net.minecraft.advancements.critereon.KilledTrigger
class_2085	LevitationTrigger	net.minecraft.advancements.critereon.LevitationTrigger
class_2090	LocationPredicate	net.minecraft.advancements.critereon.LocationPredicate
class_2096	MinMaxBounds	net.minecraft.advancements.critereon.MinMaxBounds
class_2102	MobEffectsPredicate	net.minecraft.advancements.critereon.MobEffectsPredicate
class_2105	NbtPredicate	net.minecraft.advancements.critereon.NbtPredicate
class_2108	DistanceTrigger	net.minecraft.advancements.critereon.DistanceTrigger
class_2115	PlayerHurtEntityTrigger	net.minecraft.advancements.critereon.PlayerHurtEntityTrigger
class_2119	RecipeUnlockedTrigger	net.minecraft.advancements.critereon.RecipeUnlockedTrigger
class_212	LootItemBlockStatePropertyCondition	net.minecraft.world.level.storage.loot.predicates.LootItemBlockStatePropertyCondition
class_2123	ShotCrossbowTrigger	net.minecraft.advancements.critereon.ShotCrossbowTrigger
class_2128	SummonedEntityTrigger	net.minecraft.advancements.critereon.SummonedEntityTrigger
class_2131	TameAnimalTrigger	net.minecraft.advancements.critereon.TameAnimalTrigger
class_2135	PlayerTrigger	net.minecraft.advancements.critereon.PlayerTrigger
class_2140	TradeTrigger	net.minecraft.advancements.critereon.TradeTrigger
class_2143	UsedEnderEyeTrigger	net.minecraft.advancements.critereon.UsedEnderEyeTrigger
class_2148	UsedTotemTrigger	net.minecraft.advancements.critereon.UsedTotemTrigger
class_215	LootItemEntityPropertyCondition	net.minecraft.world.level.storage.loot.predicates.LootItemEntityPropertyCondition
class_2152	WrappedMinMaxBounds	net.minecraft.advancements.critereon.WrappedMinMaxBounds
class_2156	BrigadierExceptions	net.minecraft.commands.BrigadierExceptions
class_2158	CommandFunction	net.minecraft.commands.CommandFunction
class_2164	CommandRuntimeException	net.minecraft.commands.CommandRuntimeException
class_2165	CommandSource	net.minecraft.commands.CommandSource
class_2168	CommandSourceStack	net.minecraft.commands.CommandSourceStack
class_2169	TheEndBiomeSource	net.minecraft.world.level.biome.TheEndBiomeSource
class_217	LootItemConditions	net.minecraft.world.level.storage.loot.predicates.LootItemConditions
class_2170	Commands	net.minecraft.commands.Commands
class_2172	SharedSuggestionProvider	net.minecraft.commands.SharedSuggestionProvider
class_2177	ColorArgument	net.minecraft.commands.arguments.ColorArgument
class_2178	ComponentArgument	net.minecraft.commands.arguments.ComponentArgument
class_2179	CompoundTagArgument	net.minecraft.commands.arguments.CompoundTagArgument
class_2181	DimensionArgument	net.minecraft.commands.arguments.DimensionArgument
class_2183	EntityAnchorArgument	net.minecraft.commands.arguments.EntityAnchorArgument
class_2185	AbstractBannerBlock	net.minecraft.world.level.block.AbstractBannerBlock
class_2186	EntityArgument	net.minecraft.commands.arguments.EntityArgument
class_2189	AirBlock	net.minecraft.world.level.block.AirBlock
class_219	LootItemRandomChanceCondition	net.minecraft.world.level.storage.loot.predicates.LootItemRandomChanceCondition
class_2190	AbstractSkullBlock	net.minecraft.world.level.block.AbstractSkullBlock
class_2191	GameProfileArgument	net.minecraft.commands.arguments.GameProfileArgument
class_2195	AttachedStemBlock	net.minecraft.world.level.block.AttachedStemBlock
class_2196	MessageArgument	net.minecraft.commands.arguments.MessageArgument
class_2199	AnvilBlock	net.minecraft.world.level.block.AnvilBlock
class_22	MapItemSavedData	net.minecraft.world.level.saveddata.maps.MapItemSavedData
class_2202	BambooSaplingBlock	net.minecraft.world.level.block.BambooSaplingBlock
class_2203	NbtPathArgument	net.minecraft.commands.arguments.NbtPathArgument
class_221	LootItemKilledByPlayerCondition	net.minecraft.world.level.storage.loot.predicates.LootItemKilledByPlayerCondition
class_2211	BambooStalkBlock	net.minecraft.world.level.block.BambooStalkBlock
class_2212	NbtTagArgument	net.minecraft.commands.arguments.NbtTagArgument
class_2213	BarrierBlock	net.minecraft.world.level.block.BarrierBlock
class_2214	ObjectiveArgument	net.minecraft.commands.arguments.ObjectiveArgument
class_2215	BannerBlock	net.minecraft.world.level.block.BannerBlock
class_2216	ObjectiveCriteriaArgument	net.minecraft.commands.arguments.ObjectiveCriteriaArgument
class_2217	BaseCoralPlantBlock	net.minecraft.world.level.block.BaseCoralPlantBlock
class_2218	OperationArgument	net.minecraft.commands.arguments.OperationArgument
class_2221	BaseCoralFanBlock	net.minecraft.world.level.block.BaseCoralFanBlock
class_2222	BaseCoralWallFanBlock	net.minecraft.world.level.block.BaseCoralWallFanBlock
class_2223	ParticleArgument	net.minecraft.commands.arguments.ParticleArgument
class_2224	RangeArgument	net.minecraft.commands.arguments.RangeArgument
class_223	MatchTool	net.minecraft.world.level.storage.loot.predicates.MatchTool
class_2230	BaseCoralPlantTypeBlock	net.minecraft.world.level.block.BaseCoralPlantTypeBlock
class_2231	BasePressurePlateBlock	net.minecraft.world.level.block.BasePressurePlateBlock
class_2232	ResourceLocationArgument	net.minecraft.commands.arguments.ResourceLocationArgument
class_2233	ScoreHolderArgument	net.minecraft.commands.arguments.ScoreHolderArgument
class_2237	BaseEntityBlock	net.minecraft.world.level.block.BaseEntityBlock
class_2238	BeaconBlock	net.minecraft.world.level.block.BeaconBlock
class_2239	ScoreboardSlotArgument	net.minecraft.commands.arguments.ScoreboardSlotArgument
class_2240	SlotArgument	net.minecraft.commands.arguments.SlotArgument
class_2241	BaseRailBlock	net.minecraft.world.level.block.BaseRailBlock
class_2242	BeetrootBlock	net.minecraft.world.level.block.BeetrootBlock
class_2243	TeamArgument	net.minecraft.commands.arguments.TeamArgument
class_2244	BedBlock	net.minecraft.world.level.block.BedBlock
class_2245	TimeArgument	net.minecraft.commands.arguments.TimeArgument
class_2246	Blocks	net.minecraft.world.level.block.Blocks
class_2247	BlockInput	net.minecraft.commands.arguments.blocks.BlockInput
class_2248	Block	net.minecraft.world.level.block.Block
class_225	LootItemRandomChanceWithLootingCondition	net.minecraft.world.level.storage.loot.predicates.LootItemRandomChanceWithLootingCondition
class_2252	BlockPredicateArgument	net.minecraft.commands.arguments.blocks.BlockPredicateArgument
class_2256	BonemealableBlock	net.minecraft.world.level.block.BonemealableBlock
class_2257	BlockStateArgument	net.minecraft.commands.arguments.blocks.BlockStateArgument
class_2258	BubbleColumnBlock	net.minecraft.world.level.block.BubbleColumnBlock
class_2259	BlockStateParser	net.minecraft.commands.arguments.blocks.BlockStateParser
class_2260	BrewingStandBlock	net.minecraft.world.level.block.BrewingStandBlock
class_2261	BushBlock	net.minecraft.world.level.block.BushBlock
class_2262	BlockPosArgument	net.minecraft.commands.arguments.coordinates.BlockPosArgument
class_2263	BucketPickup	net.minecraft.world.level.block.BucketPickup
class_2264	ColumnPosArgument	net.minecraft.commands.arguments.coordinates.ColumnPosArgument
class_2265	ColumnPos	net.minecraft.server.level.ColumnPos
class_2266	CactusBlock	net.minecraft.world.level.block.CactusBlock
class_2267	Coordinates	net.minecraft.commands.arguments.coordinates.Coordinates
class_2268	LocalCoordinates	net.minecraft.commands.arguments.coordinates.LocalCoordinates
class_2269	ButtonBlock	net.minecraft.world.level.block.ButtonBlock
class_227	WeatherCheck	net.minecraft.world.level.storage.loot.predicates.WeatherCheck
class_2270	RotationArgument	net.minecraft.commands.arguments.coordinates.RotationArgument
class_2271	CarrotBlock	net.minecraft.world.level.block.CarrotBlock
class_2272	CakeBlock	net.minecraft.world.level.block.CakeBlock
class_2273	SwizzleArgument	net.minecraft.commands.arguments.coordinates.SwizzleArgument
class_2274	Vec2Argument	net.minecraft.commands.arguments.coordinates.Vec2Argument
class_2275	AbstractCauldronBlock	net.minecraft.world.level.block.AbstractCauldronBlock
class_2276	CarvedPumpkinBlock	net.minecraft.world.level.block.CarvedPumpkinBlock
class_2277	Vec3Argument	net.minecraft.commands.arguments.coordinates.Vec3Argument
class_2278	WorldCoordinate	net.minecraft.commands.arguments.coordinates.WorldCoordinate
class_2279	ChorusFlowerBlock	net.minecraft.world.level.block.ChorusFlowerBlock
class_2280	WorldCoordinates	net.minecraft.commands.arguments.coordinates.WorldCoordinates
class_2281	ChestBlock	net.minecraft.world.level.block.ChestBlock
class_2282	CocoaBlock	net.minecraft.world.level.block.CocoaBlock
class_2283	ChorusPlantBlock	net.minecraft.world.level.block.ChorusPlantBlock
class_2284	FunctionArgument	net.minecraft.commands.arguments.item.FunctionArgument
class_2286	ComparatorBlock	net.minecraft.world.level.block.ComparatorBlock
class_2287	ItemArgument	net.minecraft.commands.arguments.item.ItemArgument
class_2288	CommandBlock	net.minecraft.world.level.block.CommandBlock
class_2289	ConduitBlock	net.minecraft.world.level.block.ConduitBlock
class_229	FunctionTagCallback	net.minecraft.world.level.timers.FunctionTagCallback
class_2290	ItemInput	net.minecraft.commands.arguments.item.ItemInput
class_2291	ItemParser	net.minecraft.commands.arguments.item.ItemParser
class_2292	ConcretePowderBlock	net.minecraft.world.level.block.ConcretePowderBlock
class_2293	ItemPredicateArgument	net.minecraft.commands.arguments.item.ItemPredicateArgument
class_2297	CoralFanBlock	net.minecraft.world.level.block.CoralFanBlock
class_2298	CoralBlock	net.minecraft.world.level.block.CoralBlock
class_2299	CoralWallFanBlock	net.minecraft.world.level.block.CoralWallFanBlock
class_2300	EntitySelector	net.minecraft.commands.arguments.selector.EntitySelector
class_2301	CoralPlantBlock	net.minecraft.world.level.block.CoralPlantBlock
class_2302	CropBlock	net.minecraft.world.level.block.CropBlock
class_2303	EntitySelectorParser	net.minecraft.commands.arguments.selector.EntitySelectorParser
class_2304	CraftingTableBlock	net.minecraft.world.level.block.CraftingTableBlock
class_2306	EntitySelectorOptions	net.minecraft.commands.arguments.selector.options.EntitySelectorOptions
class_2309	DaylightDetectorBlock	net.minecraft.world.level.block.DaylightDetectorBlock
class_231	FunctionCallback	net.minecraft.world.level.timers.FunctionCallback
class_2310	CrossCollisionBlock	net.minecraft.world.level.block.CrossCollisionBlock
class_2311	DeadBushBlock	net.minecraft.world.level.block.DeadBushBlock
class_2312	DiodeBlock	net.minecraft.world.level.block.DiodeBlock
class_2313	DetectorRailBlock	net.minecraft.world.level.block.DetectorRailBlock
class_2314	ArgumentTypeInfo	net.minecraft.commands.synchronization.ArgumentTypeInfo
class_2315	DispenserBlock	net.minecraft.world.level.block.DispenserBlock
class_2316	ArgumentTypeInfos	net.minecraft.commands.synchronization.ArgumentTypeInfos
class_2318	DirectionalBlock	net.minecraft.world.level.block.DirectionalBlock
class_2319	SingletonArgumentInfo	net.minecraft.commands.synchronization.SingletonArgumentInfo
class_2320	DoublePlantBlock	net.minecraft.world.level.block.DoublePlantBlock
class_2321	SuggestionProviders	net.minecraft.commands.synchronization.SuggestionProviders
class_2323	DoorBlock	net.minecraft.world.level.block.DoorBlock
class_2325	DropperBlock	net.minecraft.world.level.block.DropperBlock
class_2326	DoubleArgumentInfo	net.minecraft.commands.synchronization.brigadier.DoubleArgumentInfo
class_2327	FloatArgumentInfo	net.minecraft.commands.synchronization.brigadier.FloatArgumentInfo
class_2328	DragonEggBlock	net.minecraft.world.level.block.DragonEggBlock
class_2329	EndGatewayBlock	net.minecraft.world.level.block.EndGatewayBlock
class_233	TimerCallbacks	net.minecraft.world.level.timers.TimerCallbacks
class_2330	IntegerArgumentInfo	net.minecraft.commands.synchronization.brigadier.IntegerArgumentInfo
class_2331	EnchantmentTableBlock	net.minecraft.world.level.block.EnchantmentTableBlock
class_2332	StringArgumentSerializer	net.minecraft.commands.synchronization.brigadier.StringArgumentSerializer
class_2333	EndPortalFrameBlock	net.minecraft.world.level.block.EndPortalFrameBlock
class_2334	EndPortalBlock	net.minecraft.world.level.block.EndPortalBlock
class_2335	AxisCycle	net.minecraft.core.AxisCycle
class_2336	EnderChestBlock	net.minecraft.world.level.block.EnderChestBlock
class_2337	RodBlock	net.minecraft.world.level.block.RodBlock
class_2338	BlockPos	net.minecraft.core.BlockPos
class_234	TimerCallback	net.minecraft.world.level.timers.TimerCallback
class_2341	FaceAttachedHorizontalDirectionalBlock	net.minecraft.world.level.block.FaceAttachedHorizontalDirectionalBlock
class_2342	BlockSource	net.minecraft.core.BlockSource
class_2343	EntityBlock	net.minecraft.world.level.block.EntityBlock
class_2344	FarmBlock	net.minecraft.world.level.block.FarmBlock
class_2345	BlockSourceImpl	net.minecraft.core.BlockSourceImpl
class_2346	FallingBlock	net.minecraft.world.level.block.FallingBlock
class_2347	DefaultDispenseItemBehavior	net.minecraft.core.dispenser.DefaultDispenseItemBehavior
class_2348	DefaultedMappedRegistry	net.minecraft.core.DefaultedMappedRegistry
class_2349	FenceGateBlock	net.minecraft.world.level.block.FenceGateBlock
class_2350	Direction	net.minecraft.core.Direction
class_2354	FenceBlock	net.minecraft.world.level.block.FenceBlock
class_2355	Direction8	net.minecraft.core.Direction8
class_2356	FlowerBlock	net.minecraft.world.level.block.FlowerBlock
class_2357	DispenseItemBehavior	net.minecraft.core.dispenser.DispenseItemBehavior
class_2358	FireBlock	net.minecraft.world.level.block.FireBlock
class_2359	IdMap	net.minecraft.core.IdMap
class_236	TimerQueue	net.minecraft.world.level.timers.TimerQueue
class_2360	FrostedIceBlock	net.minecraft.world.level.block.FrostedIceBlock
class_2361	IdMapper	net.minecraft.core.IdMapper
class_2362	FlowerPotBlock	net.minecraft.world.level.block.FlowerPotBlock
class_2363	AbstractFurnaceBlock	net.minecraft.world.level.block.AbstractFurnaceBlock
class_2366	GlazedTerracottaBlock	net.minecraft.world.level.block.GlazedTerracottaBlock
class_2368	GlassBlock	net.minecraft.world.level.block.GlassBlock
class_2369	DirtPathBlock	net.minecraft.world.level.block.DirtPathBlock
class_2370	MappedRegistry	net.minecraft.core.MappedRegistry
class_2371	NonNullList	net.minecraft.core.NonNullList
class_2372	GrassBlock	net.minecraft.world.level.block.GrassBlock
class_2373	HalfTransparentBlock	net.minecraft.world.level.block.HalfTransparentBlock
class_2374	Position	net.minecraft.core.Position
class_2375	GravelBlock	net.minecraft.world.level.block.GravelBlock
class_2376	PositionImpl	net.minecraft.core.PositionImpl
class_2377	HopperBlock	net.minecraft.world.level.block.HopperBlock
class_2378	Registry	net.minecraft.core.Registry
class_2379	Rotations	net.minecraft.core.Rotations
class_238	AABB	net.minecraft.world.phys.AABB
class_2380	HayBlock	net.minecraft.world.level.block.HayBlock
class_2381	HugeMushroomBlock	net.minecraft.world.level.block.HugeMushroomBlock
class_2382	Vec3i	net.minecraft.core.Vec3i
class_2383	HorizontalDirectionalBlock	net.minecraft.world.level.block.HorizontalDirectionalBlock
class_2384	InfestedBlock	net.minecraft.world.level.block.InfestedBlock
class_2385	WritableRegistry	net.minecraft.core.WritableRegistry
class_2386	IceBlock	net.minecraft.world.level.block.IceBlock
class_2387	JukeboxBlock	net.minecraft.world.level.block.JukeboxBlock
class_2388	BlockParticleOption	net.minecraft.core.particles.BlockParticleOption
class_2389	IronBarsBlock	net.minecraft.world.level.block.IronBarsBlock
class_239	HitResult	net.minecraft.world.phys.HitResult
class_2390	DustParticleOptions	net.minecraft.core.particles.DustParticleOptions
class_2391	KelpPlantBlock	net.minecraft.world.level.block.KelpPlantBlock
class_2392	ItemParticleOption	net.minecraft.core.particles.ItemParticleOption
class_2393	KelpBlock	net.minecraft.world.level.block.KelpBlock
class_2394	ParticleOptions	net.minecraft.core.particles.ParticleOptions
class_2396	ParticleType	net.minecraft.core.particles.ParticleType
class_2397	LeavesBlock	net.minecraft.world.level.block.LeavesBlock
class_2398	ParticleTypes	net.minecraft.core.particles.ParticleTypes
class_2399	LadderBlock	net.minecraft.world.level.block.LadderBlock
class_2400	SimpleParticleType	net.minecraft.core.particles.SimpleParticleType
class_2401	LeverBlock	net.minecraft.world.level.block.LeverBlock
class_2402	LiquidBlockContainer	net.minecraft.world.level.block.LiquidBlockContainer
class_2403	DataGenerator	net.minecraft.data.DataGenerator
class_2404	LiquidBlock	net.minecraft.world.level.block.LiquidBlock
class_2405	DataProvider	net.minecraft.data.DataProvider
class_2406	LoomBlock	net.minecraft.world.level.block.LoomBlock
class_2408	HashCache	net.minecraft.data.HashCache
class_2409	AdvancementProvider	net.minecraft.data.advancements.AdvancementProvider
class_241	Vec2	net.minecraft.world.phys.Vec2
class_2411	MelonBlock	net.minecraft.world.level.block.MelonBlock
class_2412	VanillaAdventureAdvancements	net.minecraft.data.advancements.packs.VanillaAdventureAdvancements
class_2413	MagmaBlock	net.minecraft.world.level.block.MagmaBlock
class_2414	VanillaHusbandryAdvancements	net.minecraft.data.advancements.packs.VanillaHusbandryAdvancements
class_2415	Mirror	net.minecraft.world.level.block.Mirror
class_2416	VanillaNetherAdvancements	net.minecraft.data.advancements.packs.VanillaNetherAdvancements
class_2417	VanillaStoryAdvancements	net.minecraft.data.advancements.packs.VanillaStoryAdvancements
class_2418	MyceliumBlock	net.minecraft.world.level.block.MyceliumBlock
class_2419	VanillaTheEndAdvancements	net.minecraft.data.advancements.packs.VanillaTheEndAdvancements
class_2420	MushroomBlock	net.minecraft.world.level.block.MushroomBlock
class_2421	NetherWartBlock	net.minecraft.world.level.block.NetherWartBlock
class_2422	BlockListReport	net.minecraft.data.info.BlockListReport
class_2423	NetherPortalBlock	net.minecraft.world.level.block.NetherPortalBlock
class_2424	PortalShape	net.minecraft.world.level.portal.PortalShape
class_2425	CommandsReport	net.minecraft.data.info.CommandsReport
class_2426	ObserverBlock	net.minecraft.world.level.block.ObserverBlock
class_2427	RegistryDumpReport	net.minecraft.data.info.RegistryDumpReport
class_2428	NoteBlock	net.minecraft.world.level.block.NoteBlock
class_2429	PipeBlock	net.minecraft.world.level.block.PipeBlock
class_243	Vec3	net.minecraft.world.phys.Vec3
class_2430	VanillaBlockLoot	net.minecraft.data.loot.packs.VanillaBlockLoot
class_2431	DropExperienceBlock	net.minecraft.world.level.block.DropExperienceBlock
class_2432	VanillaChestLoot	net.minecraft.data.loot.packs.VanillaChestLoot
class_2433	PlayerWallHeadBlock	net.minecraft.world.level.block.PlayerWallHeadBlock
class_2434	VanillaEntityLoot	net.minecraft.data.loot.packs.VanillaEntityLoot
class_2435	PlayerHeadBlock	net.minecraft.world.level.block.PlayerHeadBlock
class_2436	PoweredBlock	net.minecraft.world.level.block.PoweredBlock
class_2437	VanillaFishingLoot	net.minecraft.data.loot.packs.VanillaFishingLoot
class_2438	LootTableProvider	net.minecraft.data.loot.LootTableProvider
class_2439	PotatoBlock	net.minecraft.world.level.block.PotatoBlock
class_244	BitSetDiscreteVoxelShape	net.minecraft.world.phys.shapes.BitSetDiscreteVoxelShape
class_2440	PressurePlateBlock	net.minecraft.world.level.block.PressurePlateBlock
class_2442	PoweredRailBlock	net.minecraft.world.level.block.PoweredRailBlock
class_2443	RailBlock	net.minecraft.world.level.block.RailBlock
class_2444	FinishedRecipe	net.minecraft.data.recipes.FinishedRecipe
class_2445	PumpkinBlock	net.minecraft.world.level.block.PumpkinBlock
class_2446	RecipeProvider	net.minecraft.data.recipes.RecipeProvider
class_2447	ShapedRecipeBuilder	net.minecraft.data.recipes.ShapedRecipeBuilder
class_2449	RedStoneOreBlock	net.minecraft.world.level.block.RedStoneOreBlock
class_245	ArrayVoxelShape	net.minecraft.world.phys.shapes.ArrayVoxelShape
class_2450	ShapelessRecipeBuilder	net.minecraft.data.recipes.ShapelessRecipeBuilder
class_2452	RailState	net.minecraft.world.level.block.RailState
class_2453	RedstoneLampBlock	net.minecraft.world.level.block.RedstoneLampBlock
class_2454	SimpleCookingRecipeBuilder	net.minecraft.data.recipes.SimpleCookingRecipeBuilder
class_2456	SpecialRecipeBuilder	net.minecraft.data.recipes.SpecialRecipeBuilder
class_2457	RedStoneWireBlock	net.minecraft.world.level.block.RedStoneWireBlock
class_2458	RedstoneWallTorchBlock	net.minecraft.world.level.block.RedstoneWallTorchBlock
class_2459	RedstoneTorchBlock	net.minecraft.world.level.block.RedstoneTorchBlock
class_246	CubePointRange	net.minecraft.world.phys.shapes.CubePointRange
class_2461	NbtToSnbt	net.minecraft.data.structures.NbtToSnbt
class_2462	RepeaterBlock	net.minecraft.world.level.block.RepeaterBlock
class_2463	SnbtToNbt	net.minecraft.data.structures.SnbtToNbt
class_2464	RenderShape	net.minecraft.world.level.block.RenderShape
class_2465	RotatedPillarBlock	net.minecraft.world.level.block.RotatedPillarBlock
class_2466	VanillaBlockTagsProvider	net.minecraft.data.tags.VanillaBlockTagsProvider
class_2467	EntityTypeTagsProvider	net.minecraft.data.tags.EntityTypeTagsProvider
class_2468	SandBlock	net.minecraft.world.level.block.SandBlock
class_2469	FluidTagsProvider	net.minecraft.data.tags.FluidTagsProvider
class_247	BooleanOp	net.minecraft.world.phys.shapes.BooleanOp
class_2470	Rotation	net.minecraft.world.level.block.Rotation
class_2471	VanillaItemTagsProvider	net.minecraft.data.tags.VanillaItemTagsProvider
class_2472	SeaPickleBlock	net.minecraft.world.level.block.SeaPickleBlock
class_2473	SaplingBlock	net.minecraft.world.level.block.SaplingBlock
class_2474	TagsProvider	net.minecraft.data.tags.TagsProvider
class_2476	SeagrassBlock	net.minecraft.world.level.block.SeagrassBlock
class_2477	Language	net.minecraft.locale.Language
class_2478	SignBlock	net.minecraft.world.level.block.SignBlock
class_2479	ByteArrayTag	net.minecraft.nbt.ByteArrayTag
class_248	DiscreteCubeMerger	net.minecraft.world.phys.shapes.DiscreteCubeMerger
class_2480	ShulkerBoxBlock	net.minecraft.world.level.block.ShulkerBoxBlock
class_2481	ByteTag	net.minecraft.nbt.ByteTag
class_2482	SlabBlock	net.minecraft.world.level.block.SlabBlock
class_2483	CollectionTag	net.minecraft.nbt.CollectionTag
class_2484	SkullBlock	net.minecraft.world.level.block.SkullBlock
class_2487	CompoundTag	net.minecraft.nbt.CompoundTag
class_2488	SnowLayerBlock	net.minecraft.world.level.block.SnowLayerBlock
class_2489	DoubleTag	net.minecraft.nbt.DoubleTag
class_249	CubeVoxelShape	net.minecraft.world.phys.shapes.CubeVoxelShape
class_2490	SlimeBlock	net.minecraft.world.level.block.SlimeBlock
class_2491	EndTag	net.minecraft.nbt.EndTag
class_2492	SoulSandBlock	net.minecraft.world.level.block.SoulSandBlock
class_2493	SnowyDirtBlock	net.minecraft.world.level.block.SnowyDirtBlock
class_2494	FloatTag	net.minecraft.nbt.FloatTag
class_2495	IntArrayTag	net.minecraft.nbt.IntArrayTag
class_2496	SpawnerBlock	net.minecraft.world.level.block.SpawnerBlock
class_2497	IntTag	net.minecraft.nbt.IntTag
class_2498	SoundType	net.minecraft.world.level.block.SoundType
class_2499	ListTag	net.minecraft.nbt.ListTag
class_250	IdenticalMerger	net.minecraft.world.phys.shapes.IdenticalMerger
class_2500	SpreadingSnowyDirtBlock	net.minecraft.world.level.block.SpreadingSnowyDirtBlock
class_2501	LongArrayTag	net.minecraft.nbt.LongArrayTag
class_2502	SpongeBlock	net.minecraft.world.level.block.SpongeBlock
class_2503	LongTag	net.minecraft.nbt.LongTag
class_2504	StainedGlassPaneBlock	net.minecraft.world.level.block.StainedGlassPaneBlock
class_2505	NbtAccounter	net.minecraft.nbt.NbtAccounter
class_2506	StainedGlassBlock	net.minecraft.world.level.block.StainedGlassBlock
class_2507	NbtIo	net.minecraft.nbt.NbtIo
class_2508	StandingSignBlock	net.minecraft.world.level.block.StandingSignBlock
class_2509	NbtOps	net.minecraft.nbt.NbtOps
class_251	DiscreteVoxelShape	net.minecraft.world.phys.shapes.DiscreteVoxelShape
class_2510	StairBlock	net.minecraft.world.level.block.StairBlock
class_2511	StemGrownBlock	net.minecraft.world.level.block.StemGrownBlock
class_2512	NbtUtils	net.minecraft.nbt.NbtUtils
class_2513	StemBlock	net.minecraft.world.level.block.StemBlock
class_2514	NumericTag	net.minecraft.nbt.NumericTag
class_2515	StructureBlock	net.minecraft.world.level.block.StructureBlock
class_2516	ShortTag	net.minecraft.nbt.ShortTag
class_2518	StructureVoidBlock	net.minecraft.world.level.block.StructureVoidBlock
class_2519	StringTag	net.minecraft.nbt.StringTag
class_2520	Tag	net.minecraft.nbt.Tag
class_2521	TallFlowerBlock	net.minecraft.world.level.block.TallFlowerBlock
class_2522	TagParser	net.minecraft.nbt.TagParser
class_2523	SugarCaneBlock	net.minecraft.world.level.block.SugarCaneBlock
class_2524	CipherBase	net.minecraft.network.CipherBase
class_2525	TallSeagrassBlock	net.minecraft.world.level.block.TallSeagrassBlock
class_2526	TallGrassBlock	net.minecraft.world.level.block.TallGrassBlock
class_2527	TorchBlock	net.minecraft.world.level.block.TorchBlock
class_2528	CipherDecoder	net.minecraft.network.CipherDecoder
class_2529	CipherEncoder	net.minecraft.network.CipherEncoder
class_2530	TntBlock	net.minecraft.world.level.block.TntBlock
class_2531	TrappedChestBlock	net.minecraft.world.level.block.TrappedChestBlock
class_2532	CompressionDecoder	net.minecraft.network.CompressionDecoder
class_2533	TrapDoorBlock	net.minecraft.world.level.block.TrapDoorBlock
class_2534	CompressionEncoder	net.minecraft.network.CompressionEncoder
class_2535	Connection	net.minecraft.network.Connection
class_2537	TripWireHookBlock	net.minecraft.world.level.block.TripWireHookBlock
class_2538	TripWireBlock	net.minecraft.world.level.block.TripWireBlock
class_2539	ConnectionProtocol	net.minecraft.network.ConnectionProtocol
class_254	IndirectMerger	net.minecraft.world.phys.shapes.IndirectMerger
class_2540	FriendlyByteBuf	net.minecraft.network.FriendlyByteBuf
class_2541	VineBlock	net.minecraft.world.level.block.VineBlock
class_2542	TurtleEggBlock	net.minecraft.world.level.block.TurtleEggBlock
class_2543	PacketDecoder	net.minecraft.network.PacketDecoder
class_2544	WallBlock	net.minecraft.world.level.block.WallBlock
class_2545	PacketEncoder	net.minecraft.network.PacketEncoder
class_2546	WallBannerBlock	net.minecraft.world.level.block.WallBannerBlock
class_2547	PacketListener	net.minecraft.network.PacketListener
class_2548	SkipPacketException	net.minecraft.network.SkipPacketException
class_2549	WallSkullBlock	net.minecraft.world.level.block.WallSkullBlock
class_255	IndexMerger	net.minecraft.world.phys.shapes.IndexMerger
class_2550	Varint21FrameDecoder	net.minecraft.network.Varint21FrameDecoder
class_2551	WallSignBlock	net.minecraft.world.level.block.WallSignBlock
class_2552	Varint21LengthFieldPrepender	net.minecraft.network.Varint21LengthFieldPrepender
class_2553	WaterlilyBlock	net.minecraft.world.level.block.WaterlilyBlock
class_2555	WallTorchBlock	net.minecraft.world.level.block.WallTorchBlock
class_2556	ChatType	net.minecraft.network.chat.ChatType
class_2557	WeightedPressurePlateBlock	net.minecraft.world.level.block.WeightedPressurePlateBlock
class_2558	ClickEvent	net.minecraft.network.chat.ClickEvent
class_2560	WebBlock	net.minecraft.world.level.block.WebBlock
class_2561	Component	net.minecraft.network.chat.Component
class_2563	WitherRoseBlock	net.minecraft.world.level.block.WitherRoseBlock
class_2564	ComponentUtils	net.minecraft.network.chat.ComponentUtils
class_2565	WetSpongeBlock	net.minecraft.world.level.block.WetSpongeBlock
class_2567	WitherWallSkullBlock	net.minecraft.world.level.block.WitherWallSkullBlock
class_2568	HoverEvent	net.minecraft.network.chat.HoverEvent
class_257	NonOverlappingMerger	net.minecraft.world.phys.shapes.NonOverlappingMerger
class_2570	WitherSkullBlock	net.minecraft.world.level.block.WitherSkullBlock
class_2572	KeybindContents	net.minecraft.network.chat.contents.KeybindContents
class_2573	BannerBlockEntity	net.minecraft.world.level.block.entity.BannerBlockEntity
class_2574	NbtContents	net.minecraft.network.chat.contents.NbtContents
class_2575	BlockDataSource	net.minecraft.network.chat.contents.BlockDataSource
class_2576	EntityDataSource	net.minecraft.network.chat.contents.EntityDataSource
class_2577	CarpetBlock	net.minecraft.world.level.block.CarpetBlock
class_2578	ScoreContents	net.minecraft.network.chat.contents.ScoreContents
class_2579	SelectorContents	net.minecraft.network.chat.contents.SelectorContents
class_2580	BeaconBlockEntity	net.minecraft.world.level.block.entity.BeaconBlockEntity
class_2582	BannerPattern	net.minecraft.world.level.block.entity.BannerPattern
class_2583	Style	net.minecraft.network.chat.Style
class_2585	LiteralContents	net.minecraft.network.chat.contents.LiteralContents
class_2586	BlockEntity	net.minecraft.world.level.block.entity.BlockEntity
class_2587	BedBlockEntity	net.minecraft.world.level.block.entity.BedBlockEntity
class_2588	TranslatableContents	net.minecraft.network.chat.contents.TranslatableContents
class_2589	BrewingStandBlockEntity	net.minecraft.world.level.block.entity.BrewingStandBlockEntity
class_259	Shapes	net.minecraft.world.phys.shapes.Shapes
class_2590	TranslatableFormatException	net.minecraft.network.chat.contents.TranslatableFormatException
class_2591	BlockEntityType	net.minecraft.world.level.block.entity.BlockEntityType
class_2593	CommandBlockEntity	net.minecraft.world.level.block.entity.CommandBlockEntity
class_2595	ChestBlockEntity	net.minecraft.world.level.block.entity.ChestBlockEntity
class_2596	Packet	net.minecraft.network.protocol.Packet
class_2597	ConduitBlockEntity	net.minecraft.world.level.block.entity.ConduitBlockEntity
class_2598	PacketFlow	net.minecraft.network.protocol.PacketFlow
class_2599	ComparatorBlockEntity	net.minecraft.world.level.block.entity.ComparatorBlockEntity
class_26	DimensionDataStorage	net.minecraft.world.level.storage.DimensionDataStorage
class_2600	PacketUtils	net.minecraft.network.protocol.PacketUtils
class_2601	DispenserBlockEntity	net.minecraft.world.level.block.entity.DispenserBlockEntity
class_2602	ClientGamePacketListener	net.minecraft.network.protocol.game.ClientGamePacketListener
class_2603	DaylightDetectorBlockEntity	net.minecraft.world.level.block.entity.DaylightDetectorBlockEntity
class_2604	ClientboundAddEntityPacket	net.minecraft.network.protocol.game.ClientboundAddEntityPacket
class_2605	EnchantmentTableBlockEntity	net.minecraft.world.level.block.entity.EnchantmentTableBlockEntity
class_2606	ClientboundAddExperienceOrbPacket	net.minecraft.network.protocol.game.ClientboundAddExperienceOrbPacket
class_2608	DropperBlockEntity	net.minecraft.world.level.block.entity.DropperBlockEntity
class_2609	AbstractFurnaceBlockEntity	net.minecraft.world.level.block.entity.AbstractFurnaceBlockEntity
class_261	OffsetDoubleList	net.minecraft.world.phys.shapes.OffsetDoubleList
class_2611	EnderChestBlockEntity	net.minecraft.world.level.block.entity.EnderChestBlockEntity
class_2613	ClientboundAddPlayerPacket	net.minecraft.network.protocol.game.ClientboundAddPlayerPacket
class_2614	HopperBlockEntity	net.minecraft.world.level.block.entity.HopperBlockEntity
class_2615	Hopper	net.minecraft.world.level.block.entity.Hopper
class_2616	ClientboundAnimatePacket	net.minecraft.network.protocol.game.ClientboundAnimatePacket
class_2617	ClientboundAwardStatsPacket	net.minecraft.network.protocol.game.ClientboundAwardStatsPacket
class_2618	LidBlockEntity	net.minecraft.world.level.block.entity.LidBlockEntity
class_2619	JukeboxBlockEntity	net.minecraft.world.level.block.entity.JukeboxBlockEntity
class_262	SubShape	net.minecraft.world.phys.shapes.SubShape
class_2620	ClientboundBlockDestructionPacket	net.minecraft.network.protocol.game.ClientboundBlockDestructionPacket
class_2621	RandomizableContainerBlockEntity	net.minecraft.world.level.block.entity.RandomizableContainerBlockEntity
class_2622	ClientboundBlockEntityDataPacket	net.minecraft.network.protocol.game.ClientboundBlockEntityDataPacket
class_2623	ClientboundBlockEventPacket	net.minecraft.network.protocol.game.ClientboundBlockEventPacket
class_2624	BaseContainerBlockEntity	net.minecraft.world.level.block.entity.BaseContainerBlockEntity
class_2625	SignBlockEntity	net.minecraft.world.level.block.entity.SignBlockEntity
class_2626	ClientboundBlockUpdatePacket	net.minecraft.network.protocol.game.ClientboundBlockUpdatePacket
class_2627	ShulkerBoxBlockEntity	net.minecraft.world.level.block.entity.ShulkerBoxBlockEntity
class_2629	ClientboundBossEventPacket	net.minecraft.network.protocol.game.ClientboundBossEventPacket
class_263	SliceShape	net.minecraft.world.phys.shapes.SliceShape
class_2631	SkullBlockEntity	net.minecraft.world.level.block.entity.SkullBlockEntity
class_2632	ClientboundChangeDifficultyPacket	net.minecraft.network.protocol.game.ClientboundChangeDifficultyPacket
class_2633	StructureBlockEntity	net.minecraft.world.level.block.entity.StructureBlockEntity
class_2636	SpawnerBlockEntity	net.minecraft.world.level.block.entity.SpawnerBlockEntity
class_2637	ClientboundSectionBlocksUpdatePacket	net.minecraft.network.protocol.game.ClientboundSectionBlocksUpdatePacket
class_2639	ClientboundCommandSuggestionsPacket	net.minecraft.network.protocol.game.ClientboundCommandSuggestionsPacket
class_2640	TheEndPortalBlockEntity	net.minecraft.world.level.block.entity.TheEndPortalBlockEntity
class_2641	ClientboundCommandsPacket	net.minecraft.network.protocol.game.ClientboundCommandsPacket
class_2643	TheEndGatewayBlockEntity	net.minecraft.world.level.block.entity.TheEndGatewayBlockEntity
class_2645	ClientboundContainerClosePacket	net.minecraft.network.protocol.game.ClientboundContainerClosePacket
class_2646	TrappedChestBlockEntity	net.minecraft.world.level.block.entity.TrappedChestBlockEntity
class_2647	AbstractTreeGrower	net.minecraft.world.level.block.grower.AbstractTreeGrower
class_2648	ClientboundHorseScreenOpenPacket	net.minecraft.network.protocol.game.ClientboundHorseScreenOpenPacket
class_2649	ClientboundContainerSetContentPacket	net.minecraft.network.protocol.game.ClientboundContainerSetContentPacket
class_265	VoxelShape	net.minecraft.world.phys.shapes.VoxelShape
class_2650	AbstractMegaTreeGrower	net.minecraft.world.level.block.grower.AbstractMegaTreeGrower
class_2651	ClientboundContainerSetDataPacket	net.minecraft.network.protocol.game.ClientboundContainerSetDataPacket
class_2652	BirchTreeGrower	net.minecraft.world.level.block.grower.BirchTreeGrower
class_2653	ClientboundContainerSetSlotPacket	net.minecraft.network.protocol.game.ClientboundContainerSetSlotPacket
class_2654	AcaciaTreeGrower	net.minecraft.world.level.block.grower.AcaciaTreeGrower
class_2655	JungleTreeGrower	net.minecraft.world.level.block.grower.JungleTreeGrower
class_2656	ClientboundCooldownPacket	net.minecraft.network.protocol.game.ClientboundCooldownPacket
class_2657	DarkOakTreeGrower	net.minecraft.world.level.block.grower.DarkOakTreeGrower
class_2658	ClientboundCustomPayloadPacket	net.minecraft.network.protocol.game.ClientboundCustomPayloadPacket
class_2659	SpruceTreeGrower	net.minecraft.world.level.block.grower.SpruceTreeGrower
class_266	Objective	net.minecraft.world.scores.Objective
class_2661	ClientboundDisconnectPacket	net.minecraft.network.protocol.game.ClientboundDisconnectPacket
class_2662	OakTreeGrower	net.minecraft.world.level.block.grower.OakTreeGrower
class_2663	ClientboundEntityEventPacket	net.minecraft.network.protocol.game.ClientboundEntityEventPacket
class_2664	ClientboundExplodePacket	net.minecraft.network.protocol.game.ClientboundExplodePacket
class_2665	PistonBaseBlock	net.minecraft.world.level.block.piston.PistonBaseBlock
class_2666	ClientboundForgetLevelChunkPacket	net.minecraft.network.protocol.game.ClientboundForgetLevelChunkPacket
class_2667	MovingPistonBlock	net.minecraft.world.level.block.piston.MovingPistonBlock
class_2668	ClientboundGameEventPacket	net.minecraft.network.protocol.game.ClientboundGameEventPacket
class_2669	PistonMovingBlockEntity	net.minecraft.world.level.block.piston.PistonMovingBlockEntity
class_267	Score	net.minecraft.world.scores.Score
class_2670	ClientboundKeepAlivePacket	net.minecraft.network.protocol.game.ClientboundKeepAlivePacket
class_2671	PistonHeadBlock	net.minecraft.world.level.block.piston.PistonHeadBlock
class_2672	ClientboundLevelChunkWithLightPacket	net.minecraft.network.protocol.game.ClientboundLevelChunkWithLightPacket
class_2673	ClientboundLevelEventPacket	net.minecraft.network.protocol.game.ClientboundLevelEventPacket
class_2674	PistonStructureResolver	net.minecraft.world.level.block.piston.PistonStructureResolver
class_2675	ClientboundLevelParticlesPacket	net.minecraft.network.protocol.game.ClientboundLevelParticlesPacket
class_2676	ClientboundLightUpdatePacket	net.minecraft.network.protocol.game.ClientboundLightUpdatePacket
class_2678	ClientboundLoginPacket	net.minecraft.network.protocol.game.ClientboundLoginPacket
class_268	PlayerTeam	net.minecraft.world.scores.PlayerTeam
class_2680	BlockState	net.minecraft.world.level.block.state.BlockState
class_2682	EmptyBlockGetter	net.minecraft.world.level.EmptyBlockGetter
class_2683	ClientboundMapItemDataPacket	net.minecraft.network.protocol.game.ClientboundMapItemDataPacket
class_2684	ClientboundMoveEntityPacket	net.minecraft.network.protocol.game.ClientboundMoveEntityPacket
class_2688	StateHolder	net.minecraft.world.level.block.state.StateHolder
class_2689	StateDefinition	net.minecraft.world.level.block.state.StateDefinition
class_269	Scoreboard	net.minecraft.world.scores.Scoreboard
class_2692	ClientboundMoveVehiclePacket	net.minecraft.network.protocol.game.ClientboundMoveVehiclePacket
class_2693	ClientboundOpenSignEditorPacket	net.minecraft.network.protocol.game.ClientboundOpenSignEditorPacket
class_2694	BlockInWorld	net.minecraft.world.level.block.state.pattern.BlockInWorld
class_2695	ClientboundPlaceGhostRecipePacket	net.minecraft.network.protocol.game.ClientboundPlaceGhostRecipePacket
class_2696	ClientboundPlayerAbilitiesPacket	net.minecraft.network.protocol.game.ClientboundPlayerAbilitiesPacket
class_2697	BlockPatternBuilder	net.minecraft.world.level.block.state.pattern.BlockPatternBuilder
class_27	DerivedLevelData	net.minecraft.world.level.storage.DerivedLevelData
class_270	Team	net.minecraft.world.scores.Team
class_2700	BlockPattern	net.minecraft.world.level.block.state.pattern.BlockPattern
class_2703	ClientboundPlayerInfoUpdatePacket	net.minecraft.network.protocol.game.ClientboundPlayerInfoUpdatePacket
class_2707	ClientboundPlayerLookAtPacket	net.minecraft.network.protocol.game.ClientboundPlayerLookAtPacket
class_2708	ClientboundPlayerPositionPacket	net.minecraft.network.protocol.game.ClientboundPlayerPositionPacket
class_2709	RelativeMovement	net.minecraft.world.entity.RelativeMovement
class_2713	ClientboundRecipePacket	net.minecraft.network.protocol.game.ClientboundRecipePacket
class_2715	BlockStatePredicate	net.minecraft.world.level.block.state.predicate.BlockStatePredicate
class_2716	ClientboundRemoveEntitiesPacket	net.minecraft.network.protocol.game.ClientboundRemoveEntitiesPacket
class_2717	BlockPredicate	net.minecraft.world.level.block.state.predicate.BlockPredicate
class_2718	ClientboundRemoveMobEffectPacket	net.minecraft.network.protocol.game.ClientboundRemoveMobEffectPacket
class_2720	ClientboundResourcePackPacket	net.minecraft.network.protocol.game.ClientboundResourcePackPacket
class_2724	ClientboundRespawnPacket	net.minecraft.network.protocol.game.ClientboundRespawnPacket
class_2726	ClientboundRotateHeadPacket	net.minecraft.network.protocol.game.ClientboundRotateHeadPacket
class_2729	ClientboundSelectAdvancementsTabPacket	net.minecraft.network.protocol.game.ClientboundSelectAdvancementsTabPacket
class_273	ScoreboardSaveData	net.minecraft.world.scores.ScoreboardSaveData
class_2734	ClientboundSetCameraPacket	net.minecraft.network.protocol.game.ClientboundSetCameraPacket
class_2735	ClientboundSetCarriedItemPacket	net.minecraft.network.protocol.game.ClientboundSetCarriedItemPacket
class_2736	ClientboundSetDisplayObjectivePacket	net.minecraft.network.protocol.game.ClientboundSetDisplayObjectivePacket
class_2737	BambooLeaves	net.minecraft.world.level.block.state.properties.BambooLeaves
class_2738	AttachFace	net.minecraft.world.level.block.state.properties.AttachFace
class_2739	ClientboundSetEntityDataPacket	net.minecraft.network.protocol.game.ClientboundSetEntityDataPacket
class_274	ObjectiveCriteria	net.minecraft.world.scores.criteria.ObjectiveCriteria
class_2740	ClientboundSetEntityLinkPacket	net.minecraft.network.protocol.game.ClientboundSetEntityLinkPacket
class_2741	BlockStateProperties	net.minecraft.world.level.block.state.properties.BlockStateProperties
class_2742	BedPart	net.minecraft.world.level.block.state.properties.BedPart
class_2743	ClientboundSetEntityMotionPacket	net.minecraft.network.protocol.game.ClientboundSetEntityMotionPacket
class_2744	ClientboundSetEquipmentPacket	net.minecraft.network.protocol.game.ClientboundSetEquipmentPacket
class_2745	ChestType	net.minecraft.world.level.block.state.properties.ChestType
class_2746	BooleanProperty	net.minecraft.world.level.block.state.properties.BooleanProperty
class_2747	ComparatorMode	net.minecraft.world.level.block.state.properties.ComparatorMode
class_2748	ClientboundSetExperiencePacket	net.minecraft.network.protocol.game.ClientboundSetExperiencePacket
class_2749	ClientboundSetHealthPacket	net.minecraft.network.protocol.game.ClientboundSetHealthPacket
class_2750	DoorHingeSide	net.minecraft.world.level.block.state.properties.DoorHingeSide
class_2751	ClientboundSetObjectivePacket	net.minecraft.network.protocol.game.ClientboundSetObjectivePacket
class_2752	ClientboundSetPassengersPacket	net.minecraft.network.protocol.game.ClientboundSetPassengersPacket
class_2753	DirectionProperty	net.minecraft.world.level.block.state.properties.DirectionProperty
class_2754	EnumProperty	net.minecraft.world.level.block.state.properties.EnumProperty
class_2756	DoubleBlockHalf	net.minecraft.world.level.block.state.properties.DoubleBlockHalf
class_2757	ClientboundSetScorePacket	net.minecraft.network.protocol.game.ClientboundSetScorePacket
class_2758	IntegerProperty	net.minecraft.world.level.block.state.properties.IntegerProperty
class_2759	ClientboundSetDefaultSpawnPositionPacket	net.minecraft.network.protocol.game.ClientboundSetDefaultSpawnPositionPacket
class_276	RenderTarget	com.mojang.blaze3d.pipeline.RenderTarget
class_2760	Half	net.minecraft.world.level.block.state.properties.Half
class_2761	ClientboundSetTimePacket	net.minecraft.network.protocol.game.ClientboundSetTimePacket
class_2764	PistonType	net.minecraft.world.level.block.state.properties.PistonType
class_2765	ClientboundSoundEntityPacket	net.minecraft.network.protocol.game.ClientboundSoundEntityPacket
class_2766	NoteBlockInstrument	net.minecraft.world.level.block.state.properties.NoteBlockInstrument
class_2767	ClientboundSoundPacket	net.minecraft.network.protocol.game.ClientboundSoundPacket
class_2768	RailShape	net.minecraft.world.level.block.state.properties.RailShape
class_2769	Property	net.minecraft.world.level.block.state.properties.Property
class_277	BlendMode	com.mojang.blaze3d.shaders.BlendMode
class_2770	ClientboundStopSoundPacket	net.minecraft.network.protocol.game.ClientboundStopSoundPacket
class_2771	SlabType	net.minecraft.world.level.block.state.properties.SlabType
class_2772	ClientboundTabListPacket	net.minecraft.network.protocol.game.ClientboundTabListPacket
class_2773	RedstoneSide	net.minecraft.world.level.block.state.properties.RedstoneSide
class_2774	ClientboundTagQueryPacket	net.minecraft.network.protocol.game.ClientboundTagQueryPacket
class_2775	ClientboundTakeItemEntityPacket	net.minecraft.network.protocol.game.ClientboundTakeItemEntityPacket
class_2776	StructureMode	net.minecraft.world.level.block.state.properties.StructureMode
class_2777	ClientboundTeleportEntityPacket	net.minecraft.network.protocol.game.ClientboundTeleportEntityPacket
class_2778	StairsShape	net.minecraft.world.level.block.state.properties.StairsShape
class_2779	ClientboundUpdateAdvancementsPacket	net.minecraft.network.protocol.game.ClientboundUpdateAdvancementsPacket
class_278	AbstractUniform	com.mojang.blaze3d.shaders.AbstractUniform
class_2780	BorderChangeListener	net.minecraft.world.level.border.BorderChangeListener
class_2781	ClientboundUpdateAttributesPacket	net.minecraft.network.protocol.game.ClientboundUpdateAttributesPacket
class_2783	ClientboundUpdateMobEffectPacket	net.minecraft.network.protocol.game.ClientboundUpdateMobEffectPacket
class_2784	WorldBorder	net.minecraft.world.level.border.WorldBorder
class_2788	ClientboundUpdateRecipesPacket	net.minecraft.network.protocol.game.ClientboundUpdateRecipesPacket
class_2789	BorderStatus	net.minecraft.world.level.border.BorderStatus
class_279	PostChain	net.minecraft.client.renderer.PostChain
class_2790	ClientboundUpdateTagsPacket	net.minecraft.network.protocol.game.ClientboundUpdateTagsPacket
class_2791	ChunkAccess	net.minecraft.world.level.chunk.ChunkAccess
class_2792	ServerGamePacketListener	net.minecraft.network.protocol.game.ServerGamePacketListener
class_2793	ServerboundAcceptTeleportationPacket	net.minecraft.network.protocol.game.ServerboundAcceptTeleportationPacket
class_2794	ChunkGenerator	net.minecraft.world.level.chunk.ChunkGenerator
class_2795	ServerboundBlockEntityTagQuery	net.minecraft.network.protocol.game.ServerboundBlockEntityTagQuery
class_2797	ServerboundChatPacket	net.minecraft.network.protocol.game.ServerboundChatPacket
class_2799	ServerboundClientCommandPacket	net.minecraft.network.protocol.game.ServerboundClientCommandPacket
class_280	EffectInstance	net.minecraft.client.renderer.EffectInstance
class_2802	ChunkSource	net.minecraft.world.level.chunk.ChunkSource
class_2803	ServerboundClientInformationPacket	net.minecraft.network.protocol.game.ServerboundClientInformationPacket
class_2804	DataLayer	net.minecraft.world.level.chunk.DataLayer
class_2805	ServerboundCommandSuggestionPacket	net.minecraft.network.protocol.game.ServerboundCommandSuggestionPacket
class_2806	ChunkStatus	net.minecraft.world.level.chunk.ChunkStatus
class_281	Program	com.mojang.blaze3d.shaders.Program
class_2810	StructureAccess	net.minecraft.world.level.chunk.StructureAccess
class_2811	ServerboundContainerButtonClickPacket	net.minecraft.network.protocol.game.ServerboundContainerButtonClickPacket
class_2812	EmptyLevelChunk	net.minecraft.world.level.chunk.EmptyLevelChunk
class_2813	ServerboundContainerClickPacket	net.minecraft.network.protocol.game.ServerboundContainerClickPacket
class_2814	HashMapPalette	net.minecraft.world.level.chunk.HashMapPalette
class_2815	ServerboundContainerClosePacket	net.minecraft.network.protocol.game.ServerboundContainerClosePacket
class_2816	GlobalPalette	net.minecraft.world.level.chunk.GlobalPalette
class_2817	ServerboundCustomPayloadPacket	net.minecraft.network.protocol.game.ServerboundCustomPayloadPacket
class_2818	LevelChunk	net.minecraft.world.level.chunk.LevelChunk
class_2820	ServerboundEditBookPacket	net.minecraft.network.protocol.game.ServerboundEditBookPacket
class_2821	ImposterProtoChunk	net.minecraft.world.level.chunk.ImposterProtoChunk
class_2822	ServerboundEntityTagQuery	net.minecraft.network.protocol.game.ServerboundEntityTagQuery
class_2823	LightChunkGetter	net.minecraft.world.level.chunk.LightChunkGetter
class_2824	ServerboundInteractPacket	net.minecraft.network.protocol.game.ServerboundInteractPacket
class_2826	LevelChunkSection	net.minecraft.world.level.chunk.LevelChunkSection
class_2827	ServerboundKeepAlivePacket	net.minecraft.network.protocol.game.ServerboundKeepAlivePacket
class_2828	ServerboundMovePlayerPacket	net.minecraft.network.protocol.game.ServerboundMovePlayerPacket
class_283	PostPass	net.minecraft.client.renderer.PostPass
class_2833	ServerboundMoveVehiclePacket	net.minecraft.network.protocol.game.ServerboundMoveVehiclePacket
class_2834	LinearPalette	net.minecraft.world.level.chunk.LinearPalette
class_2835	PaletteResize	net.minecraft.world.level.chunk.PaletteResize
class_2836	ServerboundPaddleBoatPacket	net.minecraft.network.protocol.game.ServerboundPaddleBoatPacket
class_2837	Palette	net.minecraft.world.level.chunk.Palette
class_2838	ServerboundPickItemPacket	net.minecraft.network.protocol.game.ServerboundPickItemPacket
class_2839	ProtoChunk	net.minecraft.world.level.chunk.ProtoChunk
class_284	Uniform	com.mojang.blaze3d.shaders.Uniform
class_2840	ServerboundPlaceRecipePacket	net.minecraft.network.protocol.game.ServerboundPlaceRecipePacket
class_2841	PalettedContainer	net.minecraft.world.level.chunk.PalettedContainer
class_2842	ServerboundPlayerAbilitiesPacket	net.minecraft.network.protocol.game.ServerboundPlayerAbilitiesPacket
class_2843	UpgradeData	net.minecraft.world.level.chunk.UpgradeData
class_2846	ServerboundPlayerActionPacket	net.minecraft.network.protocol.game.ServerboundPlayerActionPacket
class_2848	ServerboundPlayerCommandPacket	net.minecraft.network.protocol.game.ServerboundPlayerCommandPacket
class_285	ProgramManager	com.mojang.blaze3d.shaders.ProgramManager
class_2851	ServerboundPlayerInputPacket	net.minecraft.network.protocol.game.ServerboundPlayerInputPacket
class_2852	ChunkSerializer	net.minecraft.world.level.chunk.storage.ChunkSerializer
class_2853	ServerboundRecipeBookSeenRecipePacket	net.minecraft.network.protocol.game.ServerboundRecipeBookSeenRecipePacket
class_2855	ServerboundRenameItemPacket	net.minecraft.network.protocol.game.ServerboundRenameItemPacket
class_2856	ServerboundResourcePackPacket	net.minecraft.network.protocol.game.ServerboundResourcePackPacket
class_2859	ServerboundSeenAdvancementsPacket	net.minecraft.network.protocol.game.ServerboundSeenAdvancementsPacket
class_286	BufferUploader	com.mojang.blaze3d.vertex.BufferUploader
class_2861	RegionFile	net.minecraft.world.level.chunk.storage.RegionFile
class_2863	ServerboundSelectTradePacket	net.minecraft.network.protocol.game.ServerboundSelectTradePacket
class_2866	ServerboundSetBeaconPacket	net.minecraft.network.protocol.game.ServerboundSetBeaconPacket
class_2867	RegionFileStorage	net.minecraft.world.level.chunk.storage.RegionFileStorage
class_2868	ServerboundSetCarriedItemPacket	net.minecraft.network.protocol.game.ServerboundSetCarriedItemPacket
class_287	BufferBuilder	com.mojang.blaze3d.vertex.BufferBuilder
class_2870	ServerboundSetCommandBlockPacket	net.minecraft.network.protocol.game.ServerboundSetCommandBlockPacket
class_2871	ServerboundSetCommandMinecartPacket	net.minecraft.network.protocol.game.ServerboundSetCommandMinecartPacket
class_2873	ServerboundSetCreativeModeSlotPacket	net.minecraft.network.protocol.game.ServerboundSetCreativeModeSlotPacket
class_2874	DimensionType	net.minecraft.world.level.dimension.DimensionType
class_2875	ServerboundSetStructureBlockPacket	net.minecraft.network.protocol.game.ServerboundSetStructureBlockPacket
class_2876	DragonRespawnAnimation	net.minecraft.world.level.dimension.end.DragonRespawnAnimation
class_2877	ServerboundSignUpdatePacket	net.minecraft.network.protocol.game.ServerboundSignUpdatePacket
class_2879	ServerboundSwingPacket	net.minecraft.network.protocol.game.ServerboundSwingPacket
class_2881	EndDragonFight	net.minecraft.world.level.dimension.end.EndDragonFight
class_2884	ServerboundTeleportToEntityPacket	net.minecraft.network.protocol.game.ServerboundTeleportToEntityPacket
class_2885	ServerboundUseItemOnPacket	net.minecraft.network.protocol.game.ServerboundUseItemOnPacket
class_2886	ServerboundUseItemPacket	net.minecraft.network.protocol.game.ServerboundUseItemPacket
class_2889	ClientIntentionPacket	net.minecraft.network.protocol.handshake.ClientIntentionPacket
class_289	Tesselator	com.mojang.blaze3d.vertex.Tesselator
class_2890	ServerHandshakePacketListener	net.minecraft.network.protocol.handshake.ServerHandshakePacketListener
class_2891	DebugLevelSource	net.minecraft.world.level.levelgen.DebugLevelSource
class_2893	GenerationStep	net.minecraft.world.level.levelgen.GenerationStep
class_2896	ClientLoginPacketListener	net.minecraft.network.protocol.login.ClientLoginPacketListener
class_2897	FlatLevelSource	net.minecraft.world.level.levelgen.FlatLevelSource
class_2899	ClientboundCustomQueryPacket	net.minecraft.network.protocol.login.ClientboundCustomQueryPacket
class_29	PlayerDataStorage	net.minecraft.world.level.storage.PlayerDataStorage
class_290	DefaultVertexFormat	com.mojang.blaze3d.vertex.DefaultVertexFormat
class_2901	ClientboundGameProfilePacket	net.minecraft.network.protocol.login.ClientboundGameProfilePacket
class_2902	Heightmap	net.minecraft.world.level.levelgen.Heightmap
class_2905	ClientboundHelloPacket	net.minecraft.network.protocol.login.ClientboundHelloPacket
class_2907	ClientboundLoginCompressionPacket	net.minecraft.network.protocol.login.ClientboundLoginCompressionPacket
class_2909	ClientboundLoginDisconnectPacket	net.minecraft.network.protocol.login.ClientboundLoginDisconnectPacket
class_291	VertexBuffer	com.mojang.blaze3d.vertex.VertexBuffer
class_2910	PhantomSpawner	net.minecraft.world.level.levelgen.PhantomSpawner
class_2911	ServerLoginPacketListener	net.minecraft.network.protocol.login.ServerLoginPacketListener
class_2913	ServerboundCustomQueryPacket	net.minecraft.network.protocol.login.ServerboundCustomQueryPacket
class_2915	ServerboundHelloPacket	net.minecraft.network.protocol.login.ServerboundHelloPacket
class_2917	ServerboundKeyPacket	net.minecraft.network.protocol.login.ServerboundKeyPacket
class_2919	WorldgenRandom	net.minecraft.world.level.levelgen.WorldgenRandom
class_2921	ClientStatusPacketListener	net.minecraft.network.protocol.status.ClientStatusPacketListener
class_2922	ConfiguredWorldCarver	net.minecraft.world.level.levelgen.carver.ConfiguredWorldCarver
class_2923	ClientboundPongResponsePacket	net.minecraft.network.protocol.status.ClientboundPongResponsePacket
class_2924	ClientboundStatusResponsePacket	net.minecraft.network.protocol.status.ClientboundStatusResponsePacket
class_2925	CaveWorldCarver	net.minecraft.world.level.levelgen.carver.CaveWorldCarver
class_2926	ServerStatus	net.minecraft.network.protocol.status.ServerStatus
class_293	VertexFormat	com.mojang.blaze3d.vertex.VertexFormat
class_2933	ServerStatusPacketListener	net.minecraft.network.protocol.status.ServerStatusPacketListener
class_2934	NetherWorldCarver	net.minecraft.world.level.levelgen.carver.NetherWorldCarver
class_2935	ServerboundPingRequestPacket	net.minecraft.network.protocol.status.ServerboundPingRequestPacket
class_2937	ServerboundStatusRequestPacket	net.minecraft.network.protocol.status.ServerboundStatusRequestPacket
class_2939	WorldCarver	net.minecraft.world.level.levelgen.carver.WorldCarver
class_2940	EntityDataAccessor	net.minecraft.network.syncher.EntityDataAccessor
class_2941	EntityDataSerializer	net.minecraft.network.syncher.EntityDataSerializer
class_2942	BambooFeature	net.minecraft.world.level.levelgen.feature.BambooFeature
class_2943	EntityDataSerializers	net.minecraft.network.syncher.EntityDataSerializers
class_2944	TreeFeature	net.minecraft.world.level.levelgen.feature.TreeFeature
class_2945	SynchedEntityData	net.minecraft.network.syncher.SynchedEntityData
class_2950	BlockBlobFeature	net.minecraft.world.level.levelgen.feature.BlockBlobFeature
class_2952	PlaceRecipe	net.minecraft.recipebook.PlaceRecipe
class_2953	BonusChestFeature	net.minecraft.world.level.levelgen.feature.BonusChestFeature
class_2954	BlueIceFeature	net.minecraft.world.level.levelgen.feature.BlueIceFeature
class_2955	ServerPlaceRecipe	net.minecraft.recipebook.ServerPlaceRecipe
class_2956	BuriedTreasureStructure	net.minecraft.world.level.levelgen.structure.structures.BuriedTreasureStructure
class_296	VertexFormatElement	com.mojang.blaze3d.vertex.VertexFormatElement
class_2960	ResourceLocation	net.minecraft.resources.ResourceLocation
class_2963	BlockStateConfiguration	net.minecraft.world.level.levelgen.feature.configurations.BlockStateConfiguration
class_2964	ChorusPlantFeature	net.minecraft.world.level.levelgen.feature.ChorusPlantFeature
class_2965	AbstractProjectileDispenseBehavior	net.minecraft.core.dispenser.AbstractProjectileDispenseBehavior
class_2966	Bootstrap	net.minecraft.server.Bootstrap
class_2967	BoatDispenseItemBehavior	net.minecraft.core.dispenser.BoatDispenseItemBehavior
class_2968	DirectionalPlaceContext	net.minecraft.world.item.context.DirectionalPlaceContext
class_2969	OptionalDispenseItemBehavior	net.minecraft.core.dispenser.OptionalDispenseItemBehavior
class_2970	ShulkerBoxDispenseBehavior	net.minecraft.core.dispenser.ShulkerBoxDispenseBehavior
class_2972	CoralClawFeature	net.minecraft.world.level.levelgen.feature.CoralClawFeature
class_2973	ChainedJsonException	net.minecraft.server.ChainedJsonException
class_2975	ConfiguredFeature	net.minecraft.world.level.levelgen.feature.ConfiguredFeature
class_2976	ConsoleInput	net.minecraft.server.ConsoleInput
class_2977	CoralMushroomFeature	net.minecraft.world.level.levelgen.feature.CoralMushroomFeature
class_2978	CoralFeature	net.minecraft.world.level.levelgen.feature.CoralFeature
class_2979	CoralTreeFeature	net.minecraft.world.level.levelgen.feature.CoralTreeFeature
class_2980	DebugLoggedPrintStream	net.minecraft.server.DebugLoggedPrintStream
class_2981	Eula	net.minecraft.server.Eula
class_2983	LoggedPrintStream	net.minecraft.server.LoggedPrintStream
class_2984	CountConfiguration	net.minecraft.world.level.levelgen.feature.configurations.CountConfiguration
class_2985	PlayerAdvancements	net.minecraft.server.PlayerAdvancements
class_2987	RunningOnDifferentThreadException	net.minecraft.server.RunningOnDifferentThreadException
class_2989	ServerAdvancementManager	net.minecraft.server.ServerAdvancementManager
class_299	ClientRecipeBook	net.minecraft.client.ClientRecipeBook
class_2991	ServerFunctionManager	net.minecraft.server.ServerFunctionManager
class_2994	ServerInterface	net.minecraft.server.ServerInterface
class_2995	ServerScoreboard	net.minecraft.server.ServerScoreboard
class_300	DebugQueryHandler	net.minecraft.client.DebugQueryHandler
class_3002	CustomBossEvent	net.minecraft.server.bossevents.CustomBossEvent
class_3003	NoiseThresholdCountPlacement	net.minecraft.world.level.levelgen.placement.NoiseThresholdCountPlacement
class_3004	CustomBossEvents	net.minecraft.server.bossevents.CustomBossEvents
class_3005	DesertWellFeature	net.minecraft.world.level.levelgen.feature.DesertWellFeature
class_3006	DesertPyramidStructure	net.minecraft.world.level.levelgen.structure.structures.DesertPyramidStructure
class_3008	AdvancementCommands	net.minecraft.server.commands.AdvancementCommands
class_301	DebugMemoryUntracker	com.mojang.blaze3d.platform.DebugMemoryUntracker
class_3011	DiskFeature	net.minecraft.world.level.levelgen.feature.DiskFeature
class_3012	BanIpCommands	net.minecraft.server.commands.BanIpCommands
class_3014	BanListCommands	net.minecraft.server.commands.BanListCommands
class_3016	BanPlayerCommands	net.minecraft.server.commands.BanPlayerCommands
class_3018	EndGatewayConfiguration	net.minecraft.world.level.levelgen.feature.configurations.EndGatewayConfiguration
class_3019	BossBarCommands	net.minecraft.server.commands.BossBarCommands
class_302	HotbarManager	net.minecraft.client.HotbarManager
class_3020	ClearInventoryCommands	net.minecraft.server.commands.ClearInventoryCommands
class_3021	EndCityStructure	net.minecraft.world.level.levelgen.structure.structures.EndCityStructure
class_3023	CloneCommands	net.minecraft.server.commands.CloneCommands
class_3026	EndIslandFeature	net.minecraft.world.level.levelgen.feature.EndIslandFeature
class_3027	DataPackCommand	net.minecraft.server.commands.DataPackCommand
class_3029	EndGatewayFeature	net.minecraft.world.level.levelgen.feature.EndGatewayFeature
class_303	GuiMessage	net.minecraft.client.GuiMessage
class_3030	DeOpCommands	net.minecraft.server.commands.DeOpCommands
class_3031	Feature	net.minecraft.world.level.levelgen.feature.Feature
class_3032	DebugCommand	net.minecraft.server.commands.DebugCommand
class_3033	EndPodiumFeature	net.minecraft.world.level.levelgen.feature.EndPodiumFeature
class_3035	DefaultGameModeCommands	net.minecraft.server.commands.DefaultGameModeCommands
class_3036	DifficultyCommand	net.minecraft.server.commands.DifficultyCommand
class_3037	FeatureConfiguration	net.minecraft.world.level.levelgen.feature.configurations.FeatureConfiguration
class_3039	LootCommand	net.minecraft.server.commands.LootCommand
class_304	KeyMapping	net.minecraft.client.KeyMapping
class_3043	EffectCommands	net.minecraft.server.commands.EffectCommands
class_3044	FossilFeature	net.minecraft.world.level.levelgen.feature.FossilFeature
class_3045	EmoteCommands	net.minecraft.server.commands.EmoteCommands
class_3047	GlowstoneFeature	net.minecraft.world.level.levelgen.feature.GlowstoneFeature
class_3048	EnchantCommand	net.minecraft.server.commands.EnchantCommand
class_3050	ExecuteCommand	net.minecraft.server.commands.ExecuteCommand
class_3054	ExperienceCommand	net.minecraft.server.commands.ExperienceCommand
class_3057	FillCommand	net.minecraft.server.commands.FillCommand
class_3059	HugeBrownMushroomFeature	net.minecraft.world.level.levelgen.feature.HugeBrownMushroomFeature
class_3060	ForceLoadCommand	net.minecraft.server.commands.ForceLoadCommand
class_3062	FunctionCommand	net.minecraft.server.commands.FunctionCommand
class_3064	GameModeCommand	net.minecraft.server.commands.GameModeCommand
class_3065	GameRuleCommand	net.minecraft.server.commands.GameRuleCommand
class_3066	HugeRedMushroomFeature	net.minecraft.world.level.levelgen.feature.HugeRedMushroomFeature
class_3068	GiveCommand	net.minecraft.server.commands.GiveCommand
class_3069	HelpCommand	net.minecraft.server.commands.HelpCommand
class_3070	IceSpikeFeature	net.minecraft.world.level.levelgen.feature.IceSpikeFeature
class_3071	IglooStructure	net.minecraft.world.level.levelgen.structure.structures.IglooStructure
class_3073	KickCommand	net.minecraft.server.commands.KickCommand
class_3074	IcebergFeature	net.minecraft.world.level.levelgen.feature.IcebergFeature
class_3075	KillCommand	net.minecraft.server.commands.KillCommand
class_3076	JungleTempleStructure	net.minecraft.world.level.levelgen.structure.structures.JungleTempleStructure
class_3078	ListPlayersCommand	net.minecraft.server.commands.ListPlayersCommand
class_3079	LocateCommand	net.minecraft.server.commands.LocateCommand
class_308	Lighting	com.mojang.blaze3d.platform.Lighting
class_3081	KelpFeature	net.minecraft.world.level.levelgen.feature.KelpFeature
class_3082	MsgCommand	net.minecraft.server.commands.MsgCommand
class_3083	OpCommand	net.minecraft.server.commands.OpCommand
class_3085	LakeFeature	net.minecraft.world.level.levelgen.feature.LakeFeature
class_3086	PardonCommand	net.minecraft.server.commands.PardonCommand
class_3088	PardonIpCommand	net.minecraft.server.commands.PardonIpCommand
class_3089	ParticleCommand	net.minecraft.server.commands.ParticleCommand
class_309	KeyboardHandler	net.minecraft.client.KeyboardHandler
class_3091	PlaySoundCommand	net.minecraft.server.commands.PlaySoundCommand
class_3093	PublishCommand	net.minecraft.server.commands.PublishCommand
class_3095	RecipeCommand	net.minecraft.server.commands.RecipeCommand
class_3097	ReloadCommand	net.minecraft.server.commands.ReloadCommand
class_3098	MineshaftStructure	net.minecraft.world.level.levelgen.structure.structures.MineshaftStructure
class_31	PrimaryLevelData	net.minecraft.world.level.storage.PrimaryLevelData
class_310	Minecraft	net.minecraft.client.Minecraft
class_3103	MonsterRoomFeature	net.minecraft.world.level.levelgen.feature.MonsterRoomFeature
class_3104	SaveAllCommand	net.minecraft.server.commands.SaveAllCommand
class_3106	SaveOffCommand	net.minecraft.server.commands.SaveOffCommand
class_3107	SaveOnCommand	net.minecraft.server.commands.SaveOnCommand
class_3108	NetherFortressStructure	net.minecraft.world.level.levelgen.structure.structures.NetherFortressStructure
class_311	MemoryTracker	com.mojang.blaze3d.platform.MemoryTracker
class_3110	SayCommand	net.minecraft.server.commands.SayCommand
class_3111	NoneFeatureConfiguration	net.minecraft.world.level.levelgen.feature.configurations.NoneFeatureConfiguration
class_3112	ScheduleCommand	net.minecraft.server.commands.ScheduleCommand
class_3115	ScoreboardCommand	net.minecraft.server.commands.ScoreboardCommand
class_3116	OceanMonumentStructure	net.minecraft.world.level.levelgen.structure.structures.OceanMonumentStructure
class_3118	SeedCommand	net.minecraft.server.commands.SeedCommand
class_3119	SetBlockCommand	net.minecraft.server.commands.SetBlockCommand
class_312	MouseHandler	net.minecraft.client.MouseHandler
class_3122	OreFeature	net.minecraft.world.level.levelgen.feature.OreFeature
class_3123	SetPlayerIdleTimeoutCommand	net.minecraft.server.commands.SetPlayerIdleTimeoutCommand
class_3124	OreConfiguration	net.minecraft.world.level.levelgen.feature.configurations.OreConfiguration
class_3127	SetSpawnCommand	net.minecraft.server.commands.SetSpawnCommand
class_3128	SetWorldSpawnCommand	net.minecraft.server.commands.SetWorldSpawnCommand
class_313	Monitor	com.mojang.blaze3d.platform.Monitor
class_3131	SpreadPlayersCommand	net.minecraft.server.commands.SpreadPlayersCommand
class_3133	ProbabilityFeatureConfiguration	net.minecraft.world.level.levelgen.feature.configurations.ProbabilityFeatureConfiguration
class_3134	StopCommand	net.minecraft.server.commands.StopCommand
class_3135	RandomBooleanSelectorFeature	net.minecraft.world.level.levelgen.feature.RandomBooleanSelectorFeature
class_3136	StopSoundCommand	net.minecraft.server.commands.StopSoundCommand
class_3137	RandomBooleanFeatureConfiguration	net.minecraft.world.level.levelgen.feature.configurations.RandomBooleanFeatureConfiguration
class_3138	SummonCommand	net.minecraft.server.commands.SummonCommand
class_314	RecipeBookCategories	net.minecraft.client.RecipeBookCategories
class_3140	TagCommand	net.minecraft.server.commands.TagCommand
class_3141	RandomFeatureConfiguration	net.minecraft.world.level.levelgen.feature.configurations.RandomFeatureConfiguration
class_3142	TeamCommand	net.minecraft.server.commands.TeamCommand
class_3143	TeleportCommand	net.minecraft.server.commands.TeleportCommand
class_3146	TellRawCommand	net.minecraft.server.commands.TellRawCommand
class_3149	TimeCommand	net.minecraft.server.commands.TimeCommand
class_315	Options	net.minecraft.client.Options
class_3150	RandomSelectorFeature	net.minecraft.world.level.levelgen.feature.RandomSelectorFeature
class_3151	TitleCommand	net.minecraft.server.commands.TitleCommand
class_3152	ReplaceBlockFeature	net.minecraft.world.level.levelgen.feature.ReplaceBlockFeature
class_3153	TriggerCommand	net.minecraft.server.commands.TriggerCommand
class_3154	ReplaceBlockConfiguration	net.minecraft.world.level.levelgen.feature.configurations.ReplaceBlockConfiguration
class_3155	WeatherCommand	net.minecraft.server.commands.WeatherCommand
class_3156	WhitelistCommand	net.minecraft.server.commands.WhitelistCommand
class_3158	WorldBorderCommand	net.minecraft.server.commands.WorldBorderCommand
class_3160	SeaPickleFeature	net.minecraft.world.level.levelgen.feature.SeaPickleFeature
class_3161	BlockDataAccessor	net.minecraft.server.commands.data.BlockDataAccessor
class_3162	DataAccessor	net.minecraft.server.commands.data.DataAccessor
class_3164	DataCommands	net.minecraft.server.commands.data.DataCommands
class_3168	SeagrassFeature	net.minecraft.world.level.levelgen.feature.SeagrassFeature
class_3169	EntityDataAccessor	net.minecraft.server.commands.data.EntityDataAccessor
class_317	Timer	net.minecraft.client.Timer
class_3170	ShipwreckStructure	net.minecraft.world.level.levelgen.structure.structures.ShipwreckStructure
class_3173	SimpleBlockFeature	net.minecraft.world.level.levelgen.feature.SimpleBlockFeature
class_3174	DedicatedPlayerList	net.minecraft.server.dedicated.DedicatedPlayerList
class_3175	SimpleBlockConfiguration	net.minecraft.world.level.levelgen.feature.configurations.SimpleBlockConfiguration
class_3176	DedicatedServer	net.minecraft.server.dedicated.DedicatedServer
class_3177	SimpleRandomSelectorFeature	net.minecraft.world.level.levelgen.feature.SimpleRandomSelectorFeature
class_3178	ServerWatchdog	net.minecraft.server.dedicated.ServerWatchdog
class_3179	SimpleRandomFeatureConfiguration	net.minecraft.world.level.levelgen.feature.configurations.SimpleRandomFeatureConfiguration
class_318	Screenshot	net.minecraft.client.Screenshot
class_3182	MinecraftServerGui	net.minecraft.server.gui.MinecraftServerGui
class_3183	SnowAndFreezeFeature	net.minecraft.world.level.levelgen.feature.SnowAndFreezeFeature
class_3184	PlayerListComponent	net.minecraft.server.gui.PlayerListComponent
class_3185	SpringFeature	net.minecraft.world.level.levelgen.feature.SpringFeature
class_3186	StatsComponent	net.minecraft.server.gui.StatsComponent
class_3188	StrongholdStructure	net.minecraft.world.level.levelgen.structure.structures.StrongholdStructure
class_319	VideoMode	com.mojang.blaze3d.platform.VideoMode
class_3191	BlockDestructionProgress	net.minecraft.server.level.BlockDestructionProgress
class_3193	ChunkHolder	net.minecraft.server.level.ChunkHolder
class_3194	FullChunkStatus	net.minecraft.server.level.FullChunkStatus
class_3195	Structure	net.minecraft.world.level.levelgen.structure.Structure
class_3196	ChunkTracker	net.minecraft.server.level.ChunkTracker
class_3197	SwampHutStructure	net.minecraft.world.level.levelgen.structure.structures.SwampHutStructure
class_32	LevelStorageSource	net.minecraft.world.level.storage.LevelStorageSource
class_320	User	net.minecraft.client.User
class_3201	DemoMode	net.minecraft.server.level.DemoMode
class_3204	DistanceManager	net.minecraft.server.level.DistanceManager
class_3210	PlayerMap	net.minecraft.server.level.PlayerMap
class_3213	ServerBossEvent	net.minecraft.server.level.ServerBossEvent
class_3215	ServerChunkCache	net.minecraft.server.level.ServerChunkCache
class_3217	VoidStartPlatformFeature	net.minecraft.world.level.levelgen.feature.VoidStartPlatformFeature
class_3218	ServerLevel	net.minecraft.server.level.ServerLevel
class_3219	VinesFeature	net.minecraft.world.level.levelgen.feature.VinesFeature
class_322	BlockColor	net.minecraft.client.color.block.BlockColor
class_3222	ServerPlayer	net.minecraft.server.level.ServerPlayer
class_3223	WoodlandMansionStructure	net.minecraft.world.level.levelgen.structure.structures.WoodlandMansionStructure
class_3225	ServerPlayerGameMode	net.minecraft.server.level.ServerPlayerGameMode
class_3226	WeightedPlacedFeature	net.minecraft.world.level.levelgen.feature.WeightedPlacedFeature
class_3227	ThreadedLevelLightEngine	net.minecraft.server.level.ThreadedLevelLightEngine
class_3228	Ticket	net.minecraft.server.level.Ticket
class_3229	FlatLayerInfo	net.minecraft.world.level.levelgen.flat.FlatLayerInfo
class_323	ScreenManager	com.mojang.blaze3d.platform.ScreenManager
class_3230	TicketType	net.minecraft.server.level.TicketType
class_3231	ServerEntity	net.minecraft.server.level.ServerEntity
class_3232	FlatLevelGeneratorSettings	net.minecraft.world.level.levelgen.flat.FlatLevelGeneratorSettings
class_3233	WorldGenRegion	net.minecraft.server.level.WorldGenRegion
class_3235	WorldGenTickAccess	net.minecraft.world.ticks.WorldGenTickAccess
class_3238	LegacyQueryHandler	net.minecraft.server.network.LegacyQueryHandler
class_324	BlockColors	net.minecraft.client.color.block.BlockColors
class_3240	MemoryServerHandshakePacketListenerImpl	net.minecraft.server.network.MemoryServerHandshakePacketListenerImpl
class_3242	ServerConnectionListener	net.minecraft.server.network.ServerConnectionListener
class_3244	ServerGamePacketListenerImpl	net.minecraft.server.network.ServerGamePacketListenerImpl
class_3246	ServerHandshakePacketListenerImpl	net.minecraft.server.network.ServerHandshakePacketListenerImpl
class_3248	ServerLoginPacketListenerImpl	net.minecraft.server.network.ServerLoginPacketListenerImpl
class_325	ItemColors	net.minecraft.client.color.item.ItemColors
class_3251	ServerStatusPacketListenerImpl	net.minecraft.server.network.ServerStatusPacketListenerImpl
class_3255	AbstractPackResources	net.minecraft.server.packs.AbstractPackResources
class_3258	FilePackResources	net.minecraft.server.packs.FilePackResources
class_3259	PathPackResources	net.minecraft.server.packs.PathPackResources
class_326	ItemColor	net.minecraft.client.color.item.ItemColor
class_3262	PackResources	net.minecraft.server.packs.PackResources
class_3264	PackType	net.minecraft.server.packs.PackType
class_3268	VanillaPackResources	net.minecraft.server.packs.VanillaPackResources
class_327	Font	net.minecraft.client.gui.Font
class_3270	MetadataSectionSerializer	net.minecraft.server.packs.metadata.MetadataSectionSerializer
class_3272	PackMetadataSection	net.minecraft.server.packs.metadata.pack.PackMetadataSection
class_3274	PackMetadataSectionSerializer	net.minecraft.server.packs.metadata.pack.PackMetadataSectionSerializer
class_3275	NoiseBasedCountPlacement	net.minecraft.world.level.levelgen.placement.NoiseBasedCountPlacement
class_3279	FolderRepositorySource	net.minecraft.server.packs.repository.FolderRepositorySource
class_3281	PackCompatibility	net.minecraft.server.packs.repository.PackCompatibility
class_3283	PackRepository	net.minecraft.server.packs.repository.PackRepository
class_3285	RepositorySource	net.minecraft.server.packs.repository.RepositorySource
class_3286	ServerPacksSource	net.minecraft.server.packs.repository.ServerPacksSource
class_3288	Pack	net.minecraft.server.packs.repository.Pack
class_329	Gui	net.minecraft.client.gui.Gui
class_3294	FallbackResourceManager	net.minecraft.server.packs.resources.FallbackResourceManager
class_3298	Resource	net.minecraft.server.packs.resources.Resource
class_33	LevelStorageException	net.minecraft.world.level.storage.LevelStorageException
class_330	MapRenderer	net.minecraft.client.gui.MapRenderer
class_3300	ResourceManager	net.minecraft.server.packs.resources.ResourceManager
class_3302	PreparableReloadListener	net.minecraft.server.packs.resources.PreparableReloadListener
class_3304	ReloadableResourceManager	net.minecraft.server.packs.resources.ReloadableResourceManager
class_3309	BanListEntry	net.minecraft.server.players.BanListEntry
class_3310	SpikeFeature	net.minecraft.world.level.levelgen.feature.SpikeFeature
class_3312	GameProfileCache	net.minecraft.server.players.GameProfileCache
class_3317	IpBanList	net.minecraft.server.players.IpBanList
class_332	GuiGraphics	net.minecraft.client.gui.GuiGraphics
class_3320	IpBanListEntry	net.minecraft.server.players.IpBanListEntry
class_3321	OldUsersConverter	net.minecraft.server.players.OldUsersConverter
class_3324	PlayerList	net.minecraft.server.players.PlayerList
class_3326	ServerOpList	net.minecraft.server.players.ServerOpList
class_3327	ServerOpListEntry	net.minecraft.server.players.ServerOpListEntry
class_333	GameNarrator	net.minecraft.client.GameNarrator
class_3330	StoredUserEntry	net.minecraft.server.players.StoredUserEntry
class_3331	StoredUserList	net.minecraft.server.players.StoredUserList
class_3335	UserBanList	net.minecraft.server.players.UserBanList
class_3336	UserBanListEntry	net.minecraft.server.players.UserBanListEntry
class_3337	UserWhiteList	net.minecraft.server.players.UserWhiteList
class_3340	UserWhiteListEntry	net.minecraft.server.players.UserWhiteListEntry
class_3341	BoundingBox	net.minecraft.world.level.levelgen.structure.BoundingBox
class_3342	EndCityPieces	net.minecraft.world.level.levelgen.structure.structures.EndCityPieces
class_3345	NetworkDataOutputStream	net.minecraft.server.rcon.NetworkDataOutputStream
class_3346	DesertPyramidPiece	net.minecraft.world.level.levelgen.structure.structures.DesertPyramidPiece
class_3347	PktUtils	net.minecraft.server.rcon.PktUtils
class_3348	JungleTemplePiece	net.minecraft.world.level.levelgen.structure.structures.JungleTemplePiece
class_3350	RconConsoleSource	net.minecraft.server.rcon.RconConsoleSource
class_3351	IglooPieces	net.minecraft.world.level.levelgen.structure.structures.IglooPieces
class_3353	MineshaftPieces	net.minecraft.world.level.levelgen.structure.structures.MineshaftPieces
class_3359	GenericThread	net.minecraft.server.rcon.thread.GenericThread
class_3360	LegacyStructureDataHandler	net.minecraft.world.level.levelgen.structure.LegacyStructureDataHandler
class_3364	QueryThreadGs4	net.minecraft.server.rcon.thread.QueryThreadGs4
class_3366	OceanMonumentPieces	net.minecraft.world.level.levelgen.structure.structures.OceanMonumentPieces
class_337	BossHealthOverlay	net.minecraft.client.gui.components.BossHealthOverlay
class_338	ChatComponent	net.minecraft.client.gui.components.ChatComponent
class_3389	RconClient	net.minecraft.server.rcon.thread.RconClient
class_339	AbstractWidget	net.minecraft.client.gui.components.AbstractWidget
class_3390	NetherFortressPieces	net.minecraft.world.level.levelgen.structure.structures.NetherFortressPieces
class_34	LevelSummary	net.minecraft.world.level.storage.LevelSummary
class_340	DebugScreenOverlay	net.minecraft.client.gui.components.DebugScreenOverlay
class_3408	RconThread	net.minecraft.server.rcon.thread.RconThread
class_3409	OceanRuinPieces	net.minecraft.world.level.levelgen.structure.structures.OceanRuinPieces
class_341	ComponentRenderUtils	net.minecraft.client.gui.components.ComponentRenderUtils
class_3411	OceanRuinStructure	net.minecraft.world.level.levelgen.structure.structures.OceanRuinStructure
class_3414	SoundEvent	net.minecraft.sounds.SoundEvent
class_3415	ShipwreckPieces	net.minecraft.world.level.levelgen.structure.structures.ShipwreckPieces
class_3417	SoundEvents	net.minecraft.sounds.SoundEvents
class_3418	ScatteredFeaturePiece	net.minecraft.world.level.levelgen.structure.ScatteredFeaturePiece
class_3419	SoundSource	net.minecraft.sounds.SoundSource
class_342	EditBox	net.minecraft.client.gui.components.EditBox
class_3421	StrongholdPieces	net.minecraft.world.level.levelgen.structure.structures.StrongholdPieces
class_3439	RecipeBook	net.minecraft.stats.RecipeBook
class_344	ImageButton	net.minecraft.client.gui.components.ImageButton
class_3440	StructureFeatureIndexSavedData	net.minecraft.world.level.levelgen.structure.StructureFeatureIndexSavedData
class_3441	ServerRecipeBook	net.minecraft.stats.ServerRecipeBook
class_3442	ServerStatsCounter	net.minecraft.stats.ServerStatsCounter
class_3443	StructurePiece	net.minecraft.world.level.levelgen.structure.StructurePiece
class_3445	Stat	net.minecraft.stats.Stat
class_3446	StatFormatter	net.minecraft.stats.StatFormatter
class_3447	SwampHutPiece	net.minecraft.world.level.levelgen.structure.structures.SwampHutPiece
class_3448	StatType	net.minecraft.stats.StatType
class_3449	StructureStart	net.minecraft.world.level.levelgen.structure.StructureStart
class_345	LerpingBossEvent	net.minecraft.client.gui.components.LerpingBossEvent
class_3468	Stats	net.minecraft.stats.Stats
class_3469	StatsCounter	net.minecraft.stats.StatsCounter
class_347	LockIconButton	net.minecraft.client.gui.components.LockIconButton
class_3470	TemplateStructurePiece	net.minecraft.world.level.levelgen.structure.TemplateStructurePiece
class_3471	WoodlandMansionPieces	net.minecraft.world.level.levelgen.structure.structures.WoodlandMansionPieces
class_3481	BlockTags	net.minecraft.tags.BlockTags
class_3483	EntityTypeTags	net.minecraft.tags.EntityTypeTags
class_3485	StructureTemplateManager	net.minecraft.world.level.levelgen.structure.templatesystem.StructureTemplateManager
class_3486	FluidTags	net.minecraft.tags.FluidTags
class_3488	BlockRotProcessor	net.minecraft.world.level.levelgen.structure.templatesystem.BlockRotProcessor
class_3489	ItemTags	net.minecraft.tags.ItemTags
class_3491	StructureProcessor	net.minecraft.world.level.levelgen.structure.templatesystem.StructureProcessor
class_3492	StructurePlaceSettings	net.minecraft.world.level.levelgen.structure.templatesystem.StructurePlaceSettings
class_3495	TagBuilder	net.minecraft.tags.TagBuilder
class_3497	TagEntry	net.minecraft.tags.TagEntry
class_3499	StructureTemplate	net.minecraft.world.level.levelgen.structure.templatesystem.StructureTemplate
class_350	AbstractSelectionList	net.minecraft.client.gui.components.AbstractSelectionList
class_3503	TagLoader	net.minecraft.tags.TagLoader
class_3505	TagManager	net.minecraft.tags.TagManager
class_3508	SimpleBitStorage	net.minecraft.util.SimpleBitStorage
class_3509	ClassInstanceMultiMap	net.minecraft.util.ClassInstanceMultiMap
class_3513	CrudeIncrementalIntIdentityHashBiMap	net.minecraft.util.CrudeIncrementalIntIdentityHashBiMap
class_3515	Crypt	net.minecraft.util.Crypt
class_3517	FrameTimer	net.minecraft.util.FrameTimer
class_3518	GsonHelper	net.minecraft.util.GsonHelper
class_3521	HttpUtil	net.minecraft.util.HttpUtil
class_3528	LazyLoadedValue	net.minecraft.util.LazyLoadedValue
class_353	OptionsList	net.minecraft.client.gui.components.OptionsList
class_3530	LowerCaseEnumTypeAdapterFactory	net.minecraft.util.LowerCaseEnumTypeAdapterFactory
class_3532	Mth	net.minecraft.util.Mth
class_3533	ActiveProfiler	net.minecraft.util.profiling.ActiveProfiler
class_3534	ResultField	net.minecraft.util.profiling.ResultField
class_3536	ProgressListener	net.minecraft.util.ProgressListener
class_3537	PerlinNoise	net.minecraft.world.level.levelgen.synth.PerlinNoise
class_3540	SmoothDouble	net.minecraft.util.SmoothDouble
class_3541	SimplexNoise	net.minecraft.world.level.levelgen.synth.SimplexNoise
class_3542	StringRepresentable	net.minecraft.util.StringRepresentable
class_3543	PerlinSimplexNoise	net.minecraft.world.level.levelgen.synth.PerlinSimplexNoise
class_3544	StringUtil	net.minecraft.util.StringUtil
class_3545	Tuple	net.minecraft.util.Tuple
class_3547	BlockLightSectionStorage	net.minecraft.world.level.lighting.BlockLightSectionStorage
class_355	PlayerTabOverlay	net.minecraft.client.gui.components.PlayerTabOverlay
class_3551	DataFixers	net.minecraft.util.datafix.DataFixers
class_3552	BlockLightEngine	net.minecraft.world.level.lighting.BlockLightEngine
class_3553	AddNewChoices	net.minecraft.util.datafix.fixes.AddNewChoices
class_3554	DynamicGraphMinFixedPoint	net.minecraft.world.level.lighting.DynamicGraphMinFixedPoint
class_3555	AdvancementsFix	net.minecraft.util.datafix.fixes.AdvancementsFix
class_3556	DataLayerStorageMap	net.minecraft.world.level.lighting.DataLayerStorageMap
class_3557	ChunkBedBlockEntityInjecterFix	net.minecraft.util.datafix.fixes.ChunkBedBlockEntityInjecterFix
class_3558	LightEngine	net.minecraft.world.level.lighting.LightEngine
class_3559	BedItemColorFix	net.minecraft.util.datafix.fixes.BedItemColorFix
class_3560	LayerLightSectionStorage	net.minecraft.world.level.lighting.LayerLightSectionStorage
class_3561	BiomeFix	net.minecraft.util.datafix.fixes.BiomeFix
class_3562	LayerLightEventListener	net.minecraft.world.level.lighting.LayerLightEventListener
class_3564	BlockEntityBannerColorFix	net.minecraft.util.datafix.fixes.BlockEntityBannerColorFix
class_3565	LightEventListener	net.minecraft.world.level.lighting.LightEventListener
class_3566	BlockEntityBlockStateFix	net.minecraft.util.datafix.fixes.BlockEntityBlockStateFix
class_3567	BlockEntityCustomNameToComponentFix	net.minecraft.util.datafix.fixes.BlockEntityCustomNameToComponentFix
class_3568	LevelLightEngine	net.minecraft.world.level.lighting.LevelLightEngine
class_3569	SkyLightSectionStorage	net.minecraft.world.level.lighting.SkyLightSectionStorage
class_357	AbstractSliderButton	net.minecraft.client.gui.components.AbstractSliderButton
class_3571	BlockEntityIdFix	net.minecraft.util.datafix.fixes.BlockEntityIdFix
class_3572	SkyLightEngine	net.minecraft.world.level.lighting.SkyLightEngine
class_3573	BlockEntityJukeboxFix	net.minecraft.util.datafix.fixes.BlockEntityJukeboxFix
class_3574	BlockEntityKeepPacked	net.minecraft.util.datafix.fixes.BlockEntityKeepPacked
class_3575	BlockEntityShulkerBoxColorFix	net.minecraft.util.datafix.fixes.BlockEntityShulkerBoxColorFix
class_3576	EmptyFluid	net.minecraft.world.level.material.EmptyFluid
class_3577	BlockEntitySignTextStrictJsonFix	net.minecraft.util.datafix.fixes.BlockEntitySignTextStrictJsonFix
class_3578	BlockNameFlatteningFix	net.minecraft.util.datafix.fixes.BlockNameFlatteningFix
class_3579	BlockRenameFix	net.minecraft.util.datafix.fixes.BlockRenameFix
class_3580	BlockStateData	net.minecraft.util.datafix.fixes.BlockStateData
class_3581	BlockStateStructureTemplateFix	net.minecraft.util.datafix.fixes.BlockStateStructureTemplateFix
class_3582	ChunkPalettedStorageFix	net.minecraft.util.datafix.fixes.ChunkPalettedStorageFix
class_3589	ChunkStatusFix	net.minecraft.util.datafix.fixes.ChunkStatusFix
class_359	SubtitleOverlay	net.minecraft.client.gui.components.SubtitleOverlay
class_3590	ChunkStructuresTemplateRenameFix	net.minecraft.util.datafix.fixes.ChunkStructuresTemplateRenameFix
class_3591	ChunkToProtochunkFix	net.minecraft.util.datafix.fixes.ChunkToProtochunkFix
class_3592	ColorlessShulkerEntityFix	net.minecraft.util.datafix.fixes.ColorlessShulkerEntityFix
class_3593	DyeItemRenameFix	net.minecraft.util.datafix.fixes.DyeItemRenameFix
class_3594	EntityArmorStandSilentFix	net.minecraft.util.datafix.fixes.EntityArmorStandSilentFix
class_3595	EntityBlockStateFix	net.minecraft.util.datafix.fixes.EntityBlockStateFix
class_3596	EntityCodSalmonFix	net.minecraft.util.datafix.fixes.EntityCodSalmonFix
class_3597	EntityCustomNameToComponentFix	net.minecraft.util.datafix.fixes.EntityCustomNameToComponentFix
class_3598	EntityElderGuardianSplitFix	net.minecraft.util.datafix.fixes.EntityElderGuardianSplitFix
class_3599	EntityEquipmentToArmorAndHandFix	net.minecraft.util.datafix.fixes.EntityEquipmentToArmorAndHandFix
class_3600	EntityHealthFix	net.minecraft.util.datafix.fixes.EntityHealthFix
class_3601	EntityHorseSaddleFix	net.minecraft.util.datafix.fixes.EntityHorseSaddleFix
class_3602	EntityHorseSplitFix	net.minecraft.util.datafix.fixes.EntityHorseSplitFix
class_3603	EntityIdFix	net.minecraft.util.datafix.fixes.EntityIdFix
class_3604	EntityItemFrameDirectionFix	net.minecraft.util.datafix.fixes.EntityItemFrameDirectionFix
class_3605	EntityMinecartIdentifiersFix	net.minecraft.util.datafix.fixes.EntityMinecartIdentifiersFix
class_3606	EntityPaintingItemFrameDirectionFix	net.minecraft.util.datafix.fixes.EntityPaintingItemFrameDirectionFix
class_3607	EntityPaintingMotiveFix	net.minecraft.util.datafix.fixes.EntityPaintingMotiveFix
class_3608	EntityPufferfishRenameFix	net.minecraft.util.datafix.fixes.EntityPufferfishRenameFix
class_3609	FlowingFluid	net.minecraft.world.level.material.FlowingFluid
class_361	StateSwitchingButton	net.minecraft.client.gui.components.StateSwitchingButton
class_3610	FluidState	net.minecraft.world.level.material.FluidState
class_3611	Fluid	net.minecraft.world.level.material.Fluid
class_3612	Fluids	net.minecraft.world.level.material.Fluids
class_3616	LavaFluid	net.minecraft.world.level.material.LavaFluid
class_3619	PushReaction	net.minecraft.world.level.material.PushReaction
class_362	AbstractContainerEventHandler	net.minecraft.client.gui.components.events.AbstractContainerEventHandler
class_3620	MapColor	net.minecraft.world.level.material.MapColor
class_3621	WaterFluid	net.minecraft.world.level.material.WaterFluid
class_364	GuiEventListener	net.minecraft.client.gui.components.events.GuiEventListener
class_365	SpectatorGui	net.minecraft.client.gui.components.spectator.SpectatorGui
class_366	RecipeToast	net.minecraft.client.gui.components.toasts.RecipeToast
class_3665	ModelState	net.minecraft.client.resources.model.ModelState
class_3666	SpikeConfiguration	net.minecraft.world.level.levelgen.feature.configurations.SpikeConfiguration
class_3668	FillPlayerHead	net.minecraft.world.level.storage.loot.functions.FillPlayerHead
class_367	AdvancementToast	net.minecraft.client.gui.components.toasts.AdvancementToast
class_3670	SetNameFunction	net.minecraft.world.level.storage.loot.functions.SetNameFunction
class_3671	SetLoreFunction	net.minecraft.world.level.storage.loot.functions.SetLoreFunction
class_3673	Blaze3D	com.mojang.blaze3d.Blaze3D
class_3674	ClipboardManager	com.mojang.blaze3d.platform.ClipboardManager
class_3675	InputConstants	com.mojang.blaze3d.platform.InputConstants
class_3676	MonitorCreator	com.mojang.blaze3d.platform.MonitorCreator
class_3678	WindowEventHandler	com.mojang.blaze3d.platform.WindowEventHandler
class_3679	Shader	com.mojang.blaze3d.shaders.Shader
class_368	Toast	net.minecraft.client.gui.components.toasts.Toast
class_3680	CatModel	net.minecraft.client.model.CatModel
class_3682	VirtualScreen	net.minecraft.client.renderer.VirtualScreen
class_3683	OcelotRenderer	net.minecraft.client.renderer.entity.OcelotRenderer
class_3684	CatCollarLayer	net.minecraft.client.renderer.entity.layers.CatCollarLayer
class_3685	LegacyStuffWrapper	net.minecraft.client.resources.LegacyStuffWrapper
class_3686	V1904	net.minecraft.util.datafix.schemas.V1904
class_3687	V1906	net.minecraft.util.datafix.schemas.V1906
class_3688	EmptyProfileResults	net.minecraft.util.profiling.EmptyProfileResults
class_3692	FilledProfileResults	net.minecraft.util.profiling.FilledProfileResults
class_3693	ProfileCollector	net.minecraft.util.profiling.ProfileCollector
class_3694	InactiveProfiler	net.minecraft.util.profiling.InactiveProfiler
class_3695	ProfilerFiller	net.minecraft.util.profiling.ProfilerFiller
class_3696	ProfileResults	net.minecraft.util.profiling.ProfileResults
class_3697	CatLieOnBedGoal	net.minecraft.world.entity.ai.goal.CatLieOnBedGoal
class_370	SystemToast	net.minecraft.client.gui.components.toasts.SystemToast
class_3701	Ocelot	net.minecraft.world.entity.animal.Ocelot
class_3705	BlastFurnaceMenu	net.minecraft.world.inventory.BlastFurnaceMenu
class_3706	SmokerMenu	net.minecraft.world.inventory.SmokerMenu
class_3708	BarrelBlock	net.minecraft.world.level.block.BarrelBlock
class_3709	BellBlock	net.minecraft.world.level.block.BellBlock
class_3710	BlastFurnaceBlock	net.minecraft.world.level.block.BlastFurnaceBlock
class_3711	CartographyTableBlock	net.minecraft.world.level.block.CartographyTableBlock
class_3712	FletchingTableBlock	net.minecraft.world.level.block.FletchingTableBlock
class_3713	GrindstoneBlock	net.minecraft.world.level.block.GrindstoneBlock
class_3714	VanillaGiftLoot	net.minecraft.data.loot.packs.VanillaGiftLoot
class_3715	LecternBlock	net.minecraft.world.level.block.LecternBlock
class_3716	SmokerBlock	net.minecraft.world.level.block.SmokerBlock
class_3717	SmithingTableBlock	net.minecraft.world.level.block.SmithingTableBlock
class_3718	StonecutterBlock	net.minecraft.world.level.block.StonecutterBlock
class_3719	BarrelBlockEntity	net.minecraft.world.level.block.entity.BarrelBlockEntity
class_372	TutorialToast	net.minecraft.client.gui.components.toasts.TutorialToast
class_3720	BlastFurnaceBlockEntity	net.minecraft.world.level.block.entity.BlastFurnaceBlockEntity
class_3721	BellBlockEntity	net.minecraft.world.level.block.entity.BellBlockEntity
class_3722	LecternBlockEntity	net.minecraft.world.level.block.entity.LecternBlockEntity
class_3723	SmokerBlockEntity	net.minecraft.world.level.block.entity.SmokerBlockEntity
class_3725	EntityCatSplitFix	net.minecraft.util.datafix.fixes.EntityCatSplitFix
class_3726	CollisionContext	net.minecraft.world.phys.shapes.CollisionContext
class_3727	EntityCollisionContext	net.minecraft.world.phys.shapes.EntityCollisionContext
class_3728	TextFieldHelper	net.minecraft.client.gui.font.TextFieldHelper
class_3729	IllagerRenderer	net.minecraft.client.renderer.entity.IllagerRenderer
class_3730	MobSpawnType	net.minecraft.world.entity.MobSpawnType
class_3732	PatrollingMonster	net.minecraft.world.entity.monster.PatrollingMonster
class_3734	ScaffoldingBlockItem	net.minecraft.world.item.ScaffoldingBlockItem
class_3735	EntityEquipmentPredicate	net.minecraft.advancements.critereon.EntityEquipmentPredicate
class_3736	ScaffoldingBlock	net.minecraft.world.level.block.ScaffoldingBlock
class_3737	SimpleWaterloggedBlock	net.minecraft.world.level.block.SimpleWaterloggedBlock
class_3738	TickTask	net.minecraft.server.TickTask
class_374	ToastComponent	net.minecraft.client.gui.components.toasts.ToastComponent
class_3742	JigsawBlockEditScreen	net.minecraft.client.gui.screens.inventory.JigsawBlockEditScreen
class_3743	V1909	net.minecraft.util.datafix.schemas.V1909
class_3745	CrossbowAttackMob	net.minecraft.world.entity.monster.CrossbowAttackMob
class_3746	LevelSimulatedReader	net.minecraft.world.level.LevelSimulatedReader
class_3747	LevelSimulatedRW	net.minecraft.world.level.LevelSimulatedRW
class_3748	JigsawBlock	net.minecraft.world.level.block.JigsawBlock
class_3749	LanternBlock	net.minecraft.world.level.block.LanternBlock
class_3751	JigsawBlockEntity	net.minecraft.world.level.block.entity.JigsawBlockEntity
class_3753	ServerboundSetJigsawBlockPacket	net.minecraft.network.protocol.game.ServerboundSetJigsawBlockPacket
class_3754	NoiseBasedChunkGenerator	net.minecraft.world.level.levelgen.NoiseBasedChunkGenerator
class_3755	ChunkLightRemoveFix	net.minecraft.util.datafix.fixes.ChunkLightRemoveFix
class_3756	ImprovedNoise	net.minecraft.world.level.levelgen.synth.ImprovedNoise
class_3759	PathfindToRaidGoal	net.minecraft.world.entity.ai.goal.PathfindToRaidGoal
class_376	AllMissingGlyphProvider	net.minecraft.client.gui.font.AllMissingGlyphProvider
class_3760	NearestAttackableWitchTargetGoal	net.minecraft.world.entity.ai.goal.target.NearestAttackableWitchTargetGoal
class_3763	Raider	net.minecraft.world.entity.raid.Raider
class_3765	Raid	net.minecraft.world.entity.raid.Raid
class_3767	Raids	net.minecraft.world.entity.raid.Raids
class_3769	PatrolSpawner	net.minecraft.world.level.levelgen.PatrolSpawner
class_377	FontSet	net.minecraft.client.gui.font.FontSet
class_3773	StructurePieceType	net.minecraft.world.level.levelgen.structure.pieces.StructurePieceType
class_3776	FeaturePoolElement	net.minecraft.world.level.levelgen.structure.pools.FeaturePoolElement
class_3777	EmptyPoolElement	net.minecraft.world.level.levelgen.structure.pools.EmptyPoolElement
class_3778	JigsawPlacement	net.minecraft.world.level.levelgen.structure.pools.JigsawPlacement
class_378	FontManager	net.minecraft.client.gui.font.FontManager
class_3780	JigsawJunction	net.minecraft.world.level.levelgen.structure.pools.JigsawJunction
class_3781	SinglePoolElement	net.minecraft.world.level.levelgen.structure.pools.SinglePoolElement
class_3782	ListPoolElement	net.minecraft.world.level.levelgen.structure.pools.ListPoolElement
class_3784	StructurePoolElement	net.minecraft.world.level.levelgen.structure.pools.StructurePoolElement
class_3785	StructureTemplatePool	net.minecraft.world.level.levelgen.structure.pools.StructureTemplatePool
class_3788	ChunkStatusFix2	net.minecraft.util.datafix.fixes.ChunkStatusFix2
class_3789	BuriedTreasurePieces	net.minecraft.world.level.levelgen.structure.structures.BuriedTreasurePieces
class_379	GlyphInfo	com.mojang.blaze3d.font.GlyphInfo
class_3790	PoolElementStructurePiece	net.minecraft.world.level.levelgen.structure.PoolElementStructurePiece
class_3791	PillagerOutpostPools	net.minecraft.data.worldgen.PillagerOutpostPools
class_3793	BlockIgnoreProcessor	net.minecraft.world.level.levelgen.structure.templatesystem.BlockIgnoreProcessor
class_3794	JigsawReplacementProcessor	net.minecraft.world.level.levelgen.structure.templatesystem.JigsawReplacementProcessor
class_3795	GravityProcessor	net.minecraft.world.level.levelgen.structure.templatesystem.GravityProcessor
class_3797	DetectedVersion	net.minecraft.DetectedVersion
class_3798	TagMatchTest	net.minecraft.world.level.levelgen.structure.templatesystem.TagMatchTest
class_380	FontTexture	net.minecraft.client.gui.font.FontTexture
class_3802	GrindstoneScreen	net.minecraft.client.gui.screens.inventory.GrindstoneScreen
class_3803	GrindstoneMenu	net.minecraft.world.inventory.GrindstoneMenu
class_3805	BlockPileFeature	net.minecraft.world.level.levelgen.feature.BlockPileFeature
class_3806	DedicatedServerProperties	net.minecraft.server.dedicated.DedicatedServerProperties
class_3807	DedicatedServerSettings	net.minecraft.server.dedicated.DedicatedServerSettings
class_3808	Settings	net.minecraft.server.dedicated.Settings
class_3813	VillagePools	net.minecraft.data.worldgen.VillagePools
class_3815	PlainVillagePools	net.minecraft.data.worldgen.PlainVillagePools
class_3816	StructurePoolElementType	net.minecraft.world.level.levelgen.structure.pools.StructurePoolElementType
class_3818	AlwaysTrueTest	net.minecraft.world.level.levelgen.structure.templatesystem.AlwaysTrueTest
class_3819	BlockMatchTest	net.minecraft.world.level.levelgen.structure.templatesystem.BlockMatchTest
class_382	BakedGlyph	net.minecraft.client.gui.font.glyphs.BakedGlyph
class_3820	BlockStateMatchTest	net.minecraft.world.level.levelgen.structure.templatesystem.BlockStateMatchTest
class_3821	ProcessorRule	net.minecraft.world.level.levelgen.structure.templatesystem.ProcessorRule
class_3822	NopProcessor	net.minecraft.world.level.levelgen.structure.templatesystem.NopProcessor
class_3823	RandomBlockStateMatchTest	net.minecraft.world.level.levelgen.structure.templatesystem.RandomBlockStateMatchTest
class_3824	RandomBlockMatchTest	net.minecraft.world.level.levelgen.structure.templatesystem.RandomBlockMatchTest
class_3825	RuleTest	net.minecraft.world.level.levelgen.structure.templatesystem.RuleTest
class_3826	RuleProcessor	net.minecraft.world.level.levelgen.structure.templatesystem.RuleProcessor
class_3827	RuleTestType	net.minecraft.world.level.levelgen.structure.templatesystem.RuleTestType
class_3828	StructureProcessorType	net.minecraft.world.level.levelgen.structure.templatesystem.StructureProcessorType
class_3829	Clearable	net.minecraft.world.Clearable
class_383	SheetGlyphInfo	com.mojang.blaze3d.font.SheetGlyphInfo
class_3830	SweetBerryBushBlock	net.minecraft.world.level.block.SweetBerryBushBlock
class_3834	SavannaVillagePools	net.minecraft.data.worldgen.SavannaVillagePools
class_3836	SnowyVillagePools	net.minecraft.data.worldgen.SnowyVillagePools
class_3837	CopyNbtFunction	net.minecraft.world.level.storage.loot.functions.CopyNbtFunction
class_384	EmptyGlyph	net.minecraft.client.gui.font.glyphs.EmptyGlyph
class_3843	StructureUpdater	net.minecraft.data.structures.StructureUpdater
class_3845	VillagerDataFix	net.minecraft.util.datafix.fixes.VillagerDataFix
class_3846	ProcessorMailbox	net.minecraft.util.thread.ProcessorMailbox
class_3847	StrictQueue	net.minecraft.util.thread.StrictQueue
class_3850	VillagerData	net.minecraft.world.entity.npc.VillagerData
class_3851	VillagerDataHolder	net.minecraft.world.entity.npc.VillagerDataHolder
class_3852	VillagerProfession	net.minecraft.world.entity.npc.VillagerProfession
class_3853	VillagerTrades	net.minecraft.world.entity.npc.VillagerTrades
class_3854	VillagerType	net.minecraft.world.entity.npc.VillagerType
class_3855	Fireball	net.minecraft.world.entity.projectile.Fireball
class_3856	ItemSupplier	net.minecraft.world.entity.projectile.ItemSupplier
class_3857	ThrowableItemProjectile	net.minecraft.world.entity.projectile.ThrowableItemProjectile
class_3858	FurnaceMenu	net.minecraft.world.inventory.FurnaceMenu
class_3859	BlastingRecipe	net.minecraft.world.item.crafting.BlastingRecipe
class_386	BitmapProvider	net.minecraft.client.gui.font.providers.BitmapProvider
class_3861	SmeltingRecipe	net.minecraft.world.item.crafting.SmeltingRecipe
class_3862	SmokingRecipe	net.minecraft.world.item.crafting.SmokingRecipe
class_3864	BiomeDefaultFeatures	net.minecraft.data.worldgen.BiomeDefaultFeatures
class_3865	FurnaceBlock	net.minecraft.world.level.block.FurnaceBlock
class_3866	FurnaceBlockEntity	net.minecraft.world.level.block.entity.FurnaceBlockEntity
class_3867	BellAttachType	net.minecraft.world.level.block.state.properties.BellAttachType
class_3868	DesertVillagePools	net.minecraft.data.worldgen.DesertVillagePools
class_3870	TaigaVillagePools	net.minecraft.data.worldgen.TaigaVillagePools
class_3871	BlastFurnaceScreen	net.minecraft.client.gui.screens.inventory.BlastFurnaceScreen
class_3872	BookViewScreen	net.minecraft.client.gui.screens.inventory.BookViewScreen
class_3873	FurnaceScreen	net.minecraft.client.gui.screens.inventory.FurnaceScreen
class_3874	SmokerScreen	net.minecraft.client.gui.screens.inventory.SmokerScreen
class_3875	BlastingRecipeBookComponent	net.minecraft.client.gui.screens.recipebook.BlastingRecipeBookComponent
class_3876	SmeltingRecipeBookComponent	net.minecraft.client.gui.screens.recipebook.SmeltingRecipeBookComponent
class_3877	SmokingRecipeBookComponent	net.minecraft.client.gui.screens.recipebook.SmokingRecipeBookComponent
class_3879	Model	net.minecraft.client.model.Model
class_3880	BellRenderer	net.minecraft.client.renderer.blockentity.BellRenderer
class_3881	ArmedModel	net.minecraft.client.model.ArmedModel
class_3882	HeadedModel	net.minecraft.client.model.HeadedModel
class_3883	RenderLayerParent	net.minecraft.client.renderer.entity.RenderLayerParent
class_3884	VillagerHeadModel	net.minecraft.client.model.VillagerHeadModel
class_3885	VillagerProfessionLayer	net.minecraft.client.renderer.entity.layers.VillagerProfessionLayer
class_3886	ZombieRenderer	net.minecraft.client.renderer.entity.ZombieRenderer
class_3887	RenderLayer	net.minecraft.client.renderer.entity.layers.RenderLayer
class_3888	VillagerMetaDataSection	net.minecraft.client.resources.metadata.animation.VillagerMetaDataSection
class_389	GlyphProviderDefinition	net.minecraft.client.gui.font.providers.GlyphProviderDefinition
class_3890	VillagerMetadataSectionSerializer	net.minecraft.client.resources.metadata.animation.VillagerMetadataSectionSerializer
class_3895	ClientboundOpenBookPacket	net.minecraft.network.protocol.game.ClientboundOpenBookPacket
class_3898	ChunkMap	net.minecraft.server.level.ChunkMap
class_3899	ChunkTaskPriorityQueue	net.minecraft.server.level.ChunkTaskPriorityQueue
class_39	BuiltInLootTables	net.minecraft.world.level.storage.loot.BuiltInLootTables
class_390	GlyphProvider	com.mojang.blaze3d.font.GlyphProvider
class_3900	ChunkTaskPriorityQueueSorter	net.minecraft.server.level.ChunkTaskPriorityQueueSorter
class_3902	Unit	net.minecraft.util.Unit
class_3903	CatTypeFix	net.minecraft.util.datafix.fixes.CatTypeFix
class_3904	NewVillageFix	net.minecraft.util.datafix.fixes.NewVillageFix
class_3905	V1920	net.minecraft.util.datafix.schemas.V1920
class_3906	ProcessorHandle	net.minecraft.util.thread.ProcessorHandle
class_3908	MenuProvider	net.minecraft.world.MenuProvider
class_3909	NearestHealableRaiderTargetGoal	net.minecraft.world.entity.ai.goal.target.NearestHealableRaiderTargetGoal
class_391	UnihexProvider	net.minecraft.client.gui.font.providers.UnihexProvider
class_3910	CartographyTableMenu	net.minecraft.world.inventory.CartographyTableMenu
class_3913	ContainerData	net.minecraft.world.inventory.ContainerData
class_3914	ContainerLevelAccess	net.minecraft.world.inventory.ContainerLevelAccess
class_3915	DataSlot	net.minecraft.world.inventory.DataSlot
class_3916	LecternMenu	net.minecraft.world.inventory.LecternMenu
class_3917	MenuType	net.minecraft.world.inventory.MenuType
class_3919	SimpleContainerData	net.minecraft.world.inventory.SimpleContainerData
class_3920	CampfireCookingRecipe	net.minecraft.world.item.crafting.CampfireCookingRecipe
class_3922	CampfireBlock	net.minecraft.world.level.block.CampfireBlock
class_3924	CampfireBlockEntity	net.minecraft.world.level.block.entity.CampfireBlockEntity
class_3928	LevelLoadingScreen	net.minecraft.client.gui.screens.LevelLoadingScreen
class_3929	MenuScreens	net.minecraft.client.gui.screens.MenuScreens
class_3934	CartographyTableScreen	net.minecraft.client.gui.screens.inventory.CartographyTableScreen
class_3935	LecternScreen	net.minecraft.client.gui.screens.inventory.LecternScreen
class_3936	MenuAccess	net.minecraft.client.gui.screens.inventory.MenuAccess
class_3937	CampfireSmokeParticle	net.minecraft.client.particle.CampfireSmokeParticle
class_394	GlyphProviderType	net.minecraft.client.gui.font.providers.GlyphProviderType
class_3940	SingleQuadParticle	net.minecraft.client.particle.SingleQuadParticle
class_3941	CampfireRenderer	net.minecraft.client.renderer.blockentity.CampfireRenderer
class_3942	LecternRenderer	net.minecraft.client.renderer.blockentity.LecternRenderer
class_3943	ClientboundMerchantOffersPacket	net.minecraft.network.protocol.game.ClientboundMerchantOffersPacket
class_3944	ClientboundOpenScreenPacket	net.minecraft.network.protocol.game.ClientboundOpenScreenPacket
class_3945	TeamMsgCommand	net.minecraft.server.commands.TeamMsgCommand
class_3949	ChunkProgressListener	net.minecraft.server.level.progress.ChunkProgressListener
class_395	TrueTypeGlyphProvider	com.mojang.blaze3d.font.TrueTypeGlyphProvider
class_3950	ChunkProgressListenerFactory	net.minecraft.server.level.progress.ChunkProgressListenerFactory
class_3951	LoggerChunkProgressListener	net.minecraft.server.level.progress.LoggerChunkProgressListener
class_3952	ProcessorChunkProgressListener	net.minecraft.server.level.progress.ProcessorChunkProgressListener
class_3953	StoringChunkProgressListener	net.minecraft.server.level.progress.StoringChunkProgressListener
class_3954	WorldlyContainerHolder	net.minecraft.world.WorldlyContainerHolder
class_3955	CraftingRecipe	net.minecraft.world.item.crafting.CraftingRecipe
class_3956	RecipeType	net.minecraft.world.item.crafting.RecipeType
class_3957	SimpleCookingSerializer	net.minecraft.world.item.crafting.SimpleCookingSerializer
class_3959	ClipContext	net.minecraft.world.level.ClipContext
class_3962	ComposterBlock	net.minecraft.world.level.block.ComposterBlock
class_3965	BlockHitResult	net.minecraft.world.phys.BlockHitResult
class_3966	EntityHitResult	net.minecraft.world.phys.EntityHitResult
class_3968	AbstractZombieModel	net.minecraft.client.model.AbstractZombieModel
class_3969	GiantZombieModel	net.minecraft.client.model.GiantZombieModel
class_3970	MapIdFix	net.minecraft.util.datafix.fixes.MapIdFix
class_3971	StonecutterMenu	net.minecraft.world.inventory.StonecutterMenu
class_3972	SingleItemRecipe	net.minecraft.world.item.crafting.SingleItemRecipe
class_3975	StonecutterRecipe	net.minecraft.world.item.crafting.StonecutterRecipe
class_3977	ChunkStorage	net.minecraft.world.level.chunk.storage.ChunkStorage
class_3978	MapIndex	net.minecraft.world.level.saveddata.maps.MapIndex
class_3979	StonecutterScreen	net.minecraft.client.gui.screens.inventory.StonecutterScreen
class_3980	Cursor3D	net.minecraft.core.Cursor3D
class_3981	SingleItemRecipeBuilder	net.minecraft.data.recipes.SingleItemRecipeBuilder
class_3983	EntityRavagerRenameFix	net.minecraft.util.datafix.fixes.EntityRavagerRenameFix
class_3984	V1928	net.minecraft.util.datafix.schemas.V1928
class_3985	V1929	net.minecraft.util.datafix.schemas.V1929
class_3986	TraderLlama	net.minecraft.world.entity.animal.horse.TraderLlama
class_3988	AbstractVillager	net.minecraft.world.entity.npc.AbstractVillager
class_3989	WanderingTrader	net.minecraft.world.entity.npc.WanderingTrader
class_3990	WanderingTraderSpawner	net.minecraft.world.entity.npc.WanderingTraderSpawner
class_3992	WanderingTraderRenderer	net.minecraft.client.renderer.entity.WanderingTraderRenderer
class_3993	UseItemGoal	net.minecraft.world.entity.ai.goal.UseItemGoal
class_3998	NoRenderParticle	net.minecraft.client.particle.NoRenderParticle
class_3999	ParticleRenderType	net.minecraft.client.particle.ParticleRenderType
class_40	BinomialDistributionGenerator	net.minecraft.world.level.storage.loot.providers.number.BinomialDistributionGenerator
class_4002	SpriteSet	net.minecraft.client.particle.SpriteSet
class_4003	TextureSheetParticle	net.minecraft.client.particle.TextureSheetParticle
class_4004	CrossedArmsItemLayer	net.minecraft.client.renderer.entity.layers.CrossedArmsItemLayer
class_4005	PreloadedTexture	net.minecraft.client.renderer.texture.PreloadedTexture
class_4008	SplashManager	net.minecraft.client.resources.SplashManager
class_4010	ProfiledReloadInstance	net.minecraft.server.packs.resources.ProfiledReloadInstance
class_4011	ReloadInstance	net.minecraft.server.packs.resources.ReloadInstance
class_4013	ResourceManagerReloadListener	net.minecraft.server.packs.resources.ResourceManagerReloadListener
class_4014	SimpleReloadInstance	net.minecraft.server.packs.resources.SimpleReloadInstance
class_4016	V1931	net.minecraft.util.datafix.schemas.V1931
class_4017	JumpGoal	net.minecraft.world.entity.ai.goal.JumpGoal
class_4018	StrollThroughVillageGoal	net.minecraft.world.entity.ai.goal.StrollThroughVillageGoal
class_4019	Fox	net.minecraft.world.entity.animal.Fox
class_403	AlertScreen	net.minecraft.client.gui.screens.AlertScreen
class_404	ChatOptionsScreen	net.minecraft.client.gui.screens.ChatOptionsScreen
class_4041	FoxModel	net.minecraft.client.model.FoxModel
class_4042	FoxRenderer	net.minecraft.client.renderer.entity.FoxRenderer
class_4043	FoxHeldItemLayer	net.minecraft.client.renderer.entity.layers.FoxHeldItemLayer
class_4044	PaintingTextureManager	net.minecraft.client.resources.PaintingTextureManager
class_4048	EntityDimensions	net.minecraft.world.entity.EntityDimensions
class_405	BackupConfirmScreen	net.minecraft.client.gui.screens.BackupConfirmScreen
class_4050	Pose	net.minecraft.world.entity.Pose
class_4051	TargetingConditions	net.minecraft.world.entity.ai.targeting.TargetingConditions
class_4057	DyeableArmorItem	net.minecraft.world.item.DyeableArmorItem
class_4058	DyeableHorseArmorItem	net.minecraft.world.item.DyeableHorseArmorItem
class_4059	HorseArmorItem	net.minecraft.world.item.HorseArmorItem
class_4061	AttackIndicatorStatus	net.minecraft.client.AttackIndicatorStatus
class_4063	CloudStatus	net.minecraft.client.CloudStatus
class_4065	NarratorStatus	net.minecraft.client.NarratorStatus
class_4066	ParticleStatus	net.minecraft.client.ParticleStatus
class_4068	Renderable	net.minecraft.client.gui.components.Renderable
class_4069	ContainerEventHandler	net.minecraft.client.gui.components.events.ContainerEventHandler
class_407	ConfirmLinkScreen	net.minecraft.client.gui.screens.ConfirmLinkScreen
class_4071	Overlay	net.minecraft.client.gui.screens.Overlay
class_4073	HorseArmorLayer	net.minecraft.client.renderer.entity.layers.HorseArmorLayer
class_4074	MobEffectTextureManager	net.minecraft.client.resources.MobEffectTextureManager
class_4075	TextureAtlasHolder	net.minecraft.client.resources.TextureAtlasHolder
class_4076	SectionPos	net.minecraft.core.SectionPos
class_4079	SectionTracker	net.minecraft.server.level.SectionTracker
class_408	ChatScreen	net.minecraft.client.gui.screens.ChatScreen
class_4080	SimplePreparableReloadListener	net.minecraft.server.packs.resources.SimplePreparableReloadListener
class_4081	MobEffectCategory	net.minecraft.world.effect.MobEffectCategory
class_4089	ParticleDescription	net.minecraft.client.particle.ParticleDescription
class_4092	OptionsAddTextBackgroundFix	net.minecraft.util.datafix.fixes.OptionsAddTextBackgroundFix
class_4093	ReentrantBlockableEventLoop	net.minecraft.util.thread.ReentrantBlockableEventLoop
class_4094	ReputationEventHandler	net.minecraft.world.entity.ReputationEventHandler
class_4095	Brain	net.minecraft.world.entity.ai.Brain
class_4096	AcquirePoi	net.minecraft.world.entity.ai.behavior.AcquirePoi
class_4097	Behavior	net.minecraft.world.entity.ai.behavior.Behavior
class_4099	BlockPosTracker	net.minecraft.world.entity.ai.behavior.BlockPosTracker
class_410	ConfirmScreen	net.minecraft.client.gui.screens.ConfirmScreen
class_4100	VillagerCalmDown	net.minecraft.world.entity.ai.behavior.VillagerCalmDown
class_4101	DoNothing	net.minecraft.world.entity.ai.behavior.DoNothing
class_4102	EntityTracker	net.minecraft.world.entity.ai.behavior.EntityTracker
class_4103	GateBehavior	net.minecraft.world.entity.ai.behavior.GateBehavior
class_4106	InteractWith	net.minecraft.world.entity.ai.behavior.InteractWith
class_4107	InteractWithDoor	net.minecraft.world.entity.ai.behavior.InteractWithDoor
class_4108	LookAndFollowTradingPlayerSink	net.minecraft.world.entity.ai.behavior.LookAndFollowTradingPlayerSink
class_4109	SetLookAndInteract	net.minecraft.world.entity.ai.behavior.SetLookAndInteract
class_4110	LookAtTargetSink	net.minecraft.world.entity.ai.behavior.LookAtTargetSink
class_4111	VillagerMakeLove	net.minecraft.world.entity.ai.behavior.VillagerMakeLove
class_4112	MoveToTargetSink	net.minecraft.world.entity.ai.behavior.MoveToTargetSink
class_4113	VillagerPanicTrigger	net.minecraft.world.entity.ai.behavior.VillagerPanicTrigger
class_4114	AssignProfessionFromJobSite	net.minecraft.world.entity.ai.behavior.AssignProfessionFromJobSite
class_4115	PositionTracker	net.minecraft.world.entity.ai.behavior.PositionTracker
class_4116	StrollAroundPoi	net.minecraft.world.entity.ai.behavior.StrollAroundPoi
class_4117	VillageBoundRandomStroll	net.minecraft.world.entity.ai.behavior.VillageBoundRandomStroll
class_4118	RunOne	net.minecraft.world.entity.ai.behavior.RunOne
class_4119	SetEntityLookTarget	net.minecraft.world.entity.ai.behavior.SetEntityLookTarget
class_412	ConnectScreen	net.minecraft.client.gui.screens.ConnectScreen
class_4120	SetWalkTargetFromLookTarget	net.minecraft.world.entity.ai.behavior.SetWalkTargetFromLookTarget
class_4121	SetWalkTargetAwayFrom	net.minecraft.world.entity.ai.behavior.SetWalkTargetAwayFrom
class_4122	SetWalkTargetFromBlockMemory	net.minecraft.world.entity.ai.behavior.SetWalkTargetFromBlockMemory
class_4123	SleepInBed	net.minecraft.world.entity.ai.behavior.SleepInBed
class_4124	SocializeAtBell	net.minecraft.world.entity.ai.behavior.SocializeAtBell
class_4125	Swim	net.minecraft.world.entity.ai.behavior.Swim
class_4126	TradeWithVillager	net.minecraft.world.entity.ai.behavior.TradeWithVillager
class_4127	UpdateActivityFromSchedule	net.minecraft.world.entity.ai.behavior.UpdateActivityFromSchedule
class_4128	ValidateNearbyPoi	net.minecraft.world.entity.ai.behavior.ValidateNearbyPoi
class_4129	VillagerGoalPackages	net.minecraft.world.entity.ai.behavior.VillagerGoalPackages
class_413	CreateFlatWorldScreen	net.minecraft.client.gui.screens.CreateFlatWorldScreen
class_4130	ShowTradesToPlayer	net.minecraft.world.entity.ai.behavior.ShowTradesToPlayer
class_4133	WorkAtPoi	net.minecraft.world.entity.ai.behavior.WorkAtPoi
class_4135	WrappedGoal	net.minecraft.world.entity.ai.goal.WrappedGoal
class_4136	GossipContainer	net.minecraft.world.entity.ai.gossip.GossipContainer
class_4139	GossipType	net.minecraft.world.entity.ai.gossip.GossipType
class_4140	MemoryModuleType	net.minecraft.world.entity.ai.memory.MemoryModuleType
class_4141	MemoryStatus	net.minecraft.world.entity.ai.memory.MemoryStatus
class_4142	WalkTarget	net.minecraft.world.entity.ai.memory.WalkTarget
class_4143	DummySensor	net.minecraft.world.entity.ai.sensing.DummySensor
class_4144	HurtBySensor	net.minecraft.world.entity.ai.sensing.HurtBySensor
class_4146	NearestLivingEntitySensor	net.minecraft.world.entity.ai.sensing.NearestLivingEntitySensor
class_4147	PlayerSensor	net.minecraft.world.entity.ai.sensing.PlayerSensor
class_4148	Sensor	net.minecraft.world.entity.ai.sensing.Sensor
class_4149	SensorType	net.minecraft.world.entity.ai.sensing.SensorType
class_415	CreateBuffetWorldScreen	net.minecraft.client.gui.screens.CreateBuffetWorldScreen
class_4150	VillagerHostilesSensor	net.minecraft.world.entity.ai.sensing.VillagerHostilesSensor
class_4151	ReputationEventType	net.minecraft.world.entity.ai.village.ReputationEventType
class_4153	PoiManager	net.minecraft.world.entity.ai.village.poi.PoiManager
class_4156	PoiRecord	net.minecraft.world.entity.ai.village.poi.PoiRecord
class_4157	PoiSection	net.minecraft.world.entity.ai.village.poi.PoiSection
class_4158	PoiType	net.minecraft.world.entity.ai.village.poi.PoiType
class_4168	Activity	net.minecraft.world.entity.schedule.Activity
class_4169	Keyframe	net.minecraft.world.entity.schedule.Keyframe
class_417	DemoIntroScreen	net.minecraft.client.gui.screens.DemoIntroScreen
class_4170	Schedule	net.minecraft.world.entity.schedule.Schedule
class_4171	ScheduleBuilder	net.minecraft.world.entity.schedule.ScheduleBuilder
class_4173	Timeline	net.minecraft.world.entity.schedule.Timeline
class_4174	FoodProperties	net.minecraft.world.food.FoodProperties
class_4176	Foods	net.minecraft.world.food.Foods
class_418	DeathScreen	net.minecraft.client.gui.screens.DeathScreen
class_4180	SectionStorage	net.minecraft.world.level.chunk.storage.SectionStorage
class_4184	Camera	net.minecraft.client.Camera
class_4185	Button	net.minecraft.client.gui.components.Button
class_4189	AccessibilityOptionsScreen	net.minecraft.client.gui.screens.AccessibilityOptionsScreen
class_419	DisconnectedScreen	net.minecraft.client.gui.screens.DisconnectedScreen
class_42	IntRange	net.minecraft.world.level.storage.loot.IntRange
class_420	DirectJoinServerScreen	net.minecraft.client.gui.screens.DirectJoinServerScreen
class_4205	GoalSelectorDebugRenderer	net.minecraft.client.renderer.debug.GoalSelectorDebugRenderer
class_4207	BrainDebugRenderer	net.minecraft.client.renderer.debug.BrainDebugRenderer
class_4208	GlobalPos	net.minecraft.core.GlobalPos
class_4209	DebugPackets	net.minecraft.network.protocol.game.DebugPackets
class_421	ErrorScreen	net.minecraft.client.gui.screens.ErrorScreen
class_4210	ServerboundChangeDifficultyPacket	net.minecraft.network.protocol.game.ServerboundChangeDifficultyPacket
class_4211	ServerboundLockDifficultyPacket	net.minecraft.network.protocol.game.ServerboundLockDifficultyPacket
class_4214	WakeUp	net.minecraft.world.entity.ai.behavior.WakeUp
class_4215	BehaviorUtils	net.minecraft.world.entity.ai.behavior.BehaviorUtils
class_4217	HarvestFarmland	net.minecraft.world.entity.ai.behavior.HarvestFarmland
class_4218	PlayTagWithOtherKids	net.minecraft.world.entity.ai.behavior.PlayTagWithOtherKids
class_4219	StrollToPoi	net.minecraft.world.entity.ai.behavior.StrollToPoi
class_422	EditServerScreen	net.minecraft.client.gui.screens.EditServerScreen
class_4220	StrollToPoiList	net.minecraft.world.entity.ai.behavior.StrollToPoiList
class_4221	SecondaryPoiSensor	net.minecraft.world.entity.ai.sensing.SecondaryPoiSensor
class_4224	Channel	com.mojang.blaze3d.audio.Channel
class_4225	Library	com.mojang.blaze3d.audio.Library
class_4227	Listener	com.mojang.blaze3d.audio.Listener
class_4228	OggAudioStream	com.mojang.blaze3d.audio.OggAudioStream
class_423	InBedChatScreen	net.minecraft.client.gui.screens.InBedChatScreen
class_4230	OpenAlUtil	com.mojang.blaze3d.audio.OpenAlUtil
class_4231	SoundBuffer	com.mojang.blaze3d.audio.SoundBuffer
class_4234	AudioStream	net.minecraft.client.sounds.AudioStream
class_4235	ChannelAccess	net.minecraft.client.sounds.ChannelAccess
class_4237	SoundBufferLibrary	net.minecraft.client.sounds.SoundBufferLibrary
class_4238	SoundEngineExecutor	net.minecraft.client.sounds.SoundEngineExecutor
class_4239	FileUtil	net.minecraft.FileUtil
class_424	GenericDirtMessageScreen	net.minecraft.client.gui.screens.GenericDirtMessageScreen
class_4242	CelebrateVillagersSurvivedRaid	net.minecraft.world.entity.ai.behavior.CelebrateVillagersSurvivedRaid
class_4243	GiveGiftToHero	net.minecraft.world.entity.ai.behavior.GiveGiftToHero
class_4245	JumpOnBed	net.minecraft.world.entity.ai.behavior.JumpOnBed
class_4246	LocateHidingPlace	net.minecraft.world.entity.ai.behavior.LocateHidingPlace
class_4248	MoveToSkySeeingSpot	net.minecraft.world.entity.ai.behavior.MoveToSkySeeingSpot
class_4249	ReactToBell	net.minecraft.world.entity.ai.behavior.ReactToBell
class_425	LoadingOverlay	net.minecraft.client.gui.screens.LoadingOverlay
class_4250	ResetRaidStatus	net.minecraft.world.entity.ai.behavior.ResetRaidStatus
class_4251	RingBell	net.minecraft.world.entity.ai.behavior.RingBell
class_4252	SetHiddenState	net.minecraft.world.entity.ai.behavior.SetHiddenState
class_4253	SetRaidStatus	net.minecraft.world.entity.ai.behavior.SetRaidStatus
class_4255	OpenDoorGoal	net.minecraft.world.entity.ai.goal.OpenDoorGoal
class_4256	NearestBedSensor	net.minecraft.world.entity.ai.sensing.NearestBedSensor
class_4257	VillagerBabiesSensor	net.minecraft.world.entity.ai.sensing.VillagerBabiesSensor
class_426	LanguageSelectScreen	net.minecraft.client.gui.screens.LanguageSelectScreen
class_4262	AbstractGlassBlock	net.minecraft.world.level.block.AbstractGlassBlock
class_4264	AbstractButton	net.minecraft.client.gui.components.AbstractButton
class_4265	ContainerObjectSelectionList	net.minecraft.client.gui.components.ContainerObjectSelectionList
class_4267	ServerSelectionList	net.minecraft.client.gui.screens.multiplayer.ServerSelectionList
class_4273	ClientboundSetChunkCacheRadiusPacket	net.minecraft.network.protocol.game.ClientboundSetChunkCacheRadiusPacket
class_4274	CatSpawner	net.minecraft.world.entity.npc.CatSpawner
class_4275	BeaconBeamBlock	net.minecraft.world.level.block.BeaconBeamBlock
class_4277	BubbleColumnAmbientSoundHandler	net.minecraft.client.resources.sounds.BubbleColumnAmbientSoundHandler
class_4278	FillLayerFeature	net.minecraft.world.level.levelgen.feature.FillLayerFeature
class_4279	LayerConfiguration	net.minecraft.world.level.levelgen.feature.configurations.LayerConfiguration
class_428	OutOfMemoryScreen	net.minecraft.client.gui.screens.OutOfMemoryScreen
class_4280	ObjectSelectionList	net.minecraft.client.gui.components.ObjectSelectionList
class_4282	ClientboundSetChunkCacheCenterPacket	net.minecraft.network.protocol.game.ClientboundSetChunkCacheCenterPacket
class_4284	DataFixTypes	net.minecraft.util.datafix.DataFixTypes
class_4285	ReorganizePoi	net.minecraft.util.datafix.fixes.ReorganizePoi
class_4286	Checkbox	net.minecraft.client.gui.components.Checkbox
class_4288	MouseSettingsScreen	net.minecraft.client.gui.screens.MouseSettingsScreen
class_4289	InsideBrownianWalk	net.minecraft.world.entity.ai.behavior.InsideBrownianWalk
class_429	OptionsScreen	net.minecraft.client.gui.screens.OptionsScreen
class_4290	SetClosestHomeAsWalkTarget	net.minecraft.world.entity.ai.behavior.SetClosestHomeAsWalkTarget
class_4291	MoveBackToVillageGoal	net.minecraft.world.entity.ai.goal.MoveBackToVillageGoal
class_4294	OminousBannerRenameFix	net.minecraft.util.datafix.fixes.OminousBannerRenameFix
class_4295	ResetProfession	net.minecraft.world.entity.ai.behavior.ResetProfession
class_4296	ProtoChunkTicks	net.minecraft.world.ticks.ProtoChunkTicks
class_4299	OminousBannerBlockEntityRenameFix	net.minecraft.util.datafix.fixes.OminousBannerBlockEntityRenameFix
class_430	PresetFlatWorldScreen	net.minecraft.client.gui.screens.PresetFlatWorldScreen
class_4300	VillagerRebuildLevelAndXpFix	net.minecraft.util.datafix.fixes.VillagerRebuildLevelAndXpFix
class_4301	ZombieVillagerRebuildXpFix	net.minecraft.util.datafix.fixes.ZombieVillagerRebuildXpFix
class_4304	RaidDebugRenderer	net.minecraft.client.renderer.debug.RaidDebugRenderer
class_4307	GolemSensor	net.minecraft.world.entity.ai.sensing.GolemSensor
class_4309	SimpleJsonResourceReloadListener	net.minecraft.server.packs.resources.SimpleJsonResourceReloadListener
class_4317	RepairItemRecipe	net.minecraft.world.item.crafting.RepairItemRecipe
class_4324	KeyCombo	com.mojang.realmsclient.KeyCombo
class_4325	RealmsMainScreen	com.mojang.realmsclient.RealmsMainScreen
class_433	PauseScreen	net.minecraft.client.gui.screens.PauseScreen
class_4333	FileDownload	com.mojang.realmsclient.client.FileDownload
class_4337	FileUpload	com.mojang.realmsclient.client.FileUpload
class_4339	Ping	com.mojang.realmsclient.client.Ping
class_434	ReceivingLevelScreen	net.minecraft.client.gui.screens.ReceivingLevelScreen
class_4341	RealmsClient	com.mojang.realmsclient.client.RealmsClient
class_4344	RealmsClientConfig	com.mojang.realmsclient.client.RealmsClientConfig
class_4345	RealmsError	com.mojang.realmsclient.client.RealmsError
class_4346	Request	com.mojang.realmsclient.client.Request
class_435	ProgressScreen	net.minecraft.client.gui.screens.ProgressScreen
class_4351	UploadStatus	com.mojang.realmsclient.client.UploadStatus
class_4352	ValueObject	com.mojang.realmsclient.dto.ValueObject
class_4353	RealmsDefaultUncaughtExceptionHandler	com.mojang.realmsclient.exception.RealmsDefaultUncaughtExceptionHandler
class_4354	RealmsHttpException	com.mojang.realmsclient.exception.RealmsHttpException
class_4355	RealmsServiceException	com.mojang.realmsclient.exception.RealmsServiceException
class_4356	RetryCallException	com.mojang.realmsclient.exception.RetryCallException
class_4358	LongRunningTask	com.mojang.realmsclient.util.task.LongRunningTask
class_436	ShareToLanScreen	net.minecraft.client.gui.screens.ShareToLanScreen
class_4367	RealmsWorldSlotButton	com.mojang.realmsclient.gui.RealmsWorldSlotButton
class_437	Screen	net.minecraft.client.gui.screens.Screen
class_4371	RowButton	com.mojang.realmsclient.gui.RowButton
class_4379	RealmsBackupInfoScreen	com.mojang.realmsclient.gui.screens.RealmsBackupInfoScreen
class_4381	RealmsBackupScreen	com.mojang.realmsclient.gui.screens.RealmsBackupScreen
class_4384	RealmsBrokenWorldScreen	com.mojang.realmsclient.gui.screens.RealmsBrokenWorldScreen
class_4387	RealmsClientOutdatedScreen	com.mojang.realmsclient.gui.screens.RealmsClientOutdatedScreen
class_4388	RealmsConfigureWorldScreen	com.mojang.realmsclient.gui.screens.RealmsConfigureWorldScreen
class_4389	RealmsConfirmScreen	com.mojang.realmsclient.gui.screens.RealmsConfirmScreen
class_4390	RealmsCreateRealmScreen	com.mojang.realmsclient.gui.screens.RealmsCreateRealmScreen
class_4392	RealmsDownloadLatestWorldScreen	com.mojang.realmsclient.gui.screens.RealmsDownloadLatestWorldScreen
class_4394	RealmsGenericErrorScreen	com.mojang.realmsclient.gui.screens.RealmsGenericErrorScreen
class_4395	RealmsInviteScreen	com.mojang.realmsclient.gui.screens.RealmsInviteScreen
class_4396	RealmsLongConfirmationScreen	com.mojang.realmsclient.gui.screens.RealmsLongConfirmationScreen
class_4398	RealmsLongRunningMcoTaskScreen	com.mojang.realmsclient.gui.screens.RealmsLongRunningMcoTaskScreen
class_4399	RealmsNotificationsScreen	com.mojang.realmsclient.gui.screens.RealmsNotificationsScreen
class_44	ConstantValue	net.minecraft.world.level.storage.loot.providers.number.ConstantValue
class_440	SkinCustomizationScreen	net.minecraft.client.gui.screens.SkinCustomizationScreen
class_4400	RealmsParentalConsentScreen	com.mojang.realmsclient.gui.screens.RealmsParentalConsentScreen
class_4401	RealmsPendingInvitesScreen	com.mojang.realmsclient.gui.screens.RealmsPendingInvitesScreen
class_4406	RealmsPlayerScreen	com.mojang.realmsclient.gui.screens.RealmsPlayerScreen
class_4409	RealmsResetNormalWorldScreen	com.mojang.realmsclient.gui.screens.RealmsResetNormalWorldScreen
class_4410	RealmsResetWorldScreen	com.mojang.realmsclient.gui.screens.RealmsResetWorldScreen
class_4413	WorldGenerationInfo	com.mojang.realmsclient.util.WorldGenerationInfo
class_4416	RealmsSelectFileToUploadScreen	com.mojang.realmsclient.gui.screens.RealmsSelectFileToUploadScreen
class_4419	RealmsSelectWorldTemplateScreen	com.mojang.realmsclient.gui.screens.RealmsSelectWorldTemplateScreen
class_442	TitleScreen	net.minecraft.client.gui.screens.TitleScreen
class_4422	RealmsSettingsScreen	com.mojang.realmsclient.gui.screens.RealmsSettingsScreen
class_4423	RealmsSlotOptionsScreen	com.mojang.realmsclient.gui.screens.RealmsSlotOptionsScreen
class_4425	RealmsSubscriptionInfoScreen	com.mojang.realmsclient.gui.screens.RealmsSubscriptionInfoScreen
class_4426	RealmsTermsScreen	com.mojang.realmsclient.gui.screens.RealmsTermsScreen
class_4427	RealmsUploadScreen	com.mojang.realmsclient.gui.screens.RealmsUploadScreen
class_4428	Unit	com.mojang.realmsclient.Unit
class_4429	UploadResult	com.mojang.realmsclient.gui.screens.UploadResult
class_443	SoundOptionsScreen	net.minecraft.client.gui.screens.SoundOptionsScreen
class_4431	JsonUtils	com.mojang.realmsclient.util.JsonUtils
class_4432	RealmsPersistence	com.mojang.realmsclient.util.RealmsPersistence
class_4435	CloseServerTask	com.mojang.realmsclient.util.task.CloseServerTask
class_4436	DownloadTask	com.mojang.realmsclient.util.task.DownloadTask
class_4437	OpenServerTask	com.mojang.realmsclient.util.task.OpenServerTask
class_4438	ConnectTask	com.mojang.realmsclient.util.task.ConnectTask
class_4439	GetServerDetailsTask	com.mojang.realmsclient.util.task.GetServerDetailsTask
class_4440	ResettingWorldTask	com.mojang.realmsclient.util.task.ResettingWorldTask
class_4441	RestoreTask	com.mojang.realmsclient.util.task.RestoreTask
class_4442	SwitchMinigameTask	com.mojang.realmsclient.util.task.SwitchMinigameTask
class_4443	SwitchSlotTask	com.mojang.realmsclient.util.task.SwitchSlotTask
class_4445	WorldCreationTask	com.mojang.realmsclient.util.task.WorldCreationTask
class_4446	RealmsTextureManager	com.mojang.realmsclient.util.RealmsTextureManager
class_4448	RealmsUtil	com.mojang.realmsclient.util.RealmsUtil
class_445	WinScreen	net.minecraft.client.gui.screens.WinScreen
class_4450	TextRenderingUtils	com.mojang.realmsclient.util.TextRenderingUtils
class_4453	UploadTokenCache	com.mojang.realmsclient.util.UploadTokenCache
class_4456	CsvOutput	net.minecraft.util.CsvOutput
class_4458	GoToClosestVillage	net.minecraft.world.entity.ai.behavior.GoToClosestVillage
class_4459	Target	net.minecraft.world.level.pathfinder.Target
class_446	VideoSettingsScreen	net.minecraft.client.gui.screens.VideoSettingsScreen
class_4461	LongArgumentInfo	net.minecraft.commands.synchronization.brigadier.LongArgumentInfo
class_4463	ClientboundBlockChangedAckPacket	net.minecraft.network.protocol.game.ClientboundBlockChangedAckPacket
class_4465	V2100	net.minecraft.util.datafix.schemas.V2100
class_4466	Bee	net.minecraft.world.entity.animal.Bee
class_447	StatsScreen	net.minecraft.client.gui.screens.achievement.StatsScreen
class_4480	HoneyBottleItem	net.minecraft.world.item.HoneyBottleItem
class_4481	BeehiveBlock	net.minecraft.world.level.block.BeehiveBlock
class_4482	BeehiveBlockEntity	net.minecraft.world.level.block.entity.BeehiveBlockEntity
class_4485	RegionBitmap	net.minecraft.world.level.chunk.storage.RegionBitmap
class_4486	RegionFileVersion	net.minecraft.world.level.chunk.storage.RegionFileVersion
class_4488	CopyBlockState	net.minecraft.world.level.storage.loot.functions.CopyBlockState
class_4491	RenderPipeline	com.mojang.blaze3d.pipeline.RenderPipeline
class_4494	GlUtil	com.mojang.blaze3d.platform.GlUtil
class_4495	BeeModel	net.minecraft.client.model.BeeModel
class_4496	ModelUtils	net.minecraft.client.model.ModelUtils
class_4503	GameTestDebugRenderer	net.minecraft.client.renderer.debug.GameTestDebugRenderer
class_4505	BeeRenderer	net.minecraft.client.renderer.entity.BeeRenderer
class_4506	BeeStingerLayer	net.minecraft.client.renderer.entity.layers.BeeStingerLayer
class_4507	StuckInBodyLayer	net.minecraft.client.renderer.entity.layers.StuckInBodyLayer
class_4508	BeeAggressiveSoundInstance	net.minecraft.client.resources.sounds.BeeAggressiveSoundInstance
class_4509	BeeFlyingSoundInstance	net.minecraft.client.resources.sounds.BeeFlyingSoundInstance
class_4510	BeeSoundInstance	net.minecraft.client.resources.sounds.BeeSoundInstance
class_4512	GameTestAssertException	net.minecraft.gametest.framework.GameTestAssertException
class_4513	GameTestAssertPosException	net.minecraft.gametest.framework.GameTestAssertPosException
class_4514	GameTestBatch	net.minecraft.gametest.framework.GameTestBatch
class_4515	GameTestBatchRunner	net.minecraft.gametest.framework.GameTestBatchRunner
class_4516	GameTestHelper	net.minecraft.gametest.framework.GameTestHelper
class_4517	GameTestInfo	net.minecraft.gametest.framework.GameTestInfo
class_4518	GameTestListener	net.minecraft.gametest.framework.GameTestListener
class_4519	GameTestRegistry	net.minecraft.gametest.framework.GameTestRegistry
class_452	StatsUpdateListener	net.minecraft.client.gui.screens.achievement.StatsUpdateListener
class_4520	GameTestRunner	net.minecraft.gametest.framework.GameTestRunner
class_4521	GameTestTicker	net.minecraft.gametest.framework.GameTestTicker
class_4522	GameTestTimeoutException	net.minecraft.gametest.framework.GameTestTimeoutException
class_4523	LogTestReporter	net.minecraft.gametest.framework.LogTestReporter
class_4524	MultipleTestTracker	net.minecraft.gametest.framework.MultipleTestTracker
class_4525	StructureUtils	net.minecraft.gametest.framework.StructureUtils
class_4526	TestClassNameArgument	net.minecraft.gametest.framework.TestClassNameArgument
class_4527	TestCommand	net.minecraft.gametest.framework.TestCommand
class_4529	TestFunction	net.minecraft.gametest.framework.TestFunction
class_453	AdvancementTabType	net.minecraft.client.gui.screens.advancements.AdvancementTabType
class_4530	TestFunctionArgument	net.minecraft.gametest.framework.TestFunctionArgument
class_4531	TestReporter	net.minecraft.gametest.framework.TestReporter
class_4537	ThrowablePotionItem	net.minecraft.world.item.ThrowablePotionItem
class_4538	LevelReader	net.minecraft.world.level.LevelReader
class_454	AdvancementTab	net.minecraft.client.gui.screens.advancements.AdvancementTab
class_4540	LinearCongruentialGenerator	net.minecraft.util.LinearCongruentialGenerator
class_4541	ChunkBiomeFix	net.minecraft.util.datafix.fixes.ChunkBiomeFix
class_4543	BiomeManager	net.minecraft.world.level.biome.BiomeManager
class_455	AdvancementWidgetType	net.minecraft.client.gui.screens.advancements.AdvancementWidgetType
class_4550	BlockPredicate	net.minecraft.advancements.critereon.BlockPredicate
class_4551	FluidPredicate	net.minecraft.advancements.critereon.FluidPredicate
class_4552	LightPredicate	net.minecraft.advancements.critereon.LightPredicate
class_4553	PlayerPredicate	net.minecraft.advancements.critereon.PlayerPredicate
class_4558	SimpleCriterionTrigger	net.minecraft.advancements.critereon.SimpleCriterionTrigger
class_4559	StatePropertiesPredicate	net.minecraft.advancements.critereon.StatePropertiesPredicate
class_456	AdvancementWidget	net.minecraft.client.gui.screens.advancements.AdvancementWidget
class_4565	CommandStorage	net.minecraft.world.level.storage.CommandStorage
class_4568	ConditionReference	net.minecraft.world.level.storage.loot.predicates.ConditionReference
class_457	AdvancementsScreen	net.minecraft.client.gui.screens.advancements.AdvancementsScreen
class_4571	TimeCheck	net.minecraft.world.level.storage.loot.predicates.TimeCheck
class_4573	RenderCall	com.mojang.blaze3d.pipeline.RenderCall
class_458	ControlsScreen	net.minecraft.client.gui.screens.controls.ControlsScreen
class_4580	StorageDataAccessor	net.minecraft.server.commands.data.StorageDataAccessor
class_4582	PowerableMob	net.minecraft.world.entity.PowerableMob
class_4583	SheetedDecalTextureGenerator	com.mojang.blaze3d.vertex.SheetedDecalTextureGenerator
class_4584	BufferVertexConsumer	com.mojang.blaze3d.vertex.BufferVertexConsumer
class_4585	DefaultedVertexConsumer	com.mojang.blaze3d.vertex.DefaultedVertexConsumer
class_4587	PoseStack	com.mojang.blaze3d.vertex.PoseStack
class_4588	VertexConsumer	com.mojang.blaze3d.vertex.VertexConsumer
class_459	KeyBindsList	net.minecraft.client.gui.screens.controls.KeyBindsList
class_4590	Transformation	com.mojang.math.Transformation
class_4592	AgeableListModel	net.minecraft.client.model.AgeableListModel
class_4593	ColorableAgeableListModel	net.minecraft.client.model.ColorableAgeableListModel
class_4594	ColorableHierarchicalModel	net.minecraft.client.model.ColorableHierarchicalModel
class_4595	ListModel	net.minecraft.client.model.ListModel
class_4597	MultiBufferSource	net.minecraft.client.renderer.MultiBufferSource
class_4599	RenderBuffers	net.minecraft.client.renderer.RenderBuffers
class_46	LootContextUser	net.minecraft.world.level.storage.loot.LootContextUser
class_4603	ScreenEffectRenderer	net.minecraft.client.renderer.ScreenEffectRenderer
class_4604	Frustum	net.minecraft.client.renderer.culling.Frustum
class_4606	EyesLayer	net.minecraft.client.renderer.entity.layers.EyesLayer
class_4607	EnergySwirlLayer	net.minecraft.client.renderer.entity.layers.EnergySwirlLayer
class_4608	OverlayTexture	net.minecraft.client.renderer.texture.OverlayTexture
class_4609	BlockMath	net.minecraft.core.BlockMath
class_4614	TagType	net.minecraft.nbt.TagType
class_4615	TagTypes	net.minecraft.nbt.TagTypes
class_4616	StorageDataSource	net.minecraft.network.chat.contents.StorageDataSource
class_4617	DebugEntityNameGenerator	net.minecraft.network.protocol.game.DebugEntityNameGenerator
class_4618	OutlineBufferSource	net.minecraft.client.renderer.OutlineBufferSource
class_4620	AbstractPoiSectionFix	net.minecraft.util.datafix.fixes.AbstractPoiSectionFix
class_4622	HoneyBlock	net.minecraft.world.level.block.HoneyBlock
class_4623	PistonMath	net.minecraft.world.level.block.piston.PistonMath
class_4625	AbstractHugeMushroomFeature	net.minecraft.world.level.levelgen.feature.AbstractHugeMushroomFeature
class_4628	RandomPatchFeature	net.minecraft.world.level.levelgen.feature.RandomPatchFeature
class_463	AbstractCommandBlockEditScreen	net.minecraft.client.gui.screens.inventory.AbstractCommandBlockEditScreen
class_4634	BlockPileConfiguration	net.minecraft.world.level.levelgen.feature.configurations.BlockPileConfiguration
class_4635	HugeMushroomFeatureConfiguration	net.minecraft.world.level.levelgen.feature.configurations.HugeMushroomFeatureConfiguration
class_4638	RandomPatchConfiguration	net.minecraft.world.level.levelgen.feature.configurations.RandomPatchConfiguration
class_4642	SpringConfiguration	net.minecraft.world.level.levelgen.feature.configurations.SpringConfiguration
class_4643	TreeConfiguration	net.minecraft.world.level.levelgen.feature.configurations.TreeConfiguration
class_4645	AcaciaFoliagePlacer	net.minecraft.world.level.levelgen.feature.foliageplacers.AcaciaFoliagePlacer
class_4646	BlobFoliagePlacer	net.minecraft.world.level.levelgen.feature.foliageplacers.BlobFoliagePlacer
class_4647	FoliagePlacer	net.minecraft.world.level.levelgen.feature.foliageplacers.FoliagePlacer
class_4648	FoliagePlacerType	net.minecraft.world.level.levelgen.feature.foliageplacers.FoliagePlacerType
class_4649	PineFoliagePlacer	net.minecraft.world.level.levelgen.feature.foliageplacers.PineFoliagePlacer
class_465	AbstractContainerScreen	net.minecraft.client.gui.screens.inventory.AbstractContainerScreen
class_4650	SpruceFoliagePlacer	net.minecraft.world.level.levelgen.feature.foliageplacers.SpruceFoliagePlacer
class_4651	BlockStateProvider	net.minecraft.world.level.levelgen.feature.stateproviders.BlockStateProvider
class_4652	BlockStateProviderType	net.minecraft.world.level.levelgen.feature.stateproviders.BlockStateProviderType
class_4655	RotatedBlockProvider	net.minecraft.world.level.levelgen.feature.stateproviders.RotatedBlockProvider
class_4656	SimpleStateProvider	net.minecraft.world.level.levelgen.feature.stateproviders.SimpleStateProvider
class_4657	WeightedStateProvider	net.minecraft.world.level.levelgen.feature.stateproviders.WeightedStateProvider
class_4658	AlterGroundDecorator	net.minecraft.world.level.levelgen.feature.treedecorators.AlterGroundDecorator
class_4659	BeehiveDecorator	net.minecraft.world.level.levelgen.feature.treedecorators.BeehiveDecorator
class_466	BeaconScreen	net.minecraft.client.gui.screens.inventory.BeaconScreen
class_4660	CocoaDecorator	net.minecraft.world.level.levelgen.feature.treedecorators.CocoaDecorator
class_4661	LeaveVineDecorator	net.minecraft.world.level.levelgen.feature.treedecorators.LeaveVineDecorator
class_4662	TreeDecorator	net.minecraft.world.level.levelgen.feature.treedecorators.TreeDecorator
class_4663	TreeDecoratorType	net.minecraft.world.level.levelgen.feature.treedecorators.TreeDecoratorType
class_4664	TrunkVineDecorator	net.minecraft.world.level.levelgen.feature.treedecorators.TrunkVineDecorator
class_4666	ToggleKeyMapping	net.minecraft.client.ToggleKeyMapping
class_4667	OptionsSubScreen	net.minecraft.client.gui.screens.OptionsSubScreen
class_4668	RenderStateShard	net.minecraft.client.renderer.RenderStateShard
class_4691	IronGolemCrackinessLayer	net.minecraft.client.renderer.entity.layers.IronGolemCrackinessLayer
class_4692	GameTestEvent	net.minecraft.gametest.framework.GameTestEvent
class_4693	GameTestSequence	net.minecraft.gametest.framework.GameTestSequence
class_4694	SpectateCommand	net.minecraft.server.commands.SpectateCommand
class_4695	StructureReferenceCountFix	net.minecraft.util.datafix.fixes.StructureReferenceCountFix
class_4696	ItemBlockRenderTypes	net.minecraft.client.renderer.ItemBlockRenderTypes
class_4698	IOWorker	net.minecraft.world.level.chunk.storage.IOWorker
class_47	LootContext	net.minecraft.world.level.storage.loot.LootContext
class_4700	BlockTintCache	net.minecraft.client.color.block.BlockTintCache
class_4703	BeeDebugRenderer	net.minecraft.client.renderer.debug.BeeDebugRenderer
class_4706	SortedArraySet	net.minecraft.util.SortedArraySet
class_4708	BeeNestDestroyedTrigger	net.minecraft.advancements.critereon.BeeNestDestroyedTrigger
class_471	AnvilScreen	net.minecraft.client.gui.screens.inventory.AnvilScreen
class_4711	ItemUsedOnLocationTrigger	net.minecraft.advancements.critereon.ItemUsedOnLocationTrigger
class_4713	SlideDownBlockTrigger	net.minecraft.advancements.critereon.SlideDownBlockTrigger
class_4715	NoOpFeature	net.minecraft.world.level.levelgen.feature.NoOpFeature
class_4717	CommandSuggestions	net.minecraft.client.gui.components.CommandSuggestions
class_4718	SilentInitException	net.minecraft.client.main.SilentInitException
class_4719	WoodType	net.minecraft.world.level.block.state.properties.WoodType
class_472	BrewingStandScreen	net.minecraft.client.gui.screens.inventory.BrewingStandScreen
class_4720	VertexMultiConsumer	com.mojang.blaze3d.vertex.VertexMultiConsumer
class_4722	Sheets	net.minecraft.client.renderer.Sheets
class_4723	SpriteCoordinateExpander	net.minecraft.client.renderer.SpriteCoordinateExpander
class_4724	AtlasSet	net.minecraft.client.resources.model.AtlasSet
class_4725	MipmapGenerator	net.minecraft.client.renderer.texture.MipmapGenerator
class_473	BookEditScreen	net.minecraft.client.gui.screens.inventory.BookEditScreen
class_4730	Material	net.minecraft.client.resources.model.Material
class_4731	ForcePoiRebuild	net.minecraft.util.datafix.fixes.ForcePoiRebuild
class_4732	DoubleBlockCombiner	net.minecraft.world.level.block.DoubleBlockCombiner
class_4737	BrightnessCombiner	net.minecraft.client.renderer.blockentity.BrightnessCombiner
class_4739	AbstractChestBlock	net.minecraft.world.level.block.AbstractChestBlock
class_474	PageButton	net.minecraft.client.gui.screens.inventory.PageButton
class_4740	RunningTrimmedMean	net.minecraft.client.renderer.RunningTrimmedMean
class_4744	AdvancementsRenameFix	net.minecraft.util.datafix.fixes.AdvancementsRenameFix
class_4748	ProfilerPathEntry	net.minecraft.util.profiling.ProfilerPathEntry
class_4749	SafetyScreen	net.minecraft.client.gui.screens.multiplayer.SafetyScreen
class_4752	FurnaceRecipeFix	net.minecraft.util.datafix.fixes.FurnaceRecipeFix
class_4754	WallPropertyFix	net.minecraft.util.datafix.fixes.WallPropertyFix
class_4755	V2501	net.minecraft.util.datafix.schemas.V2501
class_4756	V2502	net.minecraft.util.datafix.schemas.V2502
class_4757	ContinuousProfiler	net.minecraft.util.profiling.ContinuousProfiler
class_4758	SingleTickProfiler	net.minecraft.util.profiling.SingleTickProfiler
class_476	ContainerScreen	net.minecraft.client.gui.screens.inventory.ContainerScreen
class_4760	Hoglin	net.minecraft.world.entity.monster.hoglin.Hoglin
class_4761	AmbientParticleSettings	net.minecraft.world.level.biome.AmbientParticleSettings
class_4763	BiomeSpecialEffects	net.minecraft.world.level.biome.BiomeSpecialEffects
class_4766	MultiNoiseBiomeSource	net.minecraft.world.level.biome.MultiNoiseBiomeSource
class_477	CommandBlockEditScreen	net.minecraft.client.gui.screens.inventory.CommandBlockEditScreen
class_4770	BaseFireBlock	net.minecraft.world.level.block.BaseFireBlock
class_4771	FungusBlock	net.minecraft.world.level.block.FungusBlock
class_4772	NetherSproutsBlock	net.minecraft.world.level.block.NetherSproutsBlock
class_4773	NetherrackBlock	net.minecraft.world.level.block.NetherrackBlock
class_4774	RootsBlock	net.minecraft.world.level.block.RootsBlock
class_4775	SoulFireBlock	net.minecraft.world.level.block.SoulFireBlock
class_4776	WeepingVinesBlock	net.minecraft.world.level.block.WeepingVinesBlock
class_4777	TwistingVinesBlock	net.minecraft.world.level.block.TwistingVinesBlock
class_4778	WallSide	net.minecraft.world.level.block.state.properties.WallSide
class_4779	BasaltPillarFeature	net.minecraft.world.level.levelgen.feature.BasaltPillarFeature
class_478	CreativeInventoryListener	net.minecraft.client.gui.screens.inventory.CreativeInventoryListener
class_4780	HugeFungusConfiguration	net.minecraft.world.level.levelgen.feature.HugeFungusConfiguration
class_4781	HugeFungusFeature	net.minecraft.world.level.levelgen.feature.HugeFungusFeature
class_4782	NetherForestVegetationFeature	net.minecraft.world.level.levelgen.feature.NetherForestVegetationFeature
class_4784	WeepingVinesFeature	net.minecraft.world.level.levelgen.feature.WeepingVinesFeature
class_4785	NetherFossilStructure	net.minecraft.world.level.levelgen.structure.structures.NetherFossilStructure
class_4787	NetherFossilPieces	net.minecraft.world.level.levelgen.structure.structures.NetherFossilPieces
class_479	CraftingScreen	net.minecraft.client.gui.screens.inventory.CraftingScreen
class_4791	HoglinModel	net.minecraft.client.model.HoglinModel
class_4792	AshParticle	net.minecraft.client.particle.AshParticle
class_4794	BaseAshSmokeParticle	net.minecraft.client.particle.BaseAshSmokeParticle
class_4798	HoglinRenderer	net.minecraft.client.renderer.entity.HoglinRenderer
class_480	DispenserScreen	net.minecraft.client.gui.screens.inventory.DispenserScreen
class_4802	TimeUtil	net.minecraft.util.TimeUtil
class_4803	MemoryExpiryDataFix	net.minecraft.util.datafix.fixes.MemoryExpiryDataFix
class_4804	V2505	net.minecraft.util.datafix.schemas.V2505
class_4806	AnimalMakeLove	net.minecraft.world.entity.ai.behavior.AnimalMakeLove
class_4807	BackUpIfTooClose	net.minecraft.world.entity.ai.behavior.BackUpIfTooClose
class_4808	BecomePassiveIfMemoryPresent	net.minecraft.world.entity.ai.behavior.BecomePassiveIfMemoryPresent
class_4809	CopyMemoryWithExpiry	net.minecraft.world.entity.ai.behavior.CopyMemoryWithExpiry
class_481	CreativeModeInventoryScreen	net.minecraft.client.gui.screens.inventory.CreativeModeInventoryScreen
class_4810	CrossbowAttack	net.minecraft.world.entity.ai.behavior.CrossbowAttack
class_4812	DismountOrSkipMounting	net.minecraft.world.entity.ai.behavior.DismountOrSkipMounting
class_4813	EraseMemoryIf	net.minecraft.world.entity.ai.behavior.EraseMemoryIf
class_4814	GoToTargetLocation	net.minecraft.world.entity.ai.behavior.GoToTargetLocation
class_4815	GoToWantedItem	net.minecraft.world.entity.ai.behavior.GoToWantedItem
class_4816	MeleeAttack	net.minecraft.world.entity.ai.behavior.MeleeAttack
class_4817	Mount	net.minecraft.world.entity.ai.behavior.Mount
class_4818	RandomStroll	net.minecraft.world.entity.ai.behavior.RandomStroll
class_4819	RememberIfHoglinWasKilled	net.minecraft.world.entity.monster.piglin.RememberIfHoglinWasKilled
class_4822	SetWalkTargetFromAttackTargetIfTargetOutOfReach	net.minecraft.world.entity.ai.behavior.SetWalkTargetFromAttackTargetIfTargetOutOfReach
class_4823	StartAdmiringItemIfSeen	net.minecraft.world.entity.monster.piglin.StartAdmiringItemIfSeen
class_4824	StartAttacking	net.minecraft.world.entity.ai.behavior.StartAttacking
class_4825	StartCelebratingIfTargetDead	net.minecraft.world.entity.ai.behavior.StartCelebratingIfTargetDead
class_4826	StartHuntingHoglin	net.minecraft.world.entity.monster.piglin.StartHuntingHoglin
class_4827	StopAdmiringIfItemTooFarAway	net.minecraft.world.entity.monster.piglin.StopAdmiringIfItemTooFarAway
class_4828	StopAttackingIfTargetInvalid	net.minecraft.world.entity.ai.behavior.StopAttackingIfTargetInvalid
class_4829	StopBeingAngryIfTargetDead	net.minecraft.world.entity.ai.behavior.StopBeingAngryIfTargetDead
class_4830	StopHoldingItemIfNoLongerAdmiring	net.minecraft.world.entity.monster.piglin.StopHoldingItemIfNoLongerAdmiring
class_4831	ExpirableValue	net.minecraft.world.entity.ai.memory.ExpirableValue
class_4832	HoglinSpecificSensor	net.minecraft.world.entity.ai.sensing.HoglinSpecificSensor
class_4833	NearestItemSensor	net.minecraft.world.entity.ai.sensing.NearestItemSensor
class_4834	PiglinSpecificSensor	net.minecraft.world.entity.ai.sensing.PiglinSpecificSensor
class_4835	HoglinAi	net.minecraft.world.entity.monster.hoglin.HoglinAi
class_4836	Piglin	net.minecraft.world.entity.monster.piglin.Piglin
class_4837	PiglinArmPose	net.minecraft.world.entity.monster.piglin.PiglinArmPose
class_4838	PiglinAi	net.minecraft.world.entity.monster.piglin.PiglinAi
class_4840	PiglinModel	net.minecraft.client.model.PiglinModel
class_4841	VillageSectionsDebugRenderer	net.minecraft.client.renderer.debug.VillageSectionsDebugRenderer
class_4842	PiglinRenderer	net.minecraft.client.renderer.entity.PiglinRenderer
class_4844	UUIDUtil	net.minecraft.core.UUIDUtil
class_4845	VanillaPiglinBarterLoot	net.minecraft.data.loot.packs.VanillaPiglinBarterLoot
class_4846	EntityZombifiedPiglinRenameFix	net.minecraft.util.datafix.fixes.EntityZombifiedPiglinRenameFix
class_4847	V2509	net.minecraft.util.datafix.schemas.V2509
class_4848	CryingObsidianBlock	net.minecraft.world.level.block.CryingObsidianBlock
class_4849	NyliumBlock	net.minecraft.world.level.block.NyliumBlock
class_485	EffectRenderingInventoryScreen	net.minecraft.client.gui.screens.inventory.EffectRenderingInventoryScreen
class_4850	TargetBlock	net.minecraft.world.level.block.TargetBlock
class_4851	TargetBlockTrigger	net.minecraft.advancements.critereon.TargetBlockTrigger
class_4856	LoopingAudioStream	net.minecraft.client.sounds.LoopingAudioStream
class_486	EnchantmentScreen	net.minecraft.client.gui.screens.inventory.EnchantmentScreen
class_4860	EntityProjectileOwnerFix	net.minecraft.util.datafix.fixes.EntityProjectileOwnerFix
class_4861	ItemCombinerMenu	net.minecraft.world.inventory.ItemCombinerMenu
class_4862	SmithingMenu	net.minecraft.world.inventory.SmithingMenu
class_4863	GrowingPlantBlock	net.minecraft.world.level.block.GrowingPlantBlock
class_4864	GrowingPlantBodyBlock	net.minecraft.world.level.block.GrowingPlantBodyBlock
class_4865	GrowingPlantHeadBlock	net.minecraft.world.level.block.GrowingPlantHeadBlock
class_4867	Backup	com.mojang.realmsclient.dto.Backup
class_4868	BackupList	com.mojang.realmsclient.dto.BackupList
class_4869	GuardedSerializer	com.mojang.realmsclient.dto.GuardedSerializer
class_487	EnchantmentNames	net.minecraft.client.gui.screens.inventory.EnchantmentNames
class_4870	Ops	com.mojang.realmsclient.dto.Ops
class_4871	PendingInvite	com.mojang.realmsclient.dto.PendingInvite
class_4872	PendingInvitesList	com.mojang.realmsclient.dto.PendingInvitesList
class_4873	PingResult	com.mojang.realmsclient.dto.PingResult
class_4874	PlayerInfo	com.mojang.realmsclient.dto.PlayerInfo
class_4875	RealmsDescriptionDto	com.mojang.realmsclient.dto.RealmsDescriptionDto
class_4876	RealmsNews	com.mojang.realmsclient.dto.RealmsNews
class_4877	RealmsServer	com.mojang.realmsclient.dto.RealmsServer
class_4878	RealmsServerAddress	com.mojang.realmsclient.dto.RealmsServerAddress
class_4879	RealmsServerList	com.mojang.realmsclient.dto.RealmsServerList
class_488	HopperScreen	net.minecraft.client.gui.screens.inventory.HopperScreen
class_4880	RealmsServerPing	com.mojang.realmsclient.dto.RealmsServerPing
class_4881	RealmsServerPlayerList	com.mojang.realmsclient.dto.RealmsServerPlayerList
class_4882	RealmsServerPlayerLists	com.mojang.realmsclient.dto.RealmsServerPlayerLists
class_4883	RealmsWorldOptions	com.mojang.realmsclient.dto.RealmsWorldOptions
class_4884	RealmsWorldResetDto	com.mojang.realmsclient.dto.RealmsWorldResetDto
class_4885	ReflectionBasedSerialization	com.mojang.realmsclient.dto.ReflectionBasedSerialization
class_4886	RegionPingResult	com.mojang.realmsclient.dto.RegionPingResult
class_4887	Subscription	com.mojang.realmsclient.dto.Subscription
class_4888	UploadInfo	com.mojang.realmsclient.dto.UploadInfo
class_4889	WorldDownload	com.mojang.realmsclient.dto.WorldDownload
class_489	AbstractFurnaceScreen	net.minecraft.client.gui.screens.inventory.AbstractFurnaceScreen
class_4890	WorldTemplate	com.mojang.realmsclient.dto.WorldTemplate
class_4891	WorldTemplatePaginatedList	com.mojang.realmsclient.dto.WorldTemplatePaginatedList
class_4892	AbstractOptionSliderButton	net.minecraft.client.gui.components.AbstractOptionSliderButton
class_4894	ItemCombinerScreen	net.minecraft.client.gui.screens.inventory.ItemCombinerScreen
class_4895	SmithingScreen	net.minecraft.client.gui.screens.inventory.SmithingScreen
class_4896	AnimationUtils	net.minecraft.client.model.AnimationUtils
class_4897	BiomeAmbientSoundsHandler	net.minecraft.client.resources.sounds.BiomeAmbientSoundsHandler
class_4899	DisconnectedRealmsScreen	net.minecraft.realms.DisconnectedRealmsScreen
class_490	InventoryScreen	net.minecraft.client.gui.screens.inventory.InventoryScreen
class_4902	RealmsConnect	net.minecraft.realms.RealmsConnect
class_4903	RealmsLabel	net.minecraft.realms.RealmsLabel
class_4904	RealmsObjectSelectionList	net.minecraft.realms.RealmsObjectSelectionList
class_4905	RealmsScreen	net.minecraft.realms.RealmsScreen
class_4907	RepeatedNarrator	net.minecraft.realms.RepeatedNarrator
class_491	HorseInventoryScreen	net.minecraft.client.gui.screens.inventory.HorseInventoryScreen
class_4910	BlockModelGenerators	net.minecraft.data.models.BlockModelGenerators
class_4915	ItemModelGenerators	net.minecraft.data.models.ItemModelGenerators
class_4916	ModelProvider	net.minecraft.data.models.ModelProvider
class_4917	BlockStateGenerator	net.minecraft.data.models.blockstates.BlockStateGenerator
class_4918	Condition	net.minecraft.data.models.blockstates.Condition
class_492	MerchantScreen	net.minecraft.client.gui.screens.inventory.MerchantScreen
class_4922	MultiPartGenerator	net.minecraft.data.models.blockstates.MultiPartGenerator
class_4925	MultiVariantGenerator	net.minecraft.data.models.blockstates.MultiVariantGenerator
class_4926	PropertyDispatch	net.minecraft.data.models.blockstates.PropertyDispatch
class_4934	Selector	net.minecraft.data.models.blockstates.Selector
class_4935	Variant	net.minecraft.data.models.blockstates.Variant
class_4936	VariantProperties	net.minecraft.data.models.blockstates.VariantProperties
class_4938	VariantProperty	net.minecraft.data.models.blockstates.VariantProperty
class_494	LoomScreen	net.minecraft.client.gui.screens.inventory.LoomScreen
class_4940	DelegatedModel	net.minecraft.data.models.model.DelegatedModel
class_4941	ModelLocationUtils	net.minecraft.data.models.model.ModelLocationUtils
class_4942	ModelTemplate	net.minecraft.data.models.model.ModelTemplate
class_4943	ModelTemplates	net.minecraft.data.models.model.ModelTemplates
class_4944	TextureMapping	net.minecraft.data.models.model.TextureMapping
class_4945	TextureSlot	net.minecraft.data.models.model.TextureSlot
class_4946	TexturedModel	net.minecraft.data.models.model.TexturedModel
class_4948	SoulSpeedEnchantment	net.minecraft.world.item.enchantment.SoulSpeedEnchantment
class_4949	NetherVines	net.minecraft.world.level.block.NetherVines
class_495	ShulkerBoxScreen	net.minecraft.client.gui.screens.inventory.ShulkerBoxScreen
class_4950	TwistingVinesPlantBlock	net.minecraft.world.level.block.TwistingVinesPlantBlock
class_4951	WeepingVinesPlantBlock	net.minecraft.world.level.block.WeepingVinesPlantBlock
class_4953	TwistingVinesFeature	net.minecraft.world.level.levelgen.feature.TwistingVinesFeature
class_4955	RisingParticle	net.minecraft.client.particle.RisingParticle
class_4956	SoulParticle	net.minecraft.client.particle.SoulParticle
class_4958	AbstractUUIDFix	net.minecraft.util.datafix.fixes.AbstractUUIDFix
class_4959	BlockEntityUUIDFix	net.minecraft.util.datafix.fixes.BlockEntityUUIDFix
class_496	MinecartCommandBlockEditScreen	net.minecraft.client.gui.screens.inventory.MinecartCommandBlockEditScreen
class_4960	EntityUUIDFix	net.minecraft.util.datafix.fixes.EntityUUIDFix
class_4961	ItemStackUUIDFix	net.minecraft.util.datafix.fixes.ItemStackUUIDFix
class_4962	LevelUUIDFix	net.minecraft.util.datafix.fixes.LevelUUIDFix
class_4963	PlayerUUIDFix	net.minecraft.util.datafix.fixes.PlayerUUIDFix
class_4964	SavedDataUUIDFix	net.minecraft.util.datafix.fixes.SavedDataUUIDFix
class_4965	FishingHookPredicate	net.minecraft.advancements.critereon.FishingHookPredicate
class_4966	NoiseColumn	net.minecraft.world.level.NoiseColumn
class_4967	AmbientAdditionsSettings	net.minecraft.world.level.biome.AmbientAdditionsSettings
class_4968	AmbientMoodSettings	net.minecraft.world.level.biome.AmbientMoodSettings
class_4969	RespawnAnchorBlock	net.minecraft.world.level.block.RespawnAnchorBlock
class_497	StructureBlockEditScreen	net.minecraft.client.gui.screens.inventory.StructureBlockEditScreen
class_4970	BlockBehaviour	net.minecraft.world.level.block.state.BlockBehaviour
class_4974	ReversePortalParticle	net.minecraft.client.particle.ReversePortalParticle
class_4976	GossipUUIDFix	net.minecraft.util.datafix.fixes.GossipUUIDFix
class_4977	JigsawPropertiesFix	net.minecraft.util.datafix.fixes.JigsawPropertiesFix
class_4978	JigsawRotationFix	net.minecraft.util.datafix.fixes.JigsawRotationFix
class_4979	V2519	net.minecraft.util.datafix.schemas.V2519
class_498	SignEditScreen	net.minecraft.client.gui.screens.inventory.SignEditScreen
class_4980	ItemBasedSteering	net.minecraft.world.entity.ItemBasedSteering
class_4981	ItemSteerable	net.minecraft.world.entity.ItemSteerable
class_4982	UseBonemeal	net.minecraft.world.entity.ai.behavior.UseBonemeal
class_4983	WorkAtComposter	net.minecraft.world.entity.ai.behavior.WorkAtComposter
class_4985	Strider	net.minecraft.world.entity.monster.Strider
class_4990	OctahedralGroup	com.mojang.math.OctahedralGroup
class_4992	AxisAlignedLinearPosTest	net.minecraft.world.level.levelgen.structure.templatesystem.AxisAlignedLinearPosTest
class_4993	LinearPosTest	net.minecraft.world.level.levelgen.structure.templatesystem.LinearPosTest
class_4994	PosAlwaysTrueTest	net.minecraft.world.level.levelgen.structure.templatesystem.PosAlwaysTrueTest
class_4995	PosRuleTest	net.minecraft.world.level.levelgen.structure.templatesystem.PosRuleTest
class_4996	PosRuleTestType	net.minecraft.world.level.levelgen.structure.templatesystem.PosRuleTestType
class_4997	StriderModel	net.minecraft.client.model.StriderModel
class_4998	SymmetricGroup3	com.mojang.math.SymmetricGroup3
class_4999	StriderRenderer	net.minecraft.client.renderer.entity.StriderRenderer
class_5	BinaryHeap	net.minecraft.world.level.pathfinder.BinaryHeap
class_500	JoinMultiplayerScreen	net.minecraft.client.gui.screens.multiplayer.JoinMultiplayerScreen
class_5000	FrontAndTop	net.minecraft.core.FrontAndTop
class_505	GhostRecipe	net.minecraft.client.gui.screens.recipebook.GhostRecipe
class_507	RecipeBookComponent	net.minecraft.client.gui.screens.recipebook.RecipeBookComponent
class_508	OverlayRecipeComponent	net.minecraft.client.gui.screens.recipebook.OverlayRecipeComponent
class_512	RecipeBookTabButton	net.minecraft.client.gui.screens.recipebook.RecipeBookTabButton
class_5125	DirectoryLock	net.minecraft.util.DirectoryLock
class_5127	ExceptionCollector	net.minecraft.util.ExceptionCollector
class_5129	AttributesRename	net.minecraft.util.datafix.fixes.AttributesRename
class_513	RecipeBookPage	net.minecraft.client.gui.screens.recipebook.RecipeBookPage
class_5130	V2522	net.minecraft.util.datafix.schemas.V2522
class_5131	AttributeMap	net.minecraft.world.entity.ai.attributes.AttributeMap
class_5132	AttributeSupplier	net.minecraft.world.entity.ai.attributes.AttributeSupplier
class_5134	Attributes	net.minecraft.world.entity.ai.attributes.Attributes
class_5135	DefaultAttributes	net.minecraft.world.entity.ai.attributes.DefaultAttributes
class_5136	Zoglin	net.minecraft.world.entity.monster.Zoglin
class_5137	HoglinBase	net.minecraft.world.entity.monster.hoglin.HoglinBase
class_5138	StructureManager	net.minecraft.world.level.StructureManager
class_5139	ForkingTrunkPlacer	net.minecraft.world.level.levelgen.feature.trunkplacers.ForkingTrunkPlacer
class_514	RecipeButton	net.minecraft.client.gui.screens.recipebook.RecipeButton
class_5140	StraightTrunkPlacer	net.minecraft.world.level.levelgen.feature.trunkplacers.StraightTrunkPlacer
class_5141	TrunkPlacer	net.minecraft.world.level.levelgen.feature.trunkplacers.TrunkPlacer
class_5142	TrunkPlacerType	net.minecraft.world.level.levelgen.feature.trunkplacers.TrunkPlacerType
class_5144	ZoglinRenderer	net.minecraft.client.renderer.entity.ZoglinRenderer
class_5146	Saddleable	net.minecraft.world.entity.Saddleable
class_5147	Shearable	net.minecraft.world.entity.Shearable
class_5148	Markings	net.minecraft.world.entity.animal.horse.Markings
class_5149	Variant	net.minecraft.world.entity.animal.horse.Variant
class_515	RecipeShownListener	net.minecraft.client.gui.screens.recipebook.RecipeShownListener
class_5150	Vanishable	net.minecraft.world.item.Vanishable
class_5151	Equipable	net.minecraft.world.item.Equipable
class_5153	BasaltColumnsFeature	net.minecraft.world.level.levelgen.feature.BasaltColumnsFeature
class_5154	DeltaFeature	net.minecraft.world.level.levelgen.feature.DeltaFeature
class_5155	ReplaceBlobsFeature	net.minecraft.world.level.levelgen.feature.ReplaceBlobsFeature
class_5156	ColumnFeatureConfiguration	net.minecraft.world.level.levelgen.feature.configurations.ColumnFeatureConfiguration
class_5158	DeltaFeatureConfiguration	net.minecraft.world.level.levelgen.feature.configurations.DeltaFeatureConfiguration
class_516	RecipeCollection	net.minecraft.client.gui.screens.recipebook.RecipeCollection
class_5165	WhiteAshParticle	net.minecraft.client.particle.WhiteAshParticle
class_5167	HorseMarkingLayer	net.minecraft.client.renderer.entity.layers.HorseMarkingLayer
class_5168	ShearsDispenseItemBehavior	net.minecraft.core.dispenser.ShearsDispenseItemBehavior
class_5169	MinecraftServerStatistics	net.minecraft.util.monitoring.jmx.MinecraftServerStatistics
class_517	AbstractFurnaceRecipeBookComponent	net.minecraft.client.gui.screens.recipebook.AbstractFurnaceRecipeBookComponent
class_5172	ChainBlock	net.minecraft.world.level.block.ChainBlock
class_5174	BastionBridgePools	net.minecraft.data.worldgen.BastionBridgePools
class_5177	BastionHoglinStablePools	net.minecraft.data.worldgen.BastionHoglinStablePools
class_5178	BastionHousingUnitsPools	net.minecraft.data.worldgen.BastionHousingUnitsPools
class_5179	BastionPieces	net.minecraft.data.worldgen.BastionPieces
class_518	RecipeUpdateListener	net.minecraft.client.gui.screens.recipebook.RecipeUpdateListener
class_5181	BastionSharedPools	net.minecraft.data.worldgen.BastionSharedPools
class_5182	BastionTreasureRoomPools	net.minecraft.data.worldgen.BastionTreasureRoomPools
class_5183	RuinedPortalStructure	net.minecraft.world.level.levelgen.structure.structures.RuinedPortalStructure
class_5188	LegacySinglePoolElement	net.minecraft.world.level.levelgen.structure.pools.LegacySinglePoolElement
class_5189	RuinedPortalPiece	net.minecraft.world.level.levelgen.structure.structures.RuinedPortalPiece
class_5192	BlackstoneReplaceProcessor	net.minecraft.world.level.levelgen.structure.templatesystem.BlackstoneReplaceProcessor
class_5193	BlockAgeProcessor	net.minecraft.world.level.levelgen.structure.templatesystem.BlockAgeProcessor
class_5194	ServerboundJigsawGeneratePacket	net.minecraft.network.protocol.game.ServerboundJigsawGeneratePacket
class_5195	Music	net.minecraft.sounds.Music
class_5196	BitStorageAlignFix	net.minecraft.util.datafix.fixes.BitStorageAlignFix
class_52	LootTable	net.minecraft.world.level.storage.loot.LootTable
class_5201	FeatureSize	net.minecraft.world.level.levelgen.feature.featuresize.FeatureSize
class_5202	FeatureSizeType	net.minecraft.world.level.levelgen.feature.featuresize.FeatureSizeType
class_5203	ThreeLayersFeatureSize	net.minecraft.world.level.levelgen.feature.featuresize.ThreeLayersFeatureSize
class_5204	TwoLayersFeatureSize	net.minecraft.world.level.levelgen.feature.featuresize.TwoLayersFeatureSize
class_5205	BushFoliagePlacer	net.minecraft.world.level.levelgen.feature.foliageplacers.BushFoliagePlacer
class_5206	DarkOakFoliagePlacer	net.minecraft.world.level.levelgen.feature.foliageplacers.DarkOakFoliagePlacer
class_5207	FancyFoliagePlacer	net.minecraft.world.level.levelgen.feature.foliageplacers.FancyFoliagePlacer
class_5209	MegaJungleFoliagePlacer	net.minecraft.world.level.levelgen.feature.foliageplacers.MegaJungleFoliagePlacer
class_521	TransferableSelectionList	net.minecraft.client.gui.screens.packs.TransferableSelectionList
class_5210	MegaPineFoliagePlacer	net.minecraft.world.level.levelgen.feature.foliageplacers.MegaPineFoliagePlacer
class_5211	DarkOakTrunkPlacer	net.minecraft.world.level.levelgen.feature.trunkplacers.DarkOakTrunkPlacer
class_5212	FancyTrunkPlacer	net.minecraft.world.level.levelgen.feature.trunkplacers.FancyTrunkPlacer
class_5214	GiantTrunkPlacer	net.minecraft.world.level.levelgen.feature.trunkplacers.GiantTrunkPlacer
class_5215	MegaJungleTrunkPlacer	net.minecraft.world.level.levelgen.feature.trunkplacers.MegaJungleTrunkPlacer
class_5216	NormalNoise	net.minecraft.world.level.levelgen.synth.NormalNoise
class_5217	LevelData	net.minecraft.world.level.storage.LevelData
class_5218	LevelResource	net.minecraft.world.level.storage.LevelResource
class_5219	WorldData	net.minecraft.world.level.storage.WorldData
class_5221	ErrorCallback	com.mojang.realmsclient.gui.ErrorCallback
class_5222	ComponentCollector	net.minecraft.client.ComponentCollector
class_5223	StringDecomposer	net.minecraft.util.StringDecomposer
class_5224	FormattedCharSink	net.minecraft.util.FormattedCharSink
class_5225	StringSplitter	net.minecraft.client.StringSplitter
class_5235	EditGameRulesScreen	net.minecraft.client.gui.screens.worldselection.EditGameRulesScreen
class_524	EditWorldScreen	net.minecraft.client.gui.screens.worldselection.EditWorldScreen
class_5242	UuidArgument	net.minecraft.commands.arguments.UuidArgument
class_5244	CommonComponents	net.minecraft.network.chat.CommonComponents
class_525	CreateWorldScreen	net.minecraft.client.gui.screens.worldselection.CreateWorldScreen
class_5250	MutableComponent	net.minecraft.network.chat.MutableComponent
class_5251	TextColor	net.minecraft.network.chat.TextColor
class_5252	AttributeCommand	net.minecraft.server.commands.AttributeCommand
class_5253	FastColor	net.minecraft.util.FastColor
class_5255	RedstoneWireConnectionsFix	net.minecraft.util.datafix.fixes.RedstoneWireConnectionsFix
class_5256	StriderGravityFix	net.minecraft.util.datafix.fixes.StriderGravityFix
class_5257	DeserializationContext	net.minecraft.advancements.critereon.DeserializationContext
class_5258	ContextAwarePredicate	net.minecraft.advancements.critereon.ContextAwarePredicate
class_526	SelectWorldScreen	net.minecraft.client.gui.screens.worldselection.SelectWorldScreen
class_5263	PotentialCalculator	net.minecraft.world.level.PotentialCalculator
class_5267	SerializationContext	net.minecraft.advancements.critereon.SerializationContext
class_5268	ServerLevelData	net.minecraft.world.level.storage.ServerLevelData
class_5269	WritableLevelData	net.minecraft.world.level.storage.WritableLevelData
class_527	OptimizeWorldScreen	net.minecraft.client.gui.screens.worldselection.OptimizeWorldScreen
class_5270	Deserializers	net.minecraft.world.level.storage.loot.Deserializers
class_5272	ItemProperties	net.minecraft.client.renderer.item.ItemProperties
class_5273	VillagerFollowRangeFix	net.minecraft.util.datafix.fixes.VillagerFollowRangeFix
class_5274	GolemRandomStrollInVillageGoal	net.minecraft.world.entity.ai.goal.GolemRandomStrollInVillageGoal
class_5275	DismountHelper	net.minecraft.world.entity.vehicle.DismountHelper
class_5277	EntityShulkerRotationFix	net.minecraft.util.datafix.fixes.EntityShulkerRotationFix
class_5279	PickedUpItemTrigger	net.minecraft.advancements.critereon.PickedUpItemTrigger
class_528	WorldSelectionList	net.minecraft.client.gui.screens.worldselection.WorldSelectionList
class_5281	WorldGenLevel	net.minecraft.world.level.WorldGenLevel
class_5282	LootTableTrigger	net.minecraft.advancements.critereon.LootTableTrigger
class_5284	NoiseGeneratorSettings	net.minecraft.world.level.levelgen.NoiseGeneratorSettings
class_5285	WorldOptions	net.minecraft.world.level.levelgen.WorldOptions
class_5289	GameModeSwitcherScreen	net.minecraft.client.gui.screens.debug.GameModeSwitcherScreen
class_5293	PresetEditor	net.minecraft.client.gui.screens.worldselection.PresetEditor
class_5294	DimensionSpecialEffects	net.minecraft.client.renderer.DimensionSpecialEffects
class_5298	PackedBitStorage	net.minecraft.util.datafix.PackedBitStorage
class_5299	WorldGenSettingsFix	net.minecraft.util.datafix.fixes.WorldGenSettingsFix
class_530	PlayerMenuItem	net.minecraft.client.gui.spectator.PlayerMenuItem
class_5301	V2551	net.minecraft.util.datafix.schemas.V2551
class_5304	CustomSpawner	net.minecraft.world.level.CustomSpawner
class_5309	NoiseSettings	net.minecraft.world.level.levelgen.NoiseSettings
class_531	SpectatorMenu	net.minecraft.client.gui.spectator.SpectatorMenu
class_5315	LevelVersion	net.minecraft.world.level.storage.LevelVersion
class_5317	WorldPresets	net.minecraft.world.level.levelgen.presets.WorldPresets
class_5321	ResourceKey	net.minecraft.resources.ResourceKey
class_5322	PlayerRespawnLogic	net.minecraft.server.level.PlayerRespawnLogic
class_5325	GoToPotentialJobSite	net.minecraft.world.entity.ai.behavior.GoToPotentialJobSite
class_5326	PoiCompetitorScan	net.minecraft.world.entity.ai.behavior.PoiCompetitorScan
class_5327	YieldJobSite	net.minecraft.world.entity.ai.behavior.YieldJobSite
class_5328	ItemUtils	net.minecraft.world.item.ItemUtils
class_5329	BlockCollisions	net.minecraft.world.level.BlockCollisions
class_5330	GsonAdapterFactory	net.minecraft.world.level.storage.loot.GsonAdapterFactory
class_5335	Serializer	net.minecraft.world.level.storage.loot.Serializer
class_5336	SerializerType	net.minecraft.world.level.storage.loot.SerializerType
class_5338	LootPoolEntryType	net.minecraft.world.level.storage.loot.entries.LootPoolEntryType
class_5339	LootItemFunctionType	net.minecraft.world.level.storage.loot.functions.LootItemFunctionType
class_534	RootSpectatorMenuCategory	net.minecraft.client.gui.spectator.RootSpectatorMenuCategory
class_5341	LootItemCondition	net.minecraft.world.level.storage.loot.predicates.LootItemCondition
class_5342	LootItemConditionType	net.minecraft.world.level.storage.loot.predicates.LootItemConditionType
class_5346	DatapackLoadFailureScreen	net.minecraft.client.gui.screens.DatapackLoadFailureScreen
class_5348	FormattedText	net.minecraft.network.chat.FormattedText
class_5349	ServerFunctionLibrary	net.minecraft.server.ServerFunctionLibrary
class_535	SpectatorMenuCategory	net.minecraft.client.gui.spectator.SpectatorMenuCategory
class_5350	ReloadableServerResources	net.minecraft.server.ReloadableServerResources
class_5352	PackSource	net.minecraft.server.packs.repository.PackSource
class_5354	NeutralMob	net.minecraft.world.entity.NeutralMob
class_5355	BabyFollowAdult	net.minecraft.world.entity.ai.behavior.BabyFollowAdult
class_5356	AdultSensor	net.minecraft.world.entity.ai.sensing.AdultSensor
class_5359	DataPackConfig	net.minecraft.world.level.DataPackConfig
class_536	SpectatorMenuListener	net.minecraft.client.gui.spectator.SpectatorMenuListener
class_5361	EntityBasedExplosionDamageCalculator	net.minecraft.world.level.EntityBasedExplosionDamageCalculator
class_5362	ExplosionDamageCalculator	net.minecraft.world.level.ExplosionDamageCalculator
class_5363	LevelStem	net.minecraft.world.level.dimension.LevelStem
class_5365	GraphicsStatus	net.minecraft.client.GraphicsStatus
class_5369	PackSelectionModel	net.minecraft.client.gui.screens.packs.PackSelectionModel
class_537	SpectatorMenuItem	net.minecraft.client.gui.spectator.SpectatorMenuItem
class_5375	PackSelectionScreen	net.minecraft.client.gui.screens.packs.PackSelectionScreen
class_5379	DelegatingOps	net.minecraft.resources.DelegatingOps
class_538	TeleportToPlayerMenuCategory	net.minecraft.client.gui.spectator.categories.TeleportToPlayerMenuCategory
class_5381	RegistryFileCodec	net.minecraft.resources.RegistryFileCodec
class_539	SpectatorPage	net.minecraft.client.gui.spectator.categories.SpectatorPage
class_5396	MissingDimensionFix	net.minecraft.util.datafix.fixes.MissingDimensionFix
class_5398	ResetUniversalAngerTargetGoal	net.minecraft.world.entity.ai.goal.target.ResetUniversalAngerTargetGoal
class_5399	LavaSubmergedBlockProcessor	net.minecraft.world.level.levelgen.structure.templatesystem.LavaSubmergedBlockProcessor
class_540	TeleportToTeamMenuCategory	net.minecraft.client.gui.spectator.categories.TeleportToTeamMenuCategory
class_5404	OptionsRenameFieldFix	net.minecraft.util.datafix.fixes.OptionsRenameFieldFix
class_5405	PopupScreen	net.minecraft.client.gui.screens.PopupScreen
class_5407	GpuWarnlistManager	net.minecraft.client.renderer.GpuWarnlistManager
class_5409	PlayerInteractTrigger	net.minecraft.advancements.critereon.PlayerInteractTrigger
class_5411	RecipeBookSettings	net.minecraft.stats.RecipeBookSettings
class_5416	V2568	net.minecraft.util.datafix.schemas.V2568
class_5417	PiglinBruteSpecificSensor	net.minecraft.world.entity.ai.sensing.PiglinBruteSpecificSensor
class_5418	AbstractPiglin	net.minecraft.world.entity.monster.piglin.AbstractPiglin
class_5419	PiglinBrute	net.minecraft.world.entity.monster.piglin.PiglinBrute
class_542	GameConfig	net.minecraft.client.main.GameConfig
class_5420	PiglinBruteAi	net.minecraft.world.entity.monster.piglin.PiglinBruteAi
class_5421	RecipeBookType	net.minecraft.world.inventory.RecipeBookType
class_5423	CommonLevelAccessor	net.minecraft.world.level.CommonLevelAccessor
class_5424	LevelTimeAccess	net.minecraft.world.level.LevelTimeAccess
class_5425	ServerLevelAccessor	net.minecraft.world.level.ServerLevelAccessor
class_5427	ServerboundRecipeBookChangeSettingsPacket	net.minecraft.network.protocol.game.ServerboundRecipeBookChangeSettingsPacket
class_5429	RemoveGolemGossipFix	net.minecraft.util.datafix.fixes.RemoveGolemGossipFix
class_543	DisplayData	com.mojang.blaze3d.platform.DisplayData
class_5430	StopAdmiringIfTiredOfTryingToReachItem	net.minecraft.world.entity.monster.piglin.StopAdmiringIfTiredOfTryingToReachItem
class_5431	SupportType	net.minecraft.world.level.block.SupportType
class_5434	JigsawStructure	net.minecraft.world.level.levelgen.structure.structures.JigsawStructure
class_5437	ReplaceSphereConfiguration	net.minecraft.world.level.levelgen.feature.configurations.ReplaceSphereConfiguration
class_5444	PlacementContext	net.minecraft.world.level.levelgen.placement.PlacementContext
class_5450	InSquarePlacement	net.minecraft.world.level.levelgen.placement.InSquarePlacement
class_5452	CountOnEveryLayerPlacement	net.minecraft.world.level.levelgen.placement.CountOnEveryLayerPlacement
class_5454	PortalInfo	net.minecraft.world.level.portal.PortalInfo
class_5455	RegistryAccess	net.minecraft.core.RegistryAccess
class_5459	BlockUtil	net.minecraft.BlockUtil
class_5462	CharPredicate	net.minecraft.CharPredicate
class_5463	Carvers	net.minecraft.data.worldgen.Carvers
class_5468	Pools	net.minecraft.data.worldgen.Pools
class_5469	ProcessorLists	net.minecraft.data.worldgen.ProcessorLists
class_5470	Structures	net.minecraft.data.worldgen.Structures
class_5472	RateKickingConnection	net.minecraft.network.RateKickingConnection
class_5473	AngleArgument	net.minecraft.commands.arguments.AngleArgument
class_5475	RegistriesDatapackGenerator	net.minecraft.data.registries.RegistriesDatapackGenerator
class_5478	OverworldBiomes	net.minecraft.data.worldgen.biome.OverworldBiomes
class_548	ArmorStandArmorModel	net.minecraft.client.model.ArmorStandArmorModel
class_5481	FormattedCharSequence	net.minecraft.util.FormattedCharSequence
class_5483	MobSpawnSettings	net.minecraft.world.level.biome.MobSpawnSettings
class_5485	BiomeGenerationSettings	net.minecraft.world.level.biome.BiomeGenerationSettings
class_5489	MultiLineLabel	net.minecraft.client.gui.components.MultiLineLabel
class_549	HorseModel	net.minecraft.client.model.HorseModel
class_5491	FormattedBidiReorder	net.minecraft.client.resources.language.FormattedBidiReorder
class_5492	SubStringSource	net.minecraft.network.chat.SubStringSource
class_5493	GoalUtils	net.minecraft.world.entity.ai.util.GoalUtils
class_5497	StructureProcessorList	net.minecraft.world.level.levelgen.structure.templatesystem.StructureProcessorList
class_5498	CameraType	net.minecraft.client.CameraType
class_55	LootPool	net.minecraft.world.level.storage.loot.LootPool
class_5500	SimpleOptionsSubScreen	net.minecraft.client.gui.screens.SimpleOptionsSubScreen
class_5504	BiomeData	net.minecraft.data.worldgen.biome.BiomeData
class_551	ArmorStandModel	net.minecraft.client.model.ArmorStandModel
class_5513	TextFilter	net.minecraft.server.network.TextFilter
class_5514	TextFilterClient	net.minecraft.server.network.TextFilterClient
class_5519	PlayerEntry	net.minecraft.client.gui.screens.social.PlayerEntry
class_5520	PlayerSocialManager	net.minecraft.client.gui.screens.social.PlayerSocialManager
class_5521	SocialInteractionsPlayerList	net.minecraft.client.gui.screens.social.SocialInteractionsPlayerList
class_5522	SocialInteractionsScreen	net.minecraft.client.gui.screens.social.SocialInteractionsScreen
class_5525	CryptException	net.minecraft.util.CryptException
class_5527	BlockRenameFixWithJigsaw	net.minecraft.util.datafix.fixes.BlockRenameFixWithJigsaw
class_5528	CauldronRenameFix	net.minecraft.util.datafix.fixes.CauldronRenameFix
class_553	BatModel	net.minecraft.client.model.BatModel
class_5530	AirAndWaterRandomPos	net.minecraft.world.entity.ai.util.AirAndWaterRandomPos
class_5531	AirRandomPos	net.minecraft.world.entity.ai.util.AirRandomPos
class_5532	DefaultRandomPos	net.minecraft.world.entity.ai.util.DefaultRandomPos
class_5533	HoverRandomPos	net.minecraft.world.entity.ai.util.HoverRandomPos
class_5534	LandRandomPos	net.minecraft.world.entity.ai.util.LandRandomPos
class_5535	RandomPos	net.minecraft.world.entity.ai.util.RandomPos
class_5536	ClickAction	net.minecraft.world.inventory.ClickAction
class_5537	BundleItem	net.minecraft.world.item.BundleItem
class_5538	SpyglassItem	net.minecraft.world.item.SpyglassItem
class_5539	LevelHeightAccessor	net.minecraft.world.level.LevelHeightAccessor
class_554	BoatModel	net.minecraft.client.model.BoatModel
class_5540	AbstractCandleBlock	net.minecraft.world.level.block.AbstractCandleBlock
class_5541	AmethystBlock	net.minecraft.world.level.block.AmethystBlock
class_5542	AmethystClusterBlock	net.minecraft.world.level.block.AmethystClusterBlock
class_5543	BuddingAmethystBlock	net.minecraft.world.level.block.BuddingAmethystBlock
class_5544	CandleBlock	net.minecraft.world.level.block.CandleBlock
class_5545	CandleCakeBlock	net.minecraft.world.level.block.CandleCakeBlock
class_5546	CauldronBlock	net.minecraft.world.level.block.CauldronBlock
class_5547	ChangeOverTimeBlock	net.minecraft.world.level.block.ChangeOverTimeBlock
class_555	BlazeModel	net.minecraft.client.model.BlazeModel
class_5551	EndRodBlock	net.minecraft.world.level.block.EndRodBlock
class_5552	GameMasterBlock	net.minecraft.world.level.block.GameMasterBlock
class_5553	LavaCauldronBlock	net.minecraft.world.level.block.LavaCauldronBlock
class_5554	LightningRodBlock	net.minecraft.world.level.block.LightningRodBlock
class_5555	TintedGlassBlock	net.minecraft.world.level.block.TintedGlassBlock
class_5556	LayeredCauldronBlock	net.minecraft.world.level.block.LayeredCauldronBlock
class_5558	BlockEntityTicker	net.minecraft.world.level.block.entity.BlockEntityTicker
class_5560	ChestLidController	net.minecraft.world.level.block.entity.ChestLidController
class_5561	ContainerOpenersCounter	net.minecraft.world.level.block.entity.ContainerOpenersCounter
class_5562	TickingBlockEntity	net.minecraft.world.level.block.entity.TickingBlockEntity
class_5565	EntityStorage	net.minecraft.world.level.chunk.storage.EntityStorage
class_5566	ChunkEntities	net.minecraft.world.level.entity.ChunkEntities
class_5567	ChunkStatusUpdateListener	net.minecraft.world.level.entity.ChunkStatusUpdateListener
class_5568	EntityAccess	net.minecraft.world.level.entity.EntityAccess
class_5569	EntityInLevelCallback	net.minecraft.world.level.entity.EntityInLevelCallback
class_557	BookModel	net.minecraft.client.model.BookModel
class_5570	EntityLookup	net.minecraft.world.level.entity.EntityLookup
class_5571	EntityPersistentStorage	net.minecraft.world.level.entity.EntityPersistentStorage
class_5572	EntitySection	net.minecraft.world.level.entity.EntitySection
class_5573	EntitySectionStorage	net.minecraft.world.level.entity.EntitySectionStorage
class_5574	EntityTickList	net.minecraft.world.level.entity.EntityTickList
class_5575	EntityTypeTest	net.minecraft.world.level.entity.EntityTypeTest
class_5576	LevelCallback	net.minecraft.world.level.entity.LevelCallback
class_5577	LevelEntityGetter	net.minecraft.world.level.entity.LevelEntityGetter
class_5578	LevelEntityGetterAdapter	net.minecraft.world.level.entity.LevelEntityGetterAdapter
class_5579	PersistentEntitySectionManager	net.minecraft.world.level.entity.PersistentEntitySectionManager
class_558	ChickenModel	net.minecraft.client.model.ChickenModel
class_5582	TransientEntitySectionManager	net.minecraft.world.level.entity.TransientEntitySectionManager
class_5584	Visibility	net.minecraft.world.level.entity.Visibility
class_5585	GeodeBlockSettings	net.minecraft.world.level.levelgen.GeodeBlockSettings
class_5586	GeodeCrackSettings	net.minecraft.world.level.levelgen.GeodeCrackSettings
class_5587	GeodeLayerSettings	net.minecraft.world.level.levelgen.GeodeLayerSettings
class_5588	GeodeFeature	net.minecraft.world.level.levelgen.feature.GeodeFeature
class_5589	GeodeConfiguration	net.minecraft.world.level.levelgen.feature.configurations.GeodeConfiguration
class_559	ChestedHorseModel	net.minecraft.client.model.ChestedHorseModel
class_5592	SetBannerPatternFunction	net.minecraft.world.level.storage.loot.functions.SetBannerPatternFunction
class_5597	HierarchicalModel	net.minecraft.client.model.HierarchicalModel
class_5598	SkullModelBase	net.minecraft.client.model.SkullModelBase
class_5599	EntityModelSet	net.minecraft.client.model.geom.EntityModelSet
class_560	CowModel	net.minecraft.client.model.CowModel
class_5600	LayerDefinitions	net.minecraft.client.model.geom.LayerDefinitions
class_5601	ModelLayerLocation	net.minecraft.client.model.geom.ModelLayerLocation
class_5602	ModelLayers	net.minecraft.client.model.geom.ModelLayers
class_5603	PartPose	net.minecraft.client.model.geom.PartPose
class_5604	CubeDefinition	net.minecraft.client.model.geom.builders.CubeDefinition
class_5605	CubeDeformation	net.minecraft.client.model.geom.builders.CubeDeformation
class_5606	CubeListBuilder	net.minecraft.client.model.geom.builders.CubeListBuilder
class_5607	LayerDefinition	net.minecraft.client.model.geom.builders.LayerDefinition
class_5608	MaterialDefinition	net.minecraft.client.model.geom.builders.MaterialDefinition
class_5609	MeshDefinition	net.minecraft.client.model.geom.builders.MeshDefinition
class_561	CodModel	net.minecraft.client.model.CodModel
class_5610	PartDefinition	net.minecraft.client.model.geom.builders.PartDefinition
class_5611	UVPair	net.minecraft.client.model.geom.builders.UVPair
class_5614	BlockEntityRendererProvider	net.minecraft.client.renderer.blockentity.BlockEntityRendererProvider
class_5616	BlockEntityRenderers	net.minecraft.client.renderer.blockentity.BlockEntityRenderers
class_5617	EntityRendererProvider	net.minecraft.client.renderer.entity.EntityRendererProvider
class_5619	EntityRenderers	net.minecraft.client.renderer.entity.EntityRenderers
class_562	CreeperModel	net.minecraft.client.model.CreeperModel
class_5620	CauldronInteraction	net.minecraft.core.cauldron.CauldronInteraction
class_5622	ExhaustedAttemptsException	net.minecraft.gametest.framework.ExhaustedAttemptsException
class_5623	GlobalTestReporter	net.minecraft.gametest.framework.GlobalTestReporter
class_5624	ReportGameListener	net.minecraft.gametest.framework.ReportGameListener
class_5625	SnbtPrinterTagVisitor	net.minecraft.nbt.SnbtPrinterTagVisitor
class_5626	StringTagVisitor	net.minecraft.nbt.StringTagVisitor
class_5627	TagVisitor	net.minecraft.nbt.TagVisitor
class_5628	TextComponentTagVisitor	net.minecraft.nbt.TextComponentTagVisitor
class_5629	ServerPlayerConnection	net.minecraft.server.network.ServerPlayerConnection
class_563	ElytraModel	net.minecraft.client.model.ElytraModel
class_5630	SlotAccess	net.minecraft.world.entity.SlotAccess
class_5631	BundleTooltip	net.minecraft.world.inventory.tooltip.BundleTooltip
class_5632	TooltipComponent	net.minecraft.world.inventory.tooltip.TooltipComponent
class_5633	DispensibleContainerItem	net.minecraft.world.item.DispensibleContainerItem
class_5634	SolidBucketItem	net.minecraft.world.item.SolidBucketItem
class_5635	PowderSnowBlock	net.minecraft.world.level.block.PowderSnowBlock
class_5636	FogType	net.minecraft.world.level.material.FogType
class_564	DrownedModel	net.minecraft.client.model.DrownedModel
class_5642	SetEnchantmentsFunction	net.minecraft.world.level.storage.loot.functions.SetEnchantmentsFunction
class_5644	ValueCheckCondition	net.minecraft.world.level.storage.loot.predicates.ValueCheckCondition
class_5646	ContextNbtProvider	net.minecraft.world.level.storage.loot.providers.nbt.ContextNbtProvider
class_565	EndermiteModel	net.minecraft.client.model.EndermiteModel
class_5650	LootNbtProviderType	net.minecraft.world.level.storage.loot.providers.nbt.LootNbtProviderType
class_5651	NbtProvider	net.minecraft.world.level.storage.loot.providers.nbt.NbtProvider
class_5652	NbtProviders	net.minecraft.world.level.storage.loot.providers.nbt.NbtProviders
class_5653	StorageNbtProvider	net.minecraft.world.level.storage.loot.providers.nbt.StorageNbtProvider
class_5657	LootNumberProviderType	net.minecraft.world.level.storage.loot.providers.number.LootNumberProviderType
class_5658	NumberProvider	net.minecraft.world.level.storage.loot.providers.number.NumberProvider
class_5659	NumberProviders	net.minecraft.world.level.storage.loot.providers.number.NumberProviders
class_566	EndermanModel	net.minecraft.client.model.EndermanModel
class_5660	ScoreboardValue	net.minecraft.world.level.storage.loot.providers.number.ScoreboardValue
class_5662	UniformGenerator	net.minecraft.world.level.storage.loot.providers.number.UniformGenerator
class_5664	ContextScoreboardNameProvider	net.minecraft.world.level.storage.loot.providers.score.ContextScoreboardNameProvider
class_5667	FixedScoreboardNameProvider	net.minecraft.world.level.storage.loot.providers.score.FixedScoreboardNameProvider
class_5669	LootScoreProviderType	net.minecraft.world.level.storage.loot.providers.score.LootScoreProviderType
class_567	GhastModel	net.minecraft.client.model.GhastModel
class_5670	ScoreboardNameProvider	net.minecraft.world.level.storage.loot.providers.score.ScoreboardNameProvider
class_5671	ScoreboardNameProviders	net.minecraft.world.level.storage.loot.providers.score.ScoreboardNameProviders
class_5672	LevelType	com.mojang.realmsclient.util.LevelType
class_5673	ResettingGeneratedWorldTask	com.mojang.realmsclient.util.task.ResettingGeneratedWorldTask
class_5674	ResettingTemplateWorldTask	com.mojang.realmsclient.util.task.ResettingTemplateWorldTask
class_5676	CycleButton	net.minecraft.client.gui.components.CycleButton
class_568	EvokerFangsModel	net.minecraft.client.model.EvokerFangsModel
class_5682	ClientBundleTooltip	net.minecraft.client.gui.screens.inventory.tooltip.ClientBundleTooltip
class_5683	ClientTextTooltip	net.minecraft.client.gui.screens.inventory.tooltip.ClientTextTooltip
class_5684	ClientTooltipComponent	net.minecraft.client.gui.screens.inventory.tooltip.ClientTooltipComponent
class_5685	SnowflakeParticle	net.minecraft.client.particle.SnowflakeParticle
class_5687	ItemCommands	net.minecraft.server.commands.ItemCommands
class_5688	Fallable	net.minecraft.world.level.block.Fallable
class_5689	PointedDripstoneBlock	net.minecraft.world.level.block.PointedDripstoneBlock
class_5691	DripstoneThickness	net.minecraft.world.level.block.state.properties.DripstoneThickness
class_5697	PlayerItemInHandLayer	net.minecraft.client.renderer.entity.layers.PlayerItemInHandLayer
class_5698	GameEventTags	net.minecraft.tags.GameEventTags
class_5699	ExtraCodecs	net.minecraft.util.ExtraCodecs
class_570	GuardianModel	net.minecraft.client.model.GuardianModel
class_5701	V2684	net.minecraft.util.datafix.schemas.V2684
class_5702	ClipBlockStateContext	net.minecraft.world.level.ClipBlockStateContext
class_5703	SculkSensorBlock	net.minecraft.world.level.block.SculkSensorBlock
class_5704	SculkSensorBlockEntity	net.minecraft.world.level.block.entity.SculkSensorBlockEntity
class_5705	SculkSensorPhase	net.minecraft.world.level.block.state.properties.SculkSensorPhase
class_5707	BlockPositionSource	net.minecraft.world.level.gameevent.BlockPositionSource
class_5709	EntityPositionSource	net.minecraft.world.level.gameevent.EntityPositionSource
class_571	RavagerModel	net.minecraft.client.model.RavagerModel
class_5711	EuclideanGameEventListenerRegistry	net.minecraft.world.level.gameevent.EuclideanGameEventListenerRegistry
class_5712	GameEvent	net.minecraft.world.level.gameevent.GameEvent
class_5713	GameEventListenerRegistry	net.minecraft.world.level.gameevent.GameEventListenerRegistry
class_5714	GameEventListener	net.minecraft.world.level.gameevent.GameEventListener
class_5715	DynamicGameEventListener	net.minecraft.world.level.gameevent.DynamicGameEventListener
class_5716	PositionSource	net.minecraft.world.level.gameevent.PositionSource
class_5717	PositionSourceType	net.minecraft.world.level.gameevent.PositionSourceType
class_572	HumanoidModel	net.minecraft.client.model.HumanoidModel
class_5721	Column	net.minecraft.world.level.levelgen.Column
class_5725	DripstoneClusterFeature	net.minecraft.world.level.levelgen.feature.DripstoneClusterFeature
class_5726	DripstoneUtils	net.minecraft.world.level.levelgen.feature.DripstoneUtils
class_5727	LargeDripstoneFeature	net.minecraft.world.level.levelgen.feature.LargeDripstoneFeature
class_5730	PointedDripstoneFeature	net.minecraft.world.level.levelgen.feature.PointedDripstoneFeature
class_5731	DripstoneClusterConfiguration	net.minecraft.world.level.levelgen.feature.configurations.DripstoneClusterConfiguration
class_5732	LargeDripstoneConfiguration	net.minecraft.world.level.levelgen.feature.configurations.LargeDripstoneConfiguration
class_5733	PointedDripstoneConfiguration	net.minecraft.world.level.levelgen.feature.configurations.PointedDripstoneConfiguration
class_5734	DustColorTransitionParticle	net.minecraft.client.particle.DustColorTransitionParticle
class_5736	DustParticleBase	net.minecraft.client.particle.DustParticleBase
class_5737	VibrationSignalParticle	net.minecraft.client.particle.VibrationSignalParticle
class_5739	GameEventListenerRenderer	net.minecraft.client.renderer.debug.GameEventListenerRenderer
class_574	IronGolemModel	net.minecraft.client.model.IronGolemModel
class_5742	QuartPos	net.minecraft.core.QuartPos
class_5743	DustColorTransitionOptions	net.minecraft.core.particles.DustColorTransitionOptions
class_5744	DustParticleOptionsBase	net.minecraft.core.particles.DustParticleOptionsBase
class_5745	VibrationParticleOption	net.minecraft.core.particles.VibrationParticleOption
class_5746	GameEventTagsProvider	net.minecraft.data.tags.GameEventTagsProvider
class_575	IllagerModel	net.minecraft.client.model.IllagerModel
class_5752	V2686	net.minecraft.util.datafix.schemas.V2686
class_5753	CountDownCooldownTicks	net.minecraft.world.entity.ai.behavior.CountDownCooldownTicks
class_5754	FollowTemptation	net.minecraft.world.entity.ai.behavior.FollowTemptation
class_5756	TryFindWater	net.minecraft.world.entity.ai.behavior.TryFindWater
class_5757	SmoothSwimmingMoveControl	net.minecraft.world.entity.ai.control.SmoothSwimmingMoveControl
class_576	LavaSlimeModel	net.minecraft.client.model.LavaSlimeModel
class_5760	TemptingSensor	net.minecraft.world.entity.ai.sensing.TemptingSensor
class_5761	Bucketable	net.minecraft.world.entity.animal.Bucketable
class_5762	Axolotl	net.minecraft.world.entity.animal.axolotl.Axolotl
class_5766	AmphibiousPathNavigation	net.minecraft.world.entity.ai.navigation.AmphibiousPathNavigation
class_5768	AxolotlAi	net.minecraft.world.entity.animal.axolotl.AxolotlAi
class_5769	PlayDead	net.minecraft.world.entity.animal.axolotl.PlayDead
class_5770	ValidatePlayDead	net.minecraft.world.entity.animal.axolotl.ValidatePlayDead
class_5772	AxolotlModel	net.minecraft.client.model.AxolotlModel
class_5774	AxolotlRenderer	net.minecraft.client.renderer.entity.AxolotlRenderer
class_5775	V2688	net.minecraft.util.datafix.schemas.V2688
class_5776	GlowSquid	net.minecraft.world.entity.GlowSquid
class_5777	GlowLichenBlock	net.minecraft.world.level.block.GlowLichenBlock
class_5778	MultifaceBlock	net.minecraft.world.level.block.MultifaceBlock
class_5779	MultifaceGrowthFeature	net.minecraft.world.level.levelgen.feature.MultifaceGrowthFeature
class_578	LlamaModel	net.minecraft.client.model.LlamaModel
class_5780	MultifaceGrowthConfiguration	net.minecraft.world.level.levelgen.feature.configurations.MultifaceGrowthConfiguration
class_5786	GlowParticle	net.minecraft.client.particle.GlowParticle
class_5789	GlowSquidRenderer	net.minecraft.client.renderer.entity.GlowSquidRenderer
class_579	LeashKnotModel	net.minecraft.client.model.LeashKnotModel
class_5793	BlockFamilies	net.minecraft.data.BlockFamilies
class_5794	BlockFamily	net.minecraft.data.BlockFamily
class_5797	RecipeBuilder	net.minecraft.data.recipes.RecipeBuilder
class_5798	ThreadingDetector	net.minecraft.util.ThreadingDetector
class_58	ValidationContext	net.minecraft.world.level.storage.loot.ValidationContext
class_580	MinecartModel	net.minecraft.client.model.MinecartModel
class_5800	AzaleaBlock	net.minecraft.world.level.block.AzaleaBlock
class_5801	BigDripleafBlock	net.minecraft.world.level.block.BigDripleafBlock
class_5802	BigDripleafStemBlock	net.minecraft.world.level.block.BigDripleafStemBlock
class_5803	CaveVines	net.minecraft.world.level.block.CaveVines
class_5804	CaveVinesPlantBlock	net.minecraft.world.level.block.CaveVinesPlantBlock
class_5805	CaveVinesBlock	net.minecraft.world.level.block.CaveVinesBlock
class_5806	HangingRootsBlock	net.minecraft.world.level.block.HangingRootsBlock
class_5807	MossBlock	net.minecraft.world.level.block.MossBlock
class_5808	SmallDripleafBlock	net.minecraft.world.level.block.SmallDripleafBlock
class_5809	SporeBlossomBlock	net.minecraft.world.level.block.SporeBlossomBlock
class_581	LlamaSpitModel	net.minecraft.client.model.LlamaSpitModel
class_5812	WeatheringCopperFullBlock	net.minecraft.world.level.block.WeatheringCopperFullBlock
class_5813	WeatheringCopperSlabBlock	net.minecraft.world.level.block.WeatheringCopperSlabBlock
class_5814	WeatheringCopperStairBlock	net.minecraft.world.level.block.WeatheringCopperStairBlock
class_5815	WoolCarpetBlock	net.minecraft.world.level.block.WoolCarpetBlock
class_5816	Tilt	net.minecraft.world.level.block.state.properties.Tilt
class_5817	Beardifier	net.minecraft.world.level.levelgen.Beardifier
class_5819	RandomSource	net.minecraft.util.RandomSource
class_582	OcelotModel	net.minecraft.client.model.OcelotModel
class_5820	LegacyRandomSource	net.minecraft.world.level.levelgen.LegacyRandomSource
class_5821	FeaturePlaceContext	net.minecraft.world.level.levelgen.feature.FeaturePlaceContext
class_5822	BlendedNoise	net.minecraft.world.level.levelgen.synth.BlendedNoise
class_5829	BundleTutorial	net.minecraft.client.tutorial.BundleTutorial
class_583	EntityModel	net.minecraft.client.model.EntityModel
class_5831	DebugBuffer	net.minecraft.util.DebugBuffer
class_5834	UnderwaterMagmaFeature	net.minecraft.world.level.levelgen.feature.UnderwaterMagmaFeature
class_5835	UnderwaterMagmaConfiguration	net.minecraft.world.level.levelgen.feature.configurations.UnderwaterMagmaConfiguration
class_5836	NoiseUtils	net.minecraft.world.level.levelgen.synth.NoiseUtils
class_5837	FilteredText	net.minecraft.server.network.FilteredText
class_5838	SleepStatus	net.minecraft.server.players.SleepStatus
class_584	ParrotModel	net.minecraft.client.model.ParrotModel
class_5843	VerticalAnchor	net.minecraft.world.level.levelgen.VerticalAnchor
class_5847	TerrainAdjustment	net.minecraft.world.level.levelgen.structure.TerrainAdjustment
class_5851	CarvingMaskPlacement	net.minecraft.world.level.levelgen.placement.CarvingMaskPlacement
class_5857	RepeatingPlacement	net.minecraft.world.level.levelgen.placement.RepeatingPlacement
class_586	PandaModel	net.minecraft.client.model.PandaModel
class_5861	ClampedNormalFloat	net.minecraft.util.valueproviders.ClampedNormalFloat
class_5862	ConstantFloat	net.minecraft.util.valueproviders.ConstantFloat
class_5863	FloatProvider	net.minecraft.util.valueproviders.FloatProvider
class_5864	FloatProviderType	net.minecraft.util.valueproviders.FloatProviderType
class_5865	TrapezoidFloat	net.minecraft.util.valueproviders.TrapezoidFloat
class_5866	UniformFloat	net.minecraft.util.valueproviders.UniformFloat
class_5867	BulkSectionAccess	net.minecraft.world.level.chunk.BulkSectionAccess
class_5868	WorldGenerationContext	net.minecraft.world.level.levelgen.WorldGenerationContext
class_5869	CanyonCarverConfiguration	net.minecraft.world.level.levelgen.carver.CanyonCarverConfiguration
class_587	PigModel	net.minecraft.client.model.PigModel
class_5870	CanyonWorldCarver	net.minecraft.world.level.levelgen.carver.CanyonWorldCarver
class_5871	CarverConfiguration	net.minecraft.world.level.levelgen.carver.CarverConfiguration
class_5872	CarverDebugSettings	net.minecraft.world.level.levelgen.carver.CarverDebugSettings
class_5873	CarvingContext	net.minecraft.world.level.levelgen.carver.CarvingContext
class_5875	ScatteredOreFeature	net.minecraft.world.level.levelgen.feature.ScatteredOreFeature
class_5878	ParticleGroup	net.minecraft.core.particles.ParticleGroup
class_588	PhantomModel	net.minecraft.client.model.PhantomModel
class_5888	ClientboundClearTitlesPacket	net.minecraft.network.protocol.game.ClientboundClearTitlesPacket
class_5889	ClientboundInitializeBorderPacket	net.minecraft.network.protocol.game.ClientboundInitializeBorderPacket
class_5890	ClientboundPlayerCombatEndPacket	net.minecraft.network.protocol.game.ClientboundPlayerCombatEndPacket
class_5891	ClientboundPlayerCombatEnterPacket	net.minecraft.network.protocol.game.ClientboundPlayerCombatEnterPacket
class_5892	ClientboundPlayerCombatKillPacket	net.minecraft.network.protocol.game.ClientboundPlayerCombatKillPacket
class_5894	ClientboundSetActionBarTextPacket	net.minecraft.network.protocol.game.ClientboundSetActionBarTextPacket
class_5895	ClientboundSetBorderCenterPacket	net.minecraft.network.protocol.game.ClientboundSetBorderCenterPacket
class_5896	ClientboundSetBorderLerpSizePacket	net.minecraft.network.protocol.game.ClientboundSetBorderLerpSizePacket
class_5897	ClientboundSetBorderSizePacket	net.minecraft.network.protocol.game.ClientboundSetBorderSizePacket
class_5898	ClientboundSetBorderWarningDelayPacket	net.minecraft.network.protocol.game.ClientboundSetBorderWarningDelayPacket
class_5899	ClientboundSetBorderWarningDistancePacket	net.minecraft.network.protocol.game.ClientboundSetBorderWarningDistancePacket
class_590	PolarBearModel	net.minecraft.client.model.PolarBearModel
class_5900	ClientboundSetPlayerTeamPacket	net.minecraft.network.protocol.game.ClientboundSetPlayerTeamPacket
class_5903	ClientboundSetSubtitleTextPacket	net.minecraft.network.protocol.game.ClientboundSetSubtitleTextPacket
class_5904	ClientboundSetTitleTextPacket	net.minecraft.network.protocol.game.ClientboundSetTitleTextPacket
class_5905	ClientboundSetTitlesAnimationPacket	net.minecraft.network.protocol.game.ClientboundSetTitlesAnimationPacket
class_591	PlayerModel	net.minecraft.client.model.PlayerModel
class_5912	ResourceProvider	net.minecraft.server.packs.resources.ResourceProvider
class_5913	GlslPreprocessor	com.mojang.blaze3d.preprocessor.GlslPreprocessor
class_5915	GlowItemFrame	net.minecraft.world.entity.decoration.GlowItemFrame
class_5916	ContainerSynchronizer	net.minecraft.world.inventory.ContainerSynchronizer
class_5919	FossilFeatureConfiguration	net.minecraft.world.level.levelgen.feature.FossilFeatureConfiguration
class_592	PufferfishBigModel	net.minecraft.client.model.PufferfishBigModel
class_5921	RootSystemFeature	net.minecraft.world.level.levelgen.feature.RootSystemFeature
class_5922	VegetationPatchFeature	net.minecraft.world.level.levelgen.feature.VegetationPatchFeature
class_5923	WaterloggedVegetationPatchFeature	net.minecraft.world.level.levelgen.feature.WaterloggedVegetationPatchFeature
class_5925	HeightmapPlacement	net.minecraft.world.level.levelgen.placement.HeightmapPlacement
class_5926	RootSystemConfiguration	net.minecraft.world.level.levelgen.feature.configurations.RootSystemConfiguration
class_5927	VegetationPatchConfiguration	net.minecraft.world.level.levelgen.feature.configurations.VegetationPatchConfiguration
class_5928	RandomSpreadFoliagePlacer	net.minecraft.world.level.levelgen.feature.foliageplacers.RandomSpreadFoliagePlacer
class_5929	RandomizedIntStateProvider	net.minecraft.world.level.levelgen.feature.stateproviders.RandomizedIntStateProvider
class_5930	BendingTrunkPlacer	net.minecraft.world.level.levelgen.feature.trunkplacers.BendingTrunkPlacer
class_5932	CaveSurface	net.minecraft.world.level.levelgen.placement.CaveSurface
class_5934	SurfaceWaterDepthFilter	net.minecraft.world.level.levelgen.placement.SurfaceWaterDepthFilter
class_5936	Effect	com.mojang.blaze3d.shaders.Effect
class_5937	EffectProgram	com.mojang.blaze3d.shaders.EffectProgram
class_594	PufferfishSmallModel	net.minecraft.client.model.PufferfishSmallModel
class_5944	ShaderInstance	net.minecraft.client.renderer.ShaderInstance
class_5945	ParticleUtils	net.minecraft.util.ParticleUtils
class_5946	AbstractArrowPickupFix	net.minecraft.util.datafix.fixes.AbstractArrowPickupFix
class_5947	SavedDataFeaturePoolElementFix	net.minecraft.util.datafix.fixes.SavedDataFeaturePoolElementFix
class_5949	MetricCategory	net.minecraft.util.profiling.metrics.MetricCategory
class_595	PufferfishMidModel	net.minecraft.client.model.PufferfishMidModel
class_5950	MetricsRegistry	net.minecraft.util.profiling.metrics.MetricsRegistry
class_5952	ProfilerMeasured	net.minecraft.util.profiling.metrics.ProfilerMeasured
class_5953	HoneycombItem	net.minecraft.world.item.HoneycombItem
class_5954	RootedDirtBlock	net.minecraft.world.level.block.RootedDirtBlock
class_5955	WeatheringCopper	net.minecraft.world.level.block.WeatheringCopper
class_596	RabbitModel	net.minecraft.client.model.RabbitModel
class_5961	ActiveMetricsRecorder	net.minecraft.util.profiling.metrics.profiling.ActiveMetricsRecorder
class_5962	MetricsRecorder	net.minecraft.util.profiling.metrics.profiling.MetricsRecorder
class_5963	InactiveMetricsRecorder	net.minecraft.util.profiling.metrics.profiling.InactiveMetricsRecorder
class_5964	RecordedDeviation	net.minecraft.util.profiling.metrics.storage.RecordedDeviation
class_5965	MetricSampler	net.minecraft.util.profiling.metrics.MetricSampler
class_597	QuadrupedModel	net.minecraft.client.model.QuadrupedModel
class_5971	MetricsPersister	net.minecraft.util.profiling.metrics.storage.MetricsPersister
class_5973	Constants	com.mojang.math.Constants
class_5974	package-info	net.minecraft.server.commands.data.package-info
class_5975	package-info	net.minecraft.server.commands.package-info
class_5976	package-info	net.minecraft.server.dedicated.package-info
class_5977	package-info	net.minecraft.server.gui.package-info
class_5978	package-info	net.minecraft.server.level.package-info
class_5979	package-info	net.minecraft.server.level.progress.package-info
class_598	SheepFurModel	net.minecraft.client.model.SheepFurModel
class_5982	package-info	net.minecraft.server.network.package-info
class_5983	package-info	net.minecraft.server.package-info
class_5984	package-info	net.minecraft.server.packs.metadata.pack.package-info
class_5985	package-info	net.minecraft.server.packs.metadata.package-info
class_5986	package-info	net.minecraft.server.packs.package-info
class_5987	package-info	net.minecraft.server.packs.repository.package-info
class_5988	package-info	net.minecraft.server.packs.resources.package-info
class_5989	package-info	net.minecraft.server.players.package-info
class_599	SalmonModel	net.minecraft.client.model.SalmonModel
class_5990	package-info	net.minecraft.server.rcon.package-info
class_5991	package-info	net.minecraft.server.rcon.thread.package-info
class_5992	package-info	net.minecraft.sounds.package-info
class_5993	package-info	net.minecraft.stats.package-info
class_5994	package-info	net.minecraft.tags.package-info
class_5996	VisibleForDebug	net.minecraft.util.VisibleForDebug
class_5997	package-info	net.minecraft.util.datafix.fixes.package-info
class_5998	package-info	net.minecraft.util.datafix.package-info
class_5999	V2571	net.minecraft.util.datafix.schemas.V2571
class_6	FlyNodeEvaluator	net.minecraft.world.level.pathfinder.FlyNodeEvaluator
class_60	LootDataManager	net.minecraft.world.level.storage.loot.LootDataManager
class_600	ShieldModel	net.minecraft.client.model.ShieldModel
class_6000	V2704	net.minecraft.util.datafix.schemas.V2704
class_6001	package-info	net.minecraft.util.datafix.schemas.package-info
class_6002	package-info	net.minecraft.util.package-info
class_6003	package-info	net.minecraft.util.profiling.package-info
class_6004	package-info	net.minecraft.util.profiling.metrics.profiling.package-info
class_6005	SimpleWeightedRandomList	net.minecraft.util.random.SimpleWeightedRandomList
class_6007	Weight	net.minecraft.util.random.Weight
class_6008	WeightedEntry	net.minecraft.util.random.WeightedEntry
class_601	SheepModel	net.minecraft.client.model.SheepModel
class_6011	WeightedRandom	net.minecraft.util.random.WeightedRandom
class_6012	WeightedRandomList	net.minecraft.util.random.WeightedRandomList
class_6013	package-info	net.minecraft.util.random.package-info
class_6014	NamedThreadFactory	net.minecraft.util.thread.NamedThreadFactory
class_6015	package-info	net.minecraft.util.thread.package-info
class_6016	ConstantInt	net.minecraft.util.valueproviders.ConstantInt
class_6017	IntProvider	net.minecraft.util.valueproviders.IntProvider
class_6018	IntProviderType	net.minecraft.util.valueproviders.IntProviderType
class_6019	UniformInt	net.minecraft.util.valueproviders.UniformInt
class_602	ShulkerModel	net.minecraft.client.model.ShulkerModel
class_6020	package-info	net.minecraft.util.valueproviders.package-info
class_6021	package-info	net.minecraft.util.worldupdate.package-info
class_6022	package-info	net.minecraft.world.damagesource.package-info
class_6023	package-info	net.minecraft.world.effect.package-info
class_6024	EntityEvent	net.minecraft.world.entity.EntityEvent
class_6025	OwnableEntity	net.minecraft.world.entity.OwnableEntity
class_6026	PlayerRideable	net.minecraft.world.entity.PlayerRideable
class_6027	package-info	net.minecraft.world.entity.ai.attributes.package-info
class_6028	AnimalPanic	net.minecraft.world.entity.ai.behavior.AnimalPanic
class_6029	LongJumpMidJump	net.minecraft.world.entity.ai.behavior.LongJumpMidJump
class_603	ShulkerBulletModel	net.minecraft.client.model.ShulkerBulletModel
class_6030	LongJumpToRandomPos	net.minecraft.world.entity.ai.behavior.LongJumpToRandomPos
class_6032	ShufflingList	net.minecraft.world.entity.ai.behavior.ShufflingList
class_6034	package-info	net.minecraft.world.entity.ai.behavior.package-info
class_6035	Control	net.minecraft.world.entity.ai.control.Control
class_6036	package-info	net.minecraft.world.entity.ai.control.package-info
class_6037	FieldsAreNonnullByDefault	com.mojang.math.FieldsAreNonnullByDefault
class_6038	package-info	net.minecraft.world.entity.ai.goal.package-info
class_6039	package-info	net.minecraft.world.entity.ai.goal.target.package-info
class_604	SilverfishModel	net.minecraft.client.model.SilverfishModel
class_6040	package-info	net.minecraft.world.entity.ai.gossip.package-info
class_6041	package-info	net.minecraft.world.entity.ai.memory.package-info
class_6042	package-info	net.minecraft.world.entity.ai.navigation.package-info
class_6043	package-info	net.minecraft.world.entity.ai.package-info
class_6044	AxolotlAttackablesSensor	net.minecraft.world.entity.ai.sensing.AxolotlAttackablesSensor
class_6045	NearestVisibleLivingEntitySensor	net.minecraft.world.entity.ai.sensing.NearestVisibleLivingEntitySensor
class_6046	package-info	net.minecraft.world.entity.ai.sensing.package-info
class_6047	package-info	net.minecraft.world.entity.ai.targeting.package-info
class_6048	package-info	net.minecraft.world.entity.ai.util.package-info
class_6049	package-info	net.minecraft.world.entity.ai.village.package-info
class_6050	package-info	net.minecraft.world.entity.ai.village.poi.package-info
class_6051	package-info	net.minecraft.world.entity.ambient.package-info
class_6052	package-info	net.minecraft.world.entity.animal.axolotl.package-info
class_6053	Goat	net.minecraft.world.entity.animal.goat.Goat
class_6054	GoatAi	net.minecraft.world.entity.animal.goat.GoatAi
class_6055	package-info	net.minecraft.world.entity.animal.goat.package-info
class_6056	package-info	net.minecraft.world.entity.animal.horse.package-info
class_6057	package-info	net.minecraft.world.entity.animal.package-info
class_6058	package-info	net.minecraft.world.entity.boss.enderdragon.package-info
class_6059	package-info	net.minecraft.world.entity.boss.enderdragon.phases.package-info
class_606	SkeletonModel	net.minecraft.client.model.SkeletonModel
class_6060	package-info	net.minecraft.world.entity.boss.package-info
class_6061	package-info	net.minecraft.world.entity.boss.wither.package-info
class_6062	package-info	net.minecraft.world.entity.decoration.package-info
class_6063	package-info	net.minecraft.world.entity.item.package-info
class_6064	package-info	net.minecraft.world.entity.monster.hoglin.package-info
class_6065	package-info	net.minecraft.world.entity.monster.package-info
class_6066	package-info	net.minecraft.world.entity.monster.piglin.package-info
class_6067	InventoryCarrier	net.minecraft.world.entity.npc.InventoryCarrier
class_6068	package-info	net.minecraft.world.entity.npc.package-info
class_6069	package-info	net.minecraft.world.entity.package-info
class_607	SkullModel	net.minecraft.client.model.SkullModel
class_6070	package-info	net.minecraft.world.entity.player.package-info
class_6071	package-info	net.minecraft.world.entity.projectile.package-info
class_6072	package-info	net.minecraft.world.entity.raid.package-info
class_6073	package-info	net.minecraft.world.entity.schedule.package-info
class_6074	package-info	net.minecraft.world.entity.vehicle.package-info
class_6075	FoodConstants	net.minecraft.world.food.FoodConstants
class_6076	package-info	net.minecraft.world.food.package-info
class_6077	package-info	net.minecraft.world.inventory.package-info
class_6078	package-info	net.minecraft.world.inventory.tooltip.package-info
class_608	SnowGolemModel	net.minecraft.client.model.SnowGolemModel
class_6080	package-info	net.minecraft.world.item.alchemy.package-info
class_6081	package-info	net.minecraft.world.item.context.package-info
class_6082	package-info	net.minecraft.world.item.crafting.package-info
class_6083	package-info	net.minecraft.world.item.enchantment.package-info
class_6084	package-info	net.minecraft.world.item.package-info
class_6085	package-info	net.minecraft.world.item.trading.package-info
class_6086	package-info	net.minecraft.world.level.biome.package-info
class_6088	LevelEvent	net.minecraft.world.level.block.LevelEvent
class_6089	LightBlock	net.minecraft.world.level.block.LightBlock
class_609	SlimeModel	net.minecraft.client.model.SlimeModel
class_6090	package-info	net.minecraft.world.level.block.entity.package-info
class_6091	package-info	net.minecraft.world.level.block.grower.package-info
class_6092	package-info	net.minecraft.world.level.block.package-info
class_6093	package-info	net.minecraft.world.level.block.piston.package-info
class_6094	package-info	net.minecraft.world.level.block.state.package-info
class_6095	package-info	net.minecraft.world.level.block.state.pattern.package-info
class_6096	package-info	net.minecraft.world.level.block.state.predicate.package-info
class_6097	package-info	net.minecraft.world.level.block.state.properties.package-info
class_6098	package-info	net.minecraft.world.level.border.package-info
class_6099	package-info	net.minecraft.world.level.chunk.package-info
class_610	SquidModel	net.minecraft.client.model.SquidModel
class_6100	package-info	net.minecraft.world.level.chunk.storage.package-info
class_6101	DimensionDefaults	net.minecraft.world.level.dimension.DimensionDefaults
class_6102	package-info	net.minecraft.world.level.dimension.end.package-info
class_6103	package-info	net.minecraft.world.level.dimension.package-info
class_6104	package-info	net.minecraft.world.level.entity.package-info
class_6105	package-info	net.minecraft.world.level.gameevent.package-info
class_6106	package-info	net.minecraft.world.level.gameevent.vibrations.package-info
class_6108	CaveCarverConfiguration	net.minecraft.world.level.levelgen.carver.CaveCarverConfiguration
class_6109	package-info	net.minecraft.world.level.levelgen.carver.package-info
class_611	SpiderModel	net.minecraft.client.model.SpiderModel
class_6111	package-info	net.minecraft.world.level.levelgen.feature.configurations.package-info
class_6112	package-info	net.minecraft.world.level.levelgen.feature.featuresize.package-info
class_6113	package-info	net.minecraft.world.level.levelgen.feature.foliageplacers.package-info
class_6114	package-info	net.minecraft.world.level.levelgen.feature.package-info
class_6115	package-info	net.minecraft.world.level.levelgen.feature.stateproviders.package-info
class_6116	package-info	net.minecraft.world.level.levelgen.structure.pools.package-info
class_6117	package-info	net.minecraft.world.level.levelgen.feature.treedecorators.package-info
class_6118	package-info	net.minecraft.world.level.levelgen.feature.trunkplacers.package-info
class_6119	package-info	net.minecraft.world.level.levelgen.flat.package-info
class_612	TropicalFishModelA	net.minecraft.client.model.TropicalFishModelA
class_6120	BiasedToBottomHeight	net.minecraft.world.level.levelgen.heightproviders.BiasedToBottomHeight
class_6121	ConstantHeight	net.minecraft.world.level.levelgen.heightproviders.ConstantHeight
class_6122	HeightProvider	net.minecraft.world.level.levelgen.heightproviders.HeightProvider
class_6123	HeightProviderType	net.minecraft.world.level.levelgen.heightproviders.HeightProviderType
class_6124	UniformHeight	net.minecraft.world.level.levelgen.heightproviders.UniformHeight
class_6125	package-info	net.minecraft.world.level.levelgen.heightproviders.package-info
class_6126	package-info	net.minecraft.world.level.levelgen.package-info
class_6128	package-info	net.minecraft.world.level.levelgen.placement.package-info
class_6129	package-info	net.minecraft.advancements.critereon.package-info
class_613	TridentModel	net.minecraft.client.model.TridentModel
class_6130	StructurePieceAccessor	net.minecraft.world.level.levelgen.structure.StructurePieceAccessor
class_6131	package-info	net.minecraft.world.level.levelgen.structure.package-info
class_6132	package-info	net.minecraft.advancements.package-info
class_6133	package-info	net.minecraft.world.level.levelgen.structure.templatesystem.package-info
class_6135	package-info	net.minecraft.world.level.levelgen.synth.package-info
class_6136	SpatialLongSet	net.minecraft.world.level.lighting.SpatialLongSet
class_6138	package-info	net.minecraft.world.level.lighting.package-info
class_6139	package-info	net.minecraft.world.level.material.package-info
class_614	TurtleModel	net.minecraft.client.model.TurtleModel
class_6145	package-info	net.minecraft.world.level.package-info
class_6146	package-info	net.minecraft.world.level.pathfinder.package-info
class_6147	package-info	net.minecraft.world.level.portal.package-info
class_6148	Redstone	net.minecraft.world.level.redstone.Redstone
class_6149	package-info	net.minecraft.world.level.redstone.package-info
class_615	TropicalFishModelB	net.minecraft.client.model.TropicalFishModelB
class_6150	package-info	net.minecraft.world.level.saveddata.maps.package-info
class_6151	package-info	net.minecraft.world.level.saveddata.package-info
class_6154	package-info	net.minecraft.world.level.storage.loot.entries.package-info
class_6160	package-info	net.minecraft.world.level.storage.loot.functions.package-info
class_6161	package-info	net.minecraft.world.level.storage.loot.package-info
class_6162	package-info	net.minecraft.world.level.storage.loot.parameters.package-info
class_6166	package-info	net.minecraft.world.level.storage.loot.predicates.package-info
class_6167	package-info	net.minecraft.world.level.storage.loot.providers.nbt.package-info
class_6168	package-info	net.minecraft.world.level.storage.loot.providers.number.package-info
class_6169	package-info	net.minecraft.world.level.storage.loot.providers.score.package-info
class_617	VexModel	net.minecraft.client.model.VexModel
class_6170	package-info	net.minecraft.world.level.storage.package-info
class_6171	package-info	net.minecraft.world.level.timers.package-info
class_6172	package-info	net.minecraft.world.package-info
class_6173	package-info	net.minecraft.world.phys.package-info
class_6174	package-info	net.minecraft.world.phys.shapes.package-info
class_6175	package-info	net.minecraft.world.scores.criteria.package-info
class_6176	package-info	net.minecraft.world.scores.package-info
class_6177	DontObfuscate	com.mojang.blaze3d.DontObfuscate
class_6178	FieldsAreNonnullByDefault	com.mojang.blaze3d.FieldsAreNonnullByDefault
class_6179	MethodsReturnNonnullByDefault	com.mojang.blaze3d.MethodsReturnNonnullByDefault
class_6180	package-info	com.mojang.blaze3d.audio.package-info
class_6181	package-info	com.mojang.blaze3d.font.package-info
class_6182	package-info	com.mojang.blaze3d.package-info
class_6183	package-info	com.mojang.blaze3d.pipeline.package-info
class_6185	package-info	com.mojang.blaze3d.platform.package-info
class_6186	package-info	com.mojang.blaze3d.preprocessor.package-info
class_6187	package-info	com.mojang.blaze3d.shaders.package-info
class_6188	package-info	com.mojang.blaze3d.systems.package-info
class_619	ZombieVillagerModel	net.minecraft.client.model.ZombieVillagerModel
class_6190	package-info	com.mojang.blaze3d.vertex.package-info
class_6191	package-info	com.mojang.realmsclient.client.package-info
class_6192	ServerActivity	com.mojang.realmsclient.dto.ServerActivity
class_6193	ServerActivityList	com.mojang.realmsclient.dto.ServerActivityList
class_6194	package-info	com.mojang.realmsclient.dto.package-info
class_6195	package-info	com.mojang.realmsclient.exception.package-info
class_6196	package-info	com.mojang.realmsclient.gui.package-info
class_6197	package-info	com.mojang.realmsclient.gui.screens.package-info
class_6198	package-info	com.mojang.realmsclient.gui.task.package-info
class_6199	package-info	com.mojang.realmsclient.package-info
class_620	VillagerModel	net.minecraft.client.model.VillagerModel
class_6200	package-info	com.mojang.realmsclient.util.package-info
class_6201	package-info	com.mojang.realmsclient.util.task.package-info
class_6202	package-info	net.minecraft.client.color.block.package-info
class_6203	package-info	net.minecraft.client.color.item.package-info
class_6205	package-info	net.minecraft.client.gui.components.events.package-info
class_6206	package-info	net.minecraft.client.gui.components.package-info
class_6207	package-info	net.minecraft.client.gui.components.spectator.package-info
class_6208	package-info	net.minecraft.client.gui.components.toasts.package-info
class_6209	package-info	net.minecraft.client.gui.font.glyphs.package-info
class_621	WitherBossModel	net.minecraft.client.model.WitherBossModel
class_6210	package-info	net.minecraft.client.gui.font.package-info
class_6211	package-info	net.minecraft.client.gui.font.providers.package-info
class_6212	package-info	net.minecraft.client.gui.package-info
class_6213	package-info	net.minecraft.client.gui.screens.achievement.package-info
class_6214	package-info	net.minecraft.client.gui.screens.advancements.package-info
class_6215	package-info	net.minecraft.client.gui.screens.controls.package-info
class_6216	MethodsReturnNonnullByDefault	com.mojang.math.MethodsReturnNonnullByDefault
class_6217	package-info	net.minecraft.client.gui.screens.inventory.package-info
class_6218	package-info	net.minecraft.client.gui.screens.multiplayer.package-info
class_6219	package-info	net.minecraft.client.gui.screens.package-info
class_622	WitchModel	net.minecraft.client.model.WitchModel
class_6220	package-info	net.minecraft.client.gui.screens.packs.package-info
class_6221	package-info	net.minecraft.client.gui.screens.recipebook.package-info
class_6222	package-info	net.minecraft.client.gui.screens.social.package-info
class_6223	package-info	net.minecraft.client.gui.screens.worldselection.package-info
class_6224	package-info	net.minecraft.client.gui.spectator.categories.package-info
class_6225	package-info	net.minecraft.client.gui.spectator.package-info
class_6226	package-info	net.minecraft.client.main.package-info
class_6227	GoatModel	net.minecraft.client.model.GoatModel
class_6228	package-info	net.minecraft.client.model.dragon.package-info
class_623	ZombieModel	net.minecraft.client.model.ZombieModel
class_6230	PartNames	net.minecraft.client.model.geom.PartNames
class_6231	package-info	net.minecraft.client.model.geom.builders.package-info
class_6232	package-info	net.minecraft.client.model.geom.package-info
class_6233	package-info	net.minecraft.client.model.package-info
class_6235	package-info	net.minecraft.client.multiplayer.package-info
class_6236	package-info	net.minecraft.client.package-info
class_624	WolfModel	net.minecraft.client.model.WolfModel
class_6240	package-info	net.minecraft.client.particle.package-info
class_6241	package-info	net.minecraft.client.player.inventory.package-info
class_6242	package-info	net.minecraft.client.player.package-info
class_6243	package-info	net.minecraft.util.profiling.metrics.package-info
class_6244	package-info	net.minecraft.client.profiling.package-info
class_6245	package-info	net.minecraft.util.profiling.metrics.storage.package-info
class_6248	package-info	net.minecraft.client.renderer.block.model.multipart.package-info
class_6249	package-info	net.minecraft.client.renderer.block.model.package-info
class_6250	package-info	net.minecraft.client.renderer.block.package-info
class_6251	package-info	net.minecraft.commands.arguments.blocks.package-info
class_6252	package-info	net.minecraft.client.renderer.blockentity.package-info
class_6253	package-info	net.minecraft.client.renderer.chunk.package-info
class_6254	package-info	net.minecraft.client.renderer.culling.package-info
class_6255	package-info	net.minecraft.client.renderer.debug.package-info
class_6256	GoatRenderer	net.minecraft.client.renderer.entity.GoatRenderer
class_6257	package-info	net.minecraft.client.renderer.entity.layers.package-info
class_6258	package-info	net.minecraft.client.renderer.entity.package-info
class_6259	package-info	net.minecraft.client.renderer.entity.player.package-info
class_626	DragonHeadModel	net.minecraft.client.model.dragon.DragonHeadModel
class_6260	package-info	net.minecraft.client.renderer.item.package-info
class_6261	package-info	net.minecraft.client.renderer.package-info
class_6262	package-info	net.minecraft.client.renderer.texture.package-info
class_6263	package-info	net.minecraft.client.resources.language.package-info
class_6264	package-info	net.minecraft.client.resources.metadata.animation.package-info
class_6265	package-info	net.minecraft.client.resources.metadata.language.package-info
class_6266	package-info	net.minecraft.client.resources.metadata.package-info
class_6267	package-info	net.minecraft.client.resources.metadata.texture.package-info
class_6268	package-info	net.minecraft.client.resources.model.package-info
class_6269	package-info	net.minecraft.client.resources.package-info
class_6270	package-info	net.minecraft.client.resources.sounds.package-info
class_6271	package-info	net.minecraft.commands.arguments.coordinates.package-info
class_6272	package-info	net.minecraft.client.searchtree.package-info
class_6273	package-info	net.minecraft.client.server.package-info
class_6274	package-info	net.minecraft.client.sounds.package-info
class_6275	package-info	net.minecraft.client.tutorial.package-info
class_6276	package-info	net.minecraft.realms.package-info
class_6277	package-info	net.minecraft.commands.arguments.item.package-info
class_6278	package-info	net.minecraft.commands.arguments.package-info
class_6279	package-info	net.minecraft.commands.arguments.selector.options.package-info
class_6280	package-info	net.minecraft.commands.arguments.selector.package-info
class_6281	package-info	net.minecraft.commands.package-info
class_6282	package-info	net.minecraft.commands.synchronization.brigadier.package-info
class_6283	package-info	net.minecraft.commands.synchronization.package-info
class_6284	package-info	net.minecraft.core.dispenser.package-info
class_6285	package-info	net.minecraft.core.package-info
class_6286	package-info	net.minecraft.core.particles.package-info
class_6287	package-info	net.minecraft.data.advancements.package-info
class_6288	package-info	net.minecraft.data.info.package-info
class_6289	package-info	net.minecraft.data.loot.package-info
class_6292	package-info	net.minecraft.data.models.blockstates.package-info
class_6293	package-info	net.minecraft.data.models.model.package-info
class_6294	package-info	net.minecraft.data.models.package-info
class_6295	package-info	net.minecraft.data.package-info
class_6296	package-info	net.minecraft.data.recipes.package-info
class_6297	package-info	net.minecraft.data.structures.package-info
class_6298	package-info	net.minecraft.data.tags.package-info
class_6299	package-info	net.minecraft.data.worldgen.biome.package-info
class_630	ModelPart	net.minecraft.client.model.geom.ModelPart
class_6300	AfterBatch	net.minecraft.gametest.framework.AfterBatch
class_6301	BeforeBatch	net.minecraft.gametest.framework.BeforeBatch
class_6302	GameTest	net.minecraft.gametest.framework.GameTest
class_6303	GameTestGenerator	net.minecraft.gametest.framework.GameTestGenerator
class_6305	package-info	com.mojang.math.package-info
class_6306	GameTestServer	net.minecraft.gametest.framework.GameTestServer
class_6307	JUnitLikeTestReporter	net.minecraft.gametest.framework.JUnitLikeTestReporter
class_6308	TeamcityTestReporter	net.minecraft.gametest.framework.TeamcityTestReporter
class_6309	package-info	net.minecraft.gametest.framework.package-info
class_631	ClientChunkCache	net.minecraft.client.multiplayer.ClientChunkCache
class_6310	package-info	net.minecraft.locale.package-info
class_6311	package-info	net.minecraft.nbt.package-info
class_6312	package-info	net.minecraft.network.chat.package-info
class_6313	package-info	net.minecraft.network.package-info
class_6314	package-info	net.minecraft.network.protocol.game.package-info
class_6315	package-info	net.minecraft.network.protocol.handshake.package-info
class_6316	package-info	net.minecraft.network.protocol.login.package-info
class_6317	package-info	net.minecraft.network.protocol.package-info
class_6318	package-info	net.minecraft.network.protocol.status.package-info
class_6319	FieldsAreNonnullByDefault	net.minecraft.FieldsAreNonnullByDefault
class_632	ClientAdvancements	net.minecraft.client.multiplayer.ClientAdvancements
class_6320	package-info	net.minecraft.network.syncher.package-info
class_6321	package-info	net.minecraft.obfuscate.package-info
class_6322	package-info	net.minecraft.package-info
class_6323	package-info	net.minecraft.recipebook.package-info
class_6324	package-info	net.minecraft.resources.package-info
class_6325	package-info	net.minecraft.server.bossevents.package-info
class_6326	DebugMobSpawningCommand	net.minecraft.server.commands.DebugMobSpawningCommand
class_6327	DebugPathCommand	net.minecraft.server.commands.DebugPathCommand
class_6328	MethodsReturnNonnullByDefault	net.minecraft.MethodsReturnNonnullByDefault
class_6329	RaidCommand	net.minecraft.server.commands.RaidCommand
class_6332	V2707	net.minecraft.util.datafix.schemas.V2707
class_6333	BiasedToBottomInt	net.minecraft.util.valueproviders.BiasedToBottomInt
class_6334	ClampedInt	net.minecraft.util.valueproviders.ClampedInt
class_6335	Marker	net.minecraft.world.entity.Marker
class_6336	PrepareRamNearestTarget	net.minecraft.world.entity.ai.behavior.PrepareRamNearestTarget
class_6338	RamTarget	net.minecraft.world.entity.ai.behavior.RamTarget
class_634	ClientPacketListener	net.minecraft.client.multiplayer.ClientPacketListener
class_6342	TrapezoidHeight	net.minecraft.world.level.levelgen.heightproviders.TrapezoidHeight
class_6343	VeryBiasedToBottomHeight	net.minecraft.world.level.levelgen.heightproviders.VeryBiasedToBottomHeight
class_6344	NoopRenderer	net.minecraft.client.renderer.entity.NoopRenderer
class_6348	InfestedRotatedPillarBlock	net.minecraft.world.level.block.InfestedRotatedPillarBlock
class_6349	AzaleaTreeGrower	net.minecraft.world.level.block.grower.AzaleaTreeGrower
class_635	ClientHandshakePacketListenerImpl	net.minecraft.client.multiplayer.ClientHandshakePacketListenerImpl
class_6350	Aquifer	net.minecraft.world.level.levelgen.Aquifer
class_636	MultiPlayerGameMode	net.minecraft.client.multiplayer.MultiPlayerGameMode
class_6360	ResourceLoadStateTracker	net.minecraft.client.ResourceLoadStateTracker
class_6364	MainTarget	com.mojang.blaze3d.pipeline.MainTarget
class_6367	TextureTarget	com.mojang.blaze3d.pipeline.TextureTarget
class_6368	ResolvedServerAddress	net.minecraft.client.multiplayer.resolver.ResolvedServerAddress
class_6369	ServerAddressResolver	net.minecraft.client.multiplayer.resolver.ServerAddressResolver
class_637	ClientSuggestionProvider	net.minecraft.client.multiplayer.ClientSuggestionProvider
class_6370	ServerNameResolver	net.minecraft.client.multiplayer.resolver.ServerNameResolver
class_6371	ServerRedirectHandler	net.minecraft.client.multiplayer.resolver.ServerRedirectHandler
class_6372	package-info	net.minecraft.client.multiplayer.resolver.package-info
class_6373	ClientboundPingPacket	net.minecraft.network.protocol.game.ClientboundPingPacket
class_6374	ServerboundPongPacket	net.minecraft.network.protocol.game.ServerboundPongPacket
class_6375	LerpingModel	net.minecraft.world.entity.LerpingModel
class_6377	PowderSnowCauldronBlock	net.minecraft.world.level.block.PowderSnowCauldronBlock
class_6378	ProtectedBlockProcessor	net.minecraft.world.level.levelgen.structure.templatesystem.ProtectedBlockProcessor
class_6379	NarratableEntry	net.minecraft.client.gui.narration.NarratableEntry
class_638	ClientLevel	net.minecraft.client.multiplayer.ClientLevel
class_6381	NarratedElementType	net.minecraft.client.gui.narration.NarratedElementType
class_6382	NarrationElementOutput	net.minecraft.client.gui.narration.NarrationElementOutput
class_6383	NarrationSupplier	net.minecraft.client.gui.narration.NarrationSupplier
class_6384	NarrationThunk	net.minecraft.client.gui.narration.NarrationThunk
class_6385	ScreenNarrationCollector	net.minecraft.client.gui.narration.ScreenNarrationCollector
class_6389	package-info	net.minecraft.client.gui.narration.package-info
class_639	ServerAddress	net.minecraft.client.multiplayer.resolver.ServerAddress
class_6391	package-info	net.minecraft.client.gui.screens.debug.package-info
class_6394	AddressCheck	net.minecraft.client.multiplayer.resolver.AddressCheck
class_6395	ClampedItemPropertyFunction	net.minecraft.client.renderer.item.ClampedItemPropertyFunction
class_6396	SystemReport	net.minecraft.SystemReport
class_6397	FileZipper	net.minecraft.util.FileZipper
class_64	ComposableEntryContainer	net.minecraft.world.level.storage.loot.entries.ComposableEntryContainer
class_640	PlayerInfo	net.minecraft.client.multiplayer.PlayerInfo
class_6400	MetricsSamplerProvider	net.minecraft.util.profiling.metrics.MetricsSamplerProvider
class_6401	ProfilerSamplerAdapter	net.minecraft.util.profiling.metrics.profiling.ProfilerSamplerAdapter
class_6402	ServerMetricsSamplersProvider	net.minecraft.util.profiling.metrics.profiling.ServerMetricsSamplersProvider
class_6404	LighthingBoltPredicate	net.minecraft.advancements.critereon.LighthingBoltPredicate
class_6405	LightningStrikeTrigger	net.minecraft.advancements.critereon.LightningStrikeTrigger
class_6407	StartRidingTrigger	net.minecraft.advancements.critereon.StartRidingTrigger
class_6409	UsingItemTrigger	net.minecraft.advancements.critereon.UsingItemTrigger
class_641	ServerList	net.minecraft.client.multiplayer.ServerList
class_6412	ClientMetricsSamplersProvider	net.minecraft.client.profiling.ClientMetricsSamplersProvider
class_6413	PerfCommand	net.minecraft.server.commands.PerfCommand
class_6416	MemoryReserve	net.minecraft.util.MemoryReserve
class_6417	MacosUtil	com.mojang.blaze3d.platform.MacosUtil
class_642	ServerData	net.minecraft.client.multiplayer.ServerData
class_644	ServerStatusPinger	net.minecraft.client.multiplayer.ServerStatusPinger
class_645	AttackSweepParticle	net.minecraft.client.particle.AttackSweepParticle
class_647	BreakingItemParticle	net.minecraft.client.particle.BreakingItemParticle
class_6489	WorldVersion	net.minecraft.WorldVersion
class_6490	BitStorage	net.minecraft.util.BitStorage
class_6491	CubicSampler	net.minecraft.util.CubicSampler
class_6492	CubicSpline	net.minecraft.util.CubicSpline
class_6496	Graph	net.minecraft.util.Graph
class_6497	InclusiveRange	net.minecraft.util.InclusiveRange
class_6498	NativeModuleLister	net.minecraft.util.NativeModuleLister
class_65	AlternativesEntry	net.minecraft.world.level.storage.loot.entries.AlternativesEntry
class_6501	ToFloatFunction	net.minecraft.util.ToFloatFunction
class_6502	ZeroBitStorage	net.minecraft.util.ZeroBitStorage
class_6503	SpawnerDataFix	net.minecraft.util.datafix.fixes.SpawnerDataFix
class_6504	V2831	net.minecraft.util.datafix.schemas.V2831
class_6505	JfrProfiler	net.minecraft.util.profiling.jfr.JfrProfiler
class_6506	Environment	net.minecraft.util.profiling.jfr.Environment
class_6507	SummaryReporter	net.minecraft.util.profiling.jfr.SummaryReporter
class_6508	Percentiles	net.minecraft.util.profiling.jfr.Percentiles
class_6509	PacketEvent	net.minecraft.util.profiling.jfr.event.PacketEvent
class_6512	package-info	net.minecraft.util.profiling.jfr.event.package-info
class_6515	package-info	net.minecraft.util.profiling.jfr.package-info
class_6516	JfrStatsParser	net.minecraft.util.profiling.jfr.parse.JfrStatsParser
class_6517	JfrStatsResult	net.minecraft.util.profiling.jfr.parse.JfrStatsResult
class_6518	package-info	net.minecraft.util.profiling.jfr.parse.package-info
class_6519	JfrResultJsonSerializer	net.minecraft.util.profiling.jfr.serialize.JfrResultJsonSerializer
class_6520	package-info	net.minecraft.util.profiling.jfr.serialize.package-info
class_6521	ChunkGenStat	net.minecraft.util.profiling.jfr.stats.ChunkGenStat
class_6522	CpuLoadStat	net.minecraft.util.profiling.jfr.stats.CpuLoadStat
class_6523	FileIOStat	net.minecraft.util.profiling.jfr.stats.FileIOStat
class_6525	GcHeapStat	net.minecraft.util.profiling.jfr.stats.GcHeapStat
class_653	BubbleColumnUpParticle	net.minecraft.client.particle.BubbleColumnUpParticle
class_6530	ThreadAllocationStat	net.minecraft.util.profiling.jfr.stats.ThreadAllocationStat
class_6532	TickTimeStat	net.minecraft.util.profiling.jfr.stats.TickTimeStat
class_6533	TimeStamped	net.minecraft.util.profiling.jfr.stats.TimeStamped
class_6534	TimedStat	net.minecraft.util.profiling.jfr.stats.TimedStat
class_6535	TimedStatSummary	net.minecraft.util.profiling.jfr.stats.TimedStatSummary
class_6536	package-info	net.minecraft.util.profiling.jfr.stats.package-info
class_6538	AdventureModeCheck	net.minecraft.world.item.AdventureModeCheck
class_6539	ColorResolver	net.minecraft.world.level.ColorResolver
class_6540	LocalMobCapCalculator	net.minecraft.world.level.LocalMobCapCalculator
class_6544	Climate	net.minecraft.world.level.biome.Climate
class_655	BubbleParticle	net.minecraft.client.particle.BubbleParticle
class_6554	OverworldBiomeBuilder	net.minecraft.world.level.biome.OverworldBiomeBuilder
class_6557	BlockColumn	net.minecraft.world.level.chunk.BlockColumn
class_6558	MissingPaletteEntryException	net.minecraft.world.level.chunk.MissingPaletteEntryException
class_6564	SingleValuePalette	net.minecraft.world.level.chunk.SingleValuePalette
class_6566	BitRandomSource	net.minecraft.world.level.levelgen.BitRandomSource
class_6567	Density	net.minecraft.world.level.levelgen.Density
class_6568	NoiseChunk	net.minecraft.world.level.levelgen.NoiseChunk
class_657	CritParticle	net.minecraft.client.particle.CritParticle
class_6574	PositionalRandomFactory	net.minecraft.world.level.levelgen.PositionalRandomFactory
class_6575	SingleThreadedRandomSource	net.minecraft.world.level.levelgen.SingleThreadedRandomSource
class_6577	DiskConfiguration	net.minecraft.world.level.levelgen.feature.configurations.DiskConfiguration
class_6578	DualNoiseProvider	net.minecraft.world.level.levelgen.feature.stateproviders.DualNoiseProvider
class_6579	NoiseBasedStateProvider	net.minecraft.world.level.levelgen.feature.stateproviders.NoiseBasedStateProvider
class_6580	NoiseProvider	net.minecraft.world.level.levelgen.feature.stateproviders.NoiseProvider
class_6581	NoiseThresholdProvider	net.minecraft.world.level.levelgen.feature.stateproviders.NoiseThresholdProvider
class_6582	MaterialRuleList	net.minecraft.world.level.levelgen.material.MaterialRuleList
class_6583	WorldGenMaterialRule	net.minecraft.world.level.levelgen.material.WorldGenMaterialRule
class_6584	SurfaceRelativeThresholdFilter	net.minecraft.world.level.levelgen.placement.SurfaceRelativeThresholdFilter
class_6595	DataVersion	net.minecraft.world.level.storage.DataVersion
class_6597	PrioritizeChunkUpdates	net.minecraft.client.PrioritizeChunkUpdates
class_6599	KeyBindsScreen	net.minecraft.client.gui.screens.controls.KeyBindsScreen
class_6603	ClientboundLevelChunkPacketData	net.minecraft.network.protocol.game.ClientboundLevelChunkPacketData
class_6606	ClientboundLightUpdatePacketData	net.minecraft.network.protocol.game.ClientboundLightUpdatePacketData
class_6607	JfrCommand	net.minecraft.server.commands.JfrCommand
class_6608	ResetChunksCommand	net.minecraft.server.commands.ResetChunksCommand
class_6609	TickingTracker	net.minecraft.server.level.TickingTracker
class_661	BubblePopParticle	net.minecraft.client.particle.BubblePopParticle
class_6611	JvmProfiler	net.minecraft.util.profiling.jfr.JvmProfiler
class_6613	ProfiledDuration	net.minecraft.util.profiling.jfr.callback.ProfiledDuration
class_6614	package-info	net.minecraft.util.profiling.jfr.callback.package-info
class_6621	PostPlacementProcessor	net.minecraft.world.level.levelgen.structure.PostPlacementProcessor
class_6622	PieceGenerator	net.minecraft.world.level.levelgen.structure.pieces.PieceGenerator
class_6624	PiecesContainer	net.minecraft.world.level.levelgen.structure.pieces.PiecesContainer
class_6625	StructurePieceSerializationContext	net.minecraft.world.level.levelgen.structure.pieces.StructurePieceSerializationContext
class_6626	StructurePiecesBuilder	net.minecraft.world.level.levelgen.structure.pieces.StructurePiecesBuilder
class_6627	package-info	net.minecraft.world.level.levelgen.structure.pieces.package-info
class_6628	ClientTelemetryManager	net.minecraft.client.telemetry.ClientTelemetryManager
class_663	DripParticle	net.minecraft.client.particle.DripParticle
class_6630	ChaseClient	net.minecraft.server.chase.ChaseClient
class_6632	ChaseServer	net.minecraft.server.chase.ChaseServer
class_6633	package-info	net.minecraft.server.chase.package-info
class_6634	ChaseCommand	net.minecraft.server.commands.ChaseCommand
class_6636	AddFlagIfNotPresentFix	net.minecraft.util.datafix.fixes.AddFlagIfNotPresentFix
class_6637	ChunkHeightAndBiomeFix	net.minecraft.util.datafix.fixes.ChunkHeightAndBiomeFix
class_6638	WorldGenSettingsDisallowOldCustomWorldsFix	net.minecraft.util.datafix.fixes.WorldGenSettingsDisallowOldCustomWorldsFix
class_6639	WorldGenSettingsHeightAndBiomeFix	net.minecraft.util.datafix.fixes.WorldGenSettingsHeightAndBiomeFix
class_6640	V2832	net.minecraft.util.datafix.schemas.V2832
class_6641	package-info	net.minecraft.util.monitoring.jmx.package-info
class_6642	WeightedListInt	net.minecraft.util.valueproviders.WeightedListInt
class_6643	CarvingMask	net.minecraft.world.level.chunk.CarvingMask
class_6644	AllOfPredicate	net.minecraft.world.level.levelgen.blockpredicates.AllOfPredicate
class_6645	AnyOfPredicate	net.minecraft.world.level.levelgen.blockpredicates.AnyOfPredicate
class_6646	BlockPredicate	net.minecraft.world.level.levelgen.blockpredicates.BlockPredicate
class_6647	BlockPredicateType	net.minecraft.world.level.levelgen.blockpredicates.BlockPredicateType
class_6648	CombiningPredicate	net.minecraft.world.level.levelgen.blockpredicates.CombiningPredicate
class_6649	MatchingBlocksPredicate	net.minecraft.world.level.levelgen.blockpredicates.MatchingBlocksPredicate
class_6650	MatchingFluidsPredicate	net.minecraft.world.level.levelgen.blockpredicates.MatchingFluidsPredicate
class_6651	NotPredicate	net.minecraft.world.level.levelgen.blockpredicates.NotPredicate
class_6652	ReplaceablePredicate	net.minecraft.world.level.levelgen.blockpredicates.ReplaceablePredicate
class_6653	package-info	net.minecraft.world.level.levelgen.blockpredicates.package-info
class_6654	BlockColumnFeature	net.minecraft.world.level.levelgen.feature.BlockColumnFeature
class_6655	BlockColumnConfiguration	net.minecraft.world.level.levelgen.feature.configurations.BlockColumnConfiguration
class_6657	package-info	net.minecraft.world.level.levelgen.material.package-info
class_6658	BlockPredicateFilter	net.minecraft.world.level.levelgen.placement.BlockPredicateFilter
class_666	DragonBreathParticle	net.minecraft.client.particle.DragonBreathParticle
class_6661	PlacementFilter	net.minecraft.world.level.levelgen.placement.PlacementFilter
class_6662	SetPotionFunction	net.minecraft.world.level.storage.loot.functions.SetPotionFunction
class_6664	package-info	net.minecraft.client.gui.screens.inventory.tooltip.package-info
class_6666	package-info	net.minecraft.core.cauldron.package-info
class_6667	package-info	net.minecraft.data.worldgen.package-info
class_6669	CavesAndCliffsRenames	net.minecraft.util.datafix.fixes.CavesAndCliffsRenames
class_6670	NearestVisibleLivingEntities	net.minecraft.world.entity.ai.memory.NearestVisibleLivingEntities
class_6672	MarsagliaPolarGaussian	net.minecraft.world.level.levelgen.MarsagliaPolarGaussian
class_6673	RandomSupport	net.minecraft.world.level.levelgen.RandomSupport
class_6676	Xoroshiro128PlusPlus	net.minecraft.world.level.levelgen.Xoroshiro128PlusPlus
class_6677	XoroshiroRandomSource	net.minecraft.world.level.levelgen.XoroshiroRandomSource
class_6679	StateTestingPredicate	net.minecraft.world.level.levelgen.blockpredicates.StateTestingPredicate
class_668	EnchantmentTableParticle	net.minecraft.client.particle.EnchantmentTableParticle
class_6680	TrueBlockPredicate	net.minecraft.world.level.levelgen.blockpredicates.TrueBlockPredicate
class_6681	WouldSurvivePredicate	net.minecraft.world.level.levelgen.blockpredicates.WouldSurvivePredicate
class_6682	ClientboundSetSimulationDistancePacket	net.minecraft.network.protocol.game.ClientboundSetSimulationDistancePacket
class_6683	ModCheck	net.minecraft.util.ModCheck
class_6686	SurfaceRules	net.minecraft.world.level.levelgen.SurfaceRules
class_67	DynamicLoot	net.minecraft.world.level.storage.loot.entries.DynamicLoot
class_671	DustParticle	net.minecraft.client.particle.DustParticle
class_6724	SurfaceSystem	net.minecraft.world.level.levelgen.SurfaceSystem
class_6725	SurfaceRuleData	net.minecraft.data.worldgen.SurfaceRuleData
class_6726	EndBiomes	net.minecraft.data.worldgen.biome.EndBiomes
class_6727	NetherBiomes	net.minecraft.data.worldgen.biome.NetherBiomes
class_6728	ClampedNormalInt	net.minecraft.util.valueproviders.ClampedNormalInt
class_673	ExplodeParticle	net.minecraft.client.particle.ExplodeParticle
class_6731	Noises	net.minecraft.world.level.levelgen.Noises
class_6732	RandomOffsetPlacement	net.minecraft.world.level.levelgen.placement.RandomOffsetPlacement
class_6734	BlockMarker	net.minecraft.client.particle.BlockMarker
class_6736	NoiseData	net.minecraft.data.worldgen.NoiseData
class_6740	ChunkProtoTickListFix	net.minecraft.util.datafix.fixes.ChunkProtoTickListFix
class_6742	ChunkRenamesFix	net.minecraft.util.datafix.fixes.ChunkRenamesFix
class_6743	V2842	net.minecraft.util.datafix.schemas.V2842
class_6746	BelowZeroRetrogen	net.minecraft.world.level.levelgen.BelowZeroRetrogen
class_6748	Blender	net.minecraft.world.level.levelgen.blending.Blender
class_6749	BlendingData	net.minecraft.world.level.levelgen.blending.BlendingData
class_675	EndRodParticle	net.minecraft.client.particle.EndRodParticle
class_6753	package-info	net.minecraft.world.level.levelgen.blending.package-info
class_6754	BlackholeTickAccess	net.minecraft.world.ticks.BlackholeTickAccess
class_6755	LevelChunkTicks	net.minecraft.world.ticks.LevelChunkTicks
class_6756	LevelTickAccess	net.minecraft.world.ticks.LevelTickAccess
class_6757	LevelTicks	net.minecraft.world.ticks.LevelTicks
class_6759	SavedTick	net.minecraft.world.ticks.SavedTick
class_6760	ScheduledTick	net.minecraft.world.ticks.ScheduledTick
class_6761	SerializableTickContainer	net.minecraft.world.ticks.SerializableTickContainer
class_6762	TickAccess	net.minecraft.world.ticks.TickAccess
class_6763	TickContainerAccess	net.minecraft.world.ticks.TickContainerAccess
class_6764	package-info	net.minecraft.world.ticks.package-info
class_6765	TerrainProvider	net.minecraft.data.worldgen.TerrainProvider
class_6767	NetworkPacketSummary	net.minecraft.util.profiling.jfr.stats.NetworkPacketSummary
class_677	FireworkParticles	net.minecraft.client.particle.FireworkParticles
class_6777	OnlineOptionsScreen	net.minecraft.client.gui.screens.OnlineOptionsScreen
class_6780	BiomeResolver	net.minecraft.world.level.biome.BiomeResolver
class_6783	InsideWorldBoundsPredicate	net.minecraft.world.level.levelgen.blockpredicates.InsideWorldBoundsPredicate
class_6784	SolidPredicate	net.minecraft.world.level.levelgen.blockpredicates.SolidPredicate
class_6785	FeatureCountTracker	net.minecraft.world.level.levelgen.feature.FeatureCountTracker
class_6789	NetherForestVegetationConfig	net.minecraft.world.level.levelgen.feature.configurations.NetherForestVegetationConfig
class_6790	TwistingVinesConfig	net.minecraft.world.level.levelgen.feature.configurations.TwistingVinesConfig
class_6791	WeightedListHeight	net.minecraft.world.level.levelgen.heightproviders.WeightedListHeight
class_6792	BiomeFilter	net.minecraft.world.level.levelgen.placement.BiomeFilter
class_6793	CountPlacement	net.minecraft.world.level.levelgen.placement.CountPlacement
class_6794	EnvironmentScanPlacement	net.minecraft.world.level.levelgen.placement.EnvironmentScanPlacement
class_6795	HeightRangePlacement	net.minecraft.world.level.levelgen.placement.HeightRangePlacement
class_6796	PlacedFeature	net.minecraft.world.level.levelgen.placement.PlacedFeature
class_6797	PlacementModifier	net.minecraft.world.level.levelgen.placement.PlacementModifier
class_6798	PlacementModifierType	net.minecraft.world.level.levelgen.placement.PlacementModifierType
class_6799	RarityFilter	net.minecraft.world.level.levelgen.placement.RarityFilter
class_6800	AquaticFeatures	net.minecraft.data.worldgen.features.AquaticFeatures
class_6801	CaveFeatures	net.minecraft.data.worldgen.features.CaveFeatures
class_6802	EndFeatures	net.minecraft.data.worldgen.features.EndFeatures
class_6803	FeatureUtils	net.minecraft.data.worldgen.features.FeatureUtils
class_6804	MiscOverworldFeatures	net.minecraft.data.worldgen.features.MiscOverworldFeatures
class_6805	NetherFeatures	net.minecraft.data.worldgen.features.NetherFeatures
class_6806	OreFeatures	net.minecraft.data.worldgen.features.OreFeatures
class_6807	PileFeatures	net.minecraft.data.worldgen.features.PileFeatures
class_6808	TreeFeatures	net.minecraft.data.worldgen.features.TreeFeatures
class_6809	VegetationFeatures	net.minecraft.data.worldgen.features.VegetationFeatures
class_6810	package-info	net.minecraft.data.worldgen.features.package-info
class_6811	AquaticPlacements	net.minecraft.data.worldgen.placement.AquaticPlacements
class_6812	CavePlacements	net.minecraft.data.worldgen.placement.CavePlacements
class_6813	EndPlacements	net.minecraft.data.worldgen.placement.EndPlacements
class_6814	MiscOverworldPlacements	net.minecraft.data.worldgen.placement.MiscOverworldPlacements
class_6815	NetherPlacements	net.minecraft.data.worldgen.placement.NetherPlacements
class_6816	OrePlacements	net.minecraft.data.worldgen.placement.OrePlacements
class_6817	PlacementUtils	net.minecraft.data.worldgen.placement.PlacementUtils
class_6818	TreePlacements	net.minecraft.data.worldgen.placement.TreePlacements
class_6819	VegetationPlacements	net.minecraft.data.worldgen.placement.VegetationPlacements
class_682	FallingDustParticle	net.minecraft.client.particle.FallingDustParticle
class_6820	package-info	net.minecraft.data.worldgen.placement.package-info
class_6825	VillagePlacements	net.minecraft.data.worldgen.placement.VillagePlacements
class_6826	FastBufferedInputStream	net.minecraft.util.FastBufferedInputStream
class_6830	ChunkScanAccess	net.minecraft.world.level.chunk.storage.ChunkScanAccess
class_6832	StructureCheck	net.minecraft.world.level.levelgen.structure.StructureCheck
class_6833	StructureCheckResult	net.minecraft.world.level.levelgen.structure.StructureCheckResult
class_6834	PieceGeneratorSupplier	net.minecraft.world.level.levelgen.structure.pieces.PieceGeneratorSupplier
class_6836	StreamTagVisitor	net.minecraft.nbt.StreamTagVisitor
class_684	HeartParticle	net.minecraft.client.particle.HeartParticle
class_6841	CollectFields	net.minecraft.nbt.visitors.CollectFields
class_6842	FieldTree	net.minecraft.nbt.visitors.FieldTree
class_6843	FieldSelector	net.minecraft.nbt.visitors.FieldSelector
class_6844	CollectToTag	net.minecraft.nbt.visitors.CollectToTag
class_6845	SkipAll	net.minecraft.nbt.visitors.SkipAll
class_6846	package-info	net.minecraft.nbt.visitors.package-info
class_6847	HasSturdyFacePredicate	net.minecraft.world.level.levelgen.blockpredicates.HasSturdyFacePredicate
class_6848	MatchingBlockTagPredicate	net.minecraft.world.level.levelgen.blockpredicates.MatchingBlockTagPredicate
class_6849	RenderChunk	net.minecraft.client.renderer.chunk.RenderChunk
class_6850	RenderRegionCache	net.minecraft.client.renderer.chunk.RenderRegionCache
class_6852	PlaceCommand	net.minecraft.server.commands.PlaceCommand
class_6854	FogShape	com.mojang.blaze3d.shaders.FogShape
class_6856	SkipFields	net.minecraft.nbt.visitors.SkipFields
class_6857	ServerPacketListener	net.minecraft.network.protocol.game.ServerPacketListener
class_6858	WeaponSmithChestLootTableFix	net.minecraft.util.datafix.fixes.WeaponSmithChestLootTableFix
class_6860	CloseableResourceManager	net.minecraft.server.packs.resources.CloseableResourceManager
class_6861	MultiPackResourceManager	net.minecraft.server.packs.resources.MultiPackResourceManager
class_6862	TagKey	net.minecraft.tags.TagKey
class_6864	TagNetworkSerialization	net.minecraft.tags.TagNetworkSerialization
class_6867	StructureSettingsFlattenFix	net.minecraft.util.datafix.fixes.StructureSettingsFlattenFix
class_6868	ClimbOnTopOfPowderSnowGoal	net.minecraft.world.entity.ai.goal.ClimbOnTopOfPowderSnowGoal
class_687	FlameParticle	net.minecraft.client.particle.FlameParticle
class_6871	ConcentricRingsStructurePlacement	net.minecraft.world.level.levelgen.structure.placement.ConcentricRingsStructurePlacement
class_6872	RandomSpreadStructurePlacement	net.minecraft.world.level.levelgen.structure.placement.RandomSpreadStructurePlacement
class_6873	RandomSpreadType	net.minecraft.world.level.levelgen.structure.placement.RandomSpreadType
class_6874	StructurePlacement	net.minecraft.world.level.levelgen.structure.placement.StructurePlacement
class_6875	StructurePlacementType	net.minecraft.world.level.levelgen.structure.placement.StructurePlacementType
class_6876	package-info	net.minecraft.world.level.levelgen.structure.placement.package-info
class_6877	PeriodicNotificationManager	net.minecraft.client.PeriodicNotificationManager
class_6880	Holder	net.minecraft.core.Holder
class_6885	HolderSet	net.minecraft.core.HolderSet
class_689	HugeExplosionSeedParticle	net.minecraft.client.particle.HugeExplosionSeedParticle
class_6895	RegistryCodecs	net.minecraft.core.RegistryCodecs
class_6898	HolderSetCodec	net.minecraft.resources.HolderSetCodec
class_6899	RegistryFixedCodec	net.minecraft.resources.RegistryFixedCodec
class_69	CompositeEntryBase	net.minecraft.world.level.storage.loot.entries.CompositeEntryBase
class_6903	RegistryOps	net.minecraft.resources.RegistryOps
class_6904	WorldStem	net.minecraft.server.WorldStem
class_6908	BiomeTags	net.minecraft.tags.BiomeTags
class_6909	OverreachingTickFix	net.minecraft.util.datafix.fixes.OverreachingTickFix
class_691	HugeExplosionParticle	net.minecraft.client.particle.HugeExplosionParticle
class_6910	DensityFunction	net.minecraft.world.level.levelgen.DensityFunction
class_6916	DensityFunctions	net.minecraft.world.level.levelgen.DensityFunctions
class_693	ItemPickupParticle	net.minecraft.client.particle.ItemPickupParticle
class_694	LavaParticle	net.minecraft.client.particle.LavaParticle
class_6953	NoiseRouter	net.minecraft.world.level.levelgen.NoiseRouter
class_6954	NoiseRouterData	net.minecraft.world.level.levelgen.NoiseRouterData
class_6955	OreVeinifier	net.minecraft.world.level.levelgen.OreVeinifier
class_6957	BiomeTagsProvider	net.minecraft.data.tags.BiomeTagsProvider
class_696	LargeSmokeParticle	net.minecraft.client.particle.LargeSmokeParticle
class_698	NoteParticle	net.minecraft.client.particle.NoteParticle
class_7	BlockPathTypes	net.minecraft.world.level.pathfinder.BlockPathTypes
class_700	MobAppearanceParticle	net.minecraft.client.particle.MobAppearanceParticle
class_702	ParticleEngine	net.minecraft.client.particle.ParticleEngine
class_703	Particle	net.minecraft.client.particle.Particle
class_704	PlayerCloudParticle	net.minecraft.client.particle.PlayerCloudParticle
class_7045	StructureTags	net.minecraft.tags.StructureTags
class_7046	StructuresBecomeConfiguredFix	net.minecraft.util.datafix.fixes.StructuresBecomeConfiguredFix
class_7057	BuiltinStructureSets	net.minecraft.world.level.levelgen.structure.BuiltinStructureSets
class_7058	BuiltinStructures	net.minecraft.world.level.levelgen.structure.BuiltinStructures
class_7059	StructureSet	net.minecraft.world.level.levelgen.structure.StructureSet
class_7061	StructureSpawnOverride	net.minecraft.world.level.levelgen.structure.StructureSpawnOverride
class_7064	Realms32bitWarningScreen	net.minecraft.client.gui.screens.multiplayer.Realms32bitWarningScreen
class_7065	WarningScreen	net.minecraft.client.gui.screens.multiplayer.WarningScreen
class_7066	ResourceOrTagKeyArgument	net.minecraft.commands.arguments.ResourceOrTagKeyArgument
class_707	ParticleProvider	net.minecraft.client.particle.ParticleProvider
class_7071	StructureTagsProvider	net.minecraft.data.tags.StructureTagsProvider
class_7072	StructureSets	net.minecraft.data.worldgen.StructureSets
class_7077	PlainTextButton	net.minecraft.client.gui.components.PlainTextButton
class_7079	ResourceKeyArgument	net.minecraft.commands.arguments.ResourceKeyArgument
class_708	SimpleAnimatedParticle	net.minecraft.client.particle.SimpleAnimatedParticle
class_7084	ResourceFilterSection	net.minecraft.server.packs.resources.ResourceFilterSection
class_7085	ResourceLocationPattern	net.minecraft.util.ResourceLocationPattern
class_7088	FlatLevelGeneratorPresetTags	net.minecraft.tags.FlatLevelGeneratorPresetTags
class_7089	WorldPresetTags	net.minecraft.tags.WorldPresetTags
class_709	PortalParticle	net.minecraft.client.particle.PortalParticle
class_7090	BlendingDataFix	net.minecraft.util.datafix.fixes.BlendingDataFix
class_7091	ChunkDeleteIgnoredLightDataFix	net.minecraft.util.datafix.fixes.ChunkDeleteIgnoredLightDataFix
class_7092	V3076	net.minecraft.util.datafix.schemas.V3076
class_7093	V3078	net.minecraft.util.datafix.schemas.V3078
class_7094	AnimationState	net.minecraft.world.entity.AnimationState
class_7095	Croak	net.minecraft.world.entity.ai.behavior.Croak
class_7096	LongJumpToPreferredBlock	net.minecraft.world.entity.ai.behavior.LongJumpToPreferredBlock
class_7097	TryFindLand	net.minecraft.world.entity.ai.behavior.TryFindLand
class_7098	TryFindLandNearWater	net.minecraft.world.entity.ai.behavior.TryFindLandNearWater
class_7099	TryLaySpawnOnWaterNearLand	net.minecraft.world.entity.ai.behavior.TryLaySpawnOnWaterNearLand
class_7100	FrogAttackablesSensor	net.minecraft.world.entity.ai.sensing.FrogAttackablesSensor
class_7101	IsInWaterSensor	net.minecraft.world.entity.ai.sensing.IsInWaterSensor
class_7102	Frog	net.minecraft.world.entity.animal.frog.Frog
class_7106	FrogVariant	net.minecraft.world.entity.animal.FrogVariant
class_7107	FrogAi	net.minecraft.world.entity.animal.frog.FrogAi
class_7108	ShootTongue	net.minecraft.world.entity.animal.frog.ShootTongue
class_711	SpellParticle	net.minecraft.client.particle.SpellParticle
class_7110	Tadpole	net.minecraft.world.entity.animal.frog.Tadpole
class_7111	TadpoleAi	net.minecraft.world.entity.animal.frog.TadpoleAi
class_7112	package-info	net.minecraft.world.entity.animal.frog.package-info
class_7113	FrogspawnBlock	net.minecraft.world.level.block.FrogspawnBlock
class_7114	MangroveLeavesBlock	net.minecraft.world.level.block.MangroveLeavesBlock
class_7115	MangrovePropaguleBlock	net.minecraft.world.level.block.MangrovePropaguleBlock
class_7116	MangroveRootsBlock	net.minecraft.world.level.block.MangroveRootsBlock
class_7117	MudBlock	net.minecraft.world.level.block.MudBlock
class_7118	MultifaceSpreader	net.minecraft.world.level.block.MultifaceSpreader
class_7124	SculkBehaviour	net.minecraft.world.level.block.SculkBehaviour
class_7125	SculkBlock	net.minecraft.world.level.block.SculkBlock
class_7126	SculkCatalystBlock	net.minecraft.world.level.block.SculkCatalystBlock
class_7128	SculkSpreader	net.minecraft.world.level.block.SculkSpreader
class_7130	SculkVeinBlock	net.minecraft.world.level.block.SculkVeinBlock
class_7132	SculkCatalystBlockEntity	net.minecraft.world.level.block.entity.SculkCatalystBlockEntity
class_7133	SculkShriekerBlockEntity	net.minecraft.world.level.block.entity.SculkShriekerBlockEntity
class_7134	BuiltinDimensionTypes	net.minecraft.world.level.dimension.BuiltinDimensionTypes
class_7138	RandomState	net.minecraft.world.level.levelgen.RandomState
class_7140	SculkPatchFeature	net.minecraft.world.level.levelgen.feature.SculkPatchFeature
class_7141	SculkPatchConfiguration	net.minecraft.world.level.levelgen.feature.configurations.SculkPatchConfiguration
class_7142	FlatLevelGeneratorPreset	net.minecraft.world.level.levelgen.flat.FlatLevelGeneratorPreset
class_7143	FlatLevelGeneratorPresets	net.minecraft.world.level.levelgen.flat.FlatLevelGeneratorPresets
class_7145	WorldPreset	net.minecraft.world.level.levelgen.presets.WorldPreset
class_7147	SinglePieceStructure	net.minecraft.world.level.levelgen.structure.SinglePieceStructure
class_7151	StructureType	net.minecraft.world.level.levelgen.structure.StructureType
class_7156	package-info	net.minecraft.world.level.levelgen.structure.structures.package-info
class_7157	CommandBuildContext	net.minecraft.commands.CommandBuildContext
class_7159	CollectingNeighborUpdater	net.minecraft.world.level.redstone.CollectingNeighborUpdater
class_7164	InstantNeighborUpdater	net.minecraft.world.level.redstone.InstantNeighborUpdater
class_7165	NeighborUpdater	net.minecraft.world.level.redstone.NeighborUpdater
class_7166	SpaceProvider	com.mojang.blaze3d.font.SpaceProvider
class_7168	TimerQuery	com.mojang.blaze3d.systems.TimerQuery
class_717	SmokeParticle	net.minecraft.client.particle.SmokeParticle
class_7172	OptionInstance	net.minecraft.client.OptionInstance
class_7179	AnimationChannel	net.minecraft.client.animation.AnimationChannel
class_7184	AnimationDefinition	net.minecraft.client.animation.AnimationDefinition
class_7186	Keyframe	net.minecraft.client.animation.Keyframe
class_7187	KeyframeAnimations	net.minecraft.client.animation.KeyframeAnimations
class_7188	FrogAnimation	net.minecraft.client.animation.definitions.FrogAnimation
class_7189	package-info	net.minecraft.client.animation.definitions.package-info
class_719	SplashParticle	net.minecraft.client.particle.SplashParticle
class_7190	package-info	net.minecraft.client.animation.package-info
class_7191	SpecialGlyphs	net.minecraft.client.gui.font.glyphs.SpecialGlyphs
class_7193	WorldCreationContext	net.minecraft.client.gui.screens.worldselection.WorldCreationContext
class_7196	WorldOpenFlows	net.minecraft.client.gui.screens.worldselection.WorldOpenFlows
class_7198	FrogModel	net.minecraft.client.model.FrogModel
class_72	SequentialEntry	net.minecraft.world.level.storage.loot.entries.SequentialEntry
class_7201	TadpoleModel	net.minecraft.client.model.TadpoleModel
class_7202	BlockStatePredictionHandler	net.minecraft.client.multiplayer.prediction.BlockStatePredictionHandler
class_7204	PredictiveAction	net.minecraft.client.multiplayer.prediction.PredictiveAction
class_7205	package-info	net.minecraft.client.multiplayer.prediction.package-info
class_7206	SculkChargeParticle	net.minecraft.client.particle.SculkChargeParticle
class_7208	SculkChargePopParticle	net.minecraft.client.particle.SculkChargePopParticle
class_721	SpitParticle	net.minecraft.client.particle.SpitParticle
class_7213	FrogRenderer	net.minecraft.client.renderer.entity.FrogRenderer
class_7214	TadpoleRenderer	net.minecraft.client.renderer.entity.TadpoleRenderer
class_7218	ArgumentUtils	net.minecraft.commands.synchronization.ArgumentUtils
class_7225	HolderLookup	net.minecraft.core.HolderLookup
class_7227	SculkChargeParticleOptions	net.minecraft.core.particles.SculkChargeParticleOptions
class_7228	BiomeParametersDumpReport	net.minecraft.data.info.BiomeParametersDumpReport
class_7229	FlatLevelGeneratorPresetTagsProvider	net.minecraft.data.tags.FlatLevelGeneratorPresetTagsProvider
class_723	SuspendedParticle	net.minecraft.client.particle.SuspendedParticle
class_7230	WorldPresetTagsProvider	net.minecraft.data.tags.WorldPresetTagsProvider
class_7231	DimensionTypes	net.minecraft.data.worldgen.DimensionTypes
class_7237	WorldLoader	net.minecraft.server.WorldLoader
class_7240	WardenSpawnTrackerCommand	net.minecraft.server.commands.WardenSpawnTrackerCommand
class_7243	KeyDispatchDataCodec	net.minecraft.util.KeyDispatchDataCodec
class_7244	SpawnUtil	net.minecraft.util.SpawnUtil
class_7245	V3081	net.minecraft.util.datafix.schemas.V3081
class_7246	V3082	net.minecraft.util.datafix.schemas.V3082
class_7248	HasCustomInventoryScreen	net.minecraft.world.entity.HasCustomInventoryScreen
class_7249	Digging	net.minecraft.world.entity.ai.behavior.warden.Digging
class_725	SquidInkParticle	net.minecraft.client.particle.SquidInkParticle
class_7250	Emerging	net.minecraft.world.entity.ai.behavior.warden.Emerging
class_7251	Sniffing	net.minecraft.world.entity.ai.behavior.warden.Sniffing
class_7252	WardenEntitySensor	net.minecraft.world.entity.ai.sensing.WardenEntitySensor
class_7253	AngerLevel	net.minecraft.world.entity.monster.warden.AngerLevel
class_7254	AngerManagement	net.minecraft.world.entity.monster.warden.AngerManagement
class_7255	Roar	net.minecraft.world.entity.ai.behavior.warden.Roar
class_7256	SetRoarTarget	net.minecraft.world.entity.ai.behavior.warden.SetRoarTarget
class_7257	SetWardenLookTarget	net.minecraft.world.entity.ai.behavior.warden.SetWardenLookTarget
class_7259	TryToSniff	net.minecraft.world.entity.ai.behavior.warden.TryToSniff
class_7260	Warden	net.minecraft.world.entity.monster.warden.Warden
class_7261	WardenAi	net.minecraft.world.entity.monster.warden.WardenAi
class_7262	WardenSpawnTracker	net.minecraft.world.entity.monster.warden.WardenSpawnTracker
class_7263	package-info	net.minecraft.world.entity.monster.warden.package-info
class_7264	ChestBoat	net.minecraft.world.entity.vehicle.ChestBoat
class_7265	ContainerEntity	net.minecraft.world.entity.vehicle.ContainerEntity
class_7267	SwiftSneakEnchantment	net.minecraft.world.item.enchantment.SwiftSneakEnchantment
class_7268	SculkShriekerBlock	net.minecraft.world.level.block.SculkShriekerBlock
class_7269	VibrationInfo	net.minecraft.world.level.gameevent.vibrations.VibrationInfo
class_727	TerrainParticle	net.minecraft.client.particle.TerrainParticle
class_7278	WardenAnimation	net.minecraft.client.animation.definitions.WardenAnimation
class_7280	WardenModel	net.minecraft.client.model.WardenModel
class_7281	ShriekParticle	net.minecraft.client.particle.ShriekParticle
class_7287	WardenRenderer	net.minecraft.client.renderer.entity.WardenRenderer
class_7288	WardenEmissiveLayer	net.minecraft.client.renderer.entity.layers.WardenEmissiveLayer
class_729	SuspendedTownParticle	net.minecraft.client.particle.SuspendedTownParticle
class_7290	ShriekParticleOption	net.minecraft.core.particles.ShriekParticleOption
class_7291	OptionEnum	net.minecraft.util.OptionEnum
class_7293	NamespacedTypeRenameFix	net.minecraft.util.datafix.fixes.NamespacedTypeRenameFix
class_7294	V3083	net.minecraft.util.datafix.schemas.V3083
class_7296	GoAndGiveItemsToTarget	net.minecraft.world.entity.ai.behavior.GoAndGiveItemsToTarget
class_7297	StayCloseToTarget	net.minecraft.world.entity.ai.behavior.StayCloseToTarget
class_7298	Allay	net.minecraft.world.entity.animal.allay.Allay
class_7299	AllayAi	net.minecraft.world.entity.animal.allay.AllayAi
class_73	EmptyLootItem	net.minecraft.world.level.storage.loot.entries.EmptyLootItem
class_7300	package-info	net.minecraft.world.entity.animal.allay.package-info
class_7308	AllayModel	net.minecraft.client.model.AllayModel
class_7310	AllayRenderer	net.minecraft.client.renderer.entity.AllayRenderer
class_7312	AncientCityStructurePieces	net.minecraft.data.worldgen.AncientCityStructurePieces
class_7313	AncientCityStructurePools	net.minecraft.data.worldgen.AncientCityStructurePools
class_733	TrackingEmitter	net.minecraft.client.particle.TrackingEmitter
class_734	TotemParticle	net.minecraft.client.particle.TotemParticle
class_736	WaterCurrentDownParticle	net.minecraft.client.particle.WaterCurrentDownParticle
class_7367	IoSupplier	net.minecraft.server.packs.resources.IoSupplier
class_7368	ResourceMetadata	net.minecraft.server.packs.resources.ResourceMetadata
class_7369	CatVariantTags	net.minecraft.tags.CatVariantTags
class_7370	CriteriaRenameFix	net.minecraft.util.datafix.fixes.CriteriaRenameFix
class_7371	EntityVariantFix	net.minecraft.util.datafix.fixes.EntityVariantFix
class_7372	MultipliedFloats	net.minecraft.util.valueproviders.MultipliedFloats
class_7373	SampledFloat	net.minecraft.util.valueproviders.SampledFloat
class_7374	package-info	net.minecraft.world.entity.ai.behavior.warden.package-info
class_7375	CatVariant	net.minecraft.world.entity.animal.CatVariant
class_7376	EntitySubPredicate	net.minecraft.advancements.critereon.EntitySubPredicate
class_738	WakeParticle	net.minecraft.client.particle.WakeParticle
class_7380	EntityVariantPredicate	net.minecraft.advancements.critereon.EntityVariantPredicate
class_7382	MangroveTreeGrower	net.minecraft.world.level.block.grower.MangroveTreeGrower
class_7383	SlimePredicate	net.minecraft.advancements.critereon.SlimePredicate
class_7384	ThreadSafeLegacyRandomSource	net.minecraft.world.level.levelgen.ThreadSafeLegacyRandomSource
class_7386	MangroveRootPlacer	net.minecraft.world.level.levelgen.feature.rootplacers.MangroveRootPlacer
class_7387	RootPlacer	net.minecraft.world.level.levelgen.feature.rootplacers.RootPlacer
class_7388	RootPlacerType	net.minecraft.world.level.levelgen.feature.rootplacers.RootPlacerType
class_7389	AttachedToLeavesDecorator	net.minecraft.world.level.levelgen.feature.treedecorators.AttachedToLeavesDecorator
class_7390	UpwardsBranchingTrunkPlacer	net.minecraft.world.level.levelgen.feature.trunkplacers.UpwardsBranchingTrunkPlacer
class_7391	CompassItemPropertyFunction	net.minecraft.client.renderer.item.CompassItemPropertyFunction
class_7393	CatVariantTagsProvider	net.minecraft.data.tags.CatVariantTagsProvider
class_7396	SonicBoom	net.minecraft.world.entity.ai.behavior.warden.SonicBoom
class_7398	AboveRootPlacement	net.minecraft.world.level.levelgen.feature.rootplacers.AboveRootPlacement
class_7399	MangroveRootPlacement	net.minecraft.world.level.levelgen.feature.rootplacers.MangroveRootPlacement
class_740	WaterDropParticle	net.minecraft.client.particle.WaterDropParticle
class_7400	RuleBasedBlockStateProvider	net.minecraft.world.level.levelgen.feature.stateproviders.RuleBasedBlockStateProvider
class_7403	CachedOutput	net.minecraft.data.CachedOutput
class_7406	PaintingVariantTags	net.minecraft.tags.PaintingVariantTags
class_7407	EntityPaintingFieldsRenameFix	net.minecraft.util.datafix.fixes.EntityPaintingFieldsRenameFix
class_7408	PaintingVariants	net.minecraft.world.entity.decoration.PaintingVariants
class_7409	DiscFragmentItem	net.minecraft.world.item.DiscFragmentItem
class_7413	LoadingDotsText	net.minecraft.client.gui.screens.LoadingDotsText
class_7416	PaintingVariantTagsProvider	net.minecraft.data.tags.PaintingVariantTagsProvider
class_7417	ComponentContents	net.minecraft.network.chat.ComponentContents
class_7419	DataSource	net.minecraft.network.chat.contents.DataSource
class_742	AbstractClientPlayer	net.minecraft.client.player.AbstractClientPlayer
class_7420	KeybindResolver	net.minecraft.network.chat.contents.KeybindResolver
class_7421	package-info	net.minecraft.network.chat.contents.package-info
class_7422	VecDeltaCodec	net.minecraft.network.protocol.game.VecDeltaCodec
class_7427	ProfileKeyPair	net.minecraft.world.entity.player.ProfileKeyPair
class_7428	ProfilePublicKey	net.minecraft.world.entity.player.ProfilePublicKey
class_743	KeyboardInput	net.minecraft.client.player.KeyboardInput
class_7430	InstrumentItem	net.minecraft.world.item.InstrumentItem
class_7431	SetInstrumentFunction	net.minecraft.world.level.storage.loot.functions.SetInstrumentFunction
class_7434	AccountProfileKeyPairManager	net.minecraft.client.multiplayer.AccountProfileKeyPairManager
class_7437	ThrowingComponent	net.minecraft.network.chat.ThrowingComponent
class_7438	ClientboundPlayerChatPacket	net.minecraft.network.protocol.game.ClientboundPlayerChatPacket
class_7439	ClientboundSystemChatPacket	net.minecraft.network.protocol.game.ClientboundSystemChatPacket
class_744	Input	net.minecraft.client.player.Input
class_7440	BannerPatternTags	net.minecraft.tags.BannerPatternTags
class_7441	InstrumentTags	net.minecraft.tags.InstrumentTags
class_7442	GoatHornIdFix	net.minecraft.util.datafix.fixes.GoatHornIdFix
class_7444	Instrument	net.minecraft.world.item.Instrument
class_7445	Instruments	net.minecraft.world.item.Instruments
class_7446	BannerPatterns	net.minecraft.world.level.block.entity.BannerPatterns
class_7448	CommandSigningContext	net.minecraft.commands.CommandSigningContext
class_745	RemotePlayer	net.minecraft.client.player.RemotePlayer
class_7450	ArgumentSignatures	net.minecraft.commands.arguments.ArgumentSignatures
class_7451	SignedArgument	net.minecraft.commands.arguments.SignedArgument
class_7452	SonicBoomParticle	net.minecraft.client.particle.SonicBoomParticle
class_7454	PlainTextSearchTree	net.minecraft.client.searchtree.PlainTextSearchTree
class_7455	ResourceLocationSearchTree	net.minecraft.client.searchtree.ResourceLocationSearchTree
class_7458	BannerPatternTagsProvider	net.minecraft.data.tags.BannerPatternTagsProvider
class_7459	InstrumentTagsProvider	net.minecraft.data.tags.InstrumentTagsProvider
class_746	LocalPlayer	net.minecraft.client.player.LocalPlayer
class_7463	ChatTypeDecoration	net.minecraft.network.chat.ChatTypeDecoration
class_7469	MessageSignature	net.minecraft.network.chat.MessageSignature
class_747	SimpleMenuProvider	net.minecraft.world.SimpleMenuProvider
class_7471	PlayerChatMessage	net.minecraft.network.chat.PlayerChatMessage
class_7472	ServerboundChatCommandPacket	net.minecraft.network.protocol.game.ServerboundChatCommandPacket
class_7473	PoiTypeTags	net.minecraft.tags.PoiTypeTags
class_7475	TagFile	net.minecraft.tags.TagFile
class_7477	PoiTypes	net.minecraft.world.entity.ai.village.poi.PoiTypes
class_7478	Realms32BitWarningStatus	net.minecraft.client.Realms32BitWarningStatus
class_748	Hotbar	net.minecraft.client.player.inventory.Hotbar
class_7485	StringRepresentableArgument	net.minecraft.commands.arguments.StringRepresentableArgument
class_7486	TemplateMirrorArgument	net.minecraft.commands.arguments.TemplateMirrorArgument
class_7487	TemplateRotationArgument	net.minecraft.commands.arguments.TemplateRotationArgument
class_7491	PoiTypeTagsProvider	net.minecraft.data.tags.PoiTypeTagsProvider
class_7492	ChatDecorator	net.minecraft.network.chat.ChatDecorator
class_7495	ClientboundServerDataPacket	net.minecraft.network.protocol.game.ClientboundServerDataPacket
class_7497	Services	net.minecraft.server.Services
class_7498	SignatureUpdater	net.minecraft.util.SignatureUpdater
class_75	LootPoolEntries	net.minecraft.world.level.storage.loot.entries.LootPoolEntries
class_750	ChunkBufferBuilderPack	net.minecraft.client.renderer.ChunkBufferBuilderPack
class_7500	SignatureValidator	net.minecraft.util.SignatureValidator
class_7501	Signer	net.minecraft.util.Signer
class_7503	FilteredBooksFix	net.minecraft.util.datafix.fixes.FilteredBooksFix
class_7504	FilteredSignsFix	net.minecraft.util.datafix.fixes.FilteredSignsFix
class_7505	ItemStackTagFix	net.minecraft.util.datafix.fixes.ItemStackTagFix
class_7506	PoiTypeRemoveFix	net.minecraft.util.datafix.fixes.PoiTypeRemoveFix
class_7507	PoiTypeRenameFix	net.minecraft.util.datafix.fixes.PoiTypeRenameFix
class_7508	VariantRenameFix	net.minecraft.util.datafix.fixes.VariantRenameFix
class_7509	BiomeSources	net.minecraft.world.level.biome.BiomeSources
class_751	CubeMap	net.minecraft.client.renderer.CubeMap
class_7510	FeatureSorter	net.minecraft.world.level.biome.FeatureSorter
class_7511	ChunkGenerators	net.minecraft.world.level.chunk.ChunkGenerators
class_7520	EntityGoatMissingStateFix	net.minecraft.util.datafix.fixes.EntityGoatMissingStateFix
class_7521	ForceUnmount	net.minecraft.world.entity.ai.behavior.warden.ForceUnmount
class_7522	PalettedContainerRO	net.minecraft.world.level.chunk.PalettedContainerRO
class_7528	AbstractScrollWidget	net.minecraft.client.gui.components.AbstractScrollWidget
class_7529	MultiLineEditBox	net.minecraft.client.gui.components.MultiLineEditBox
class_753	FaceInfo	net.minecraft.client.renderer.FaceInfo
class_7530	MultilineTextField	net.minecraft.client.gui.components.MultilineTextField
class_7532	PlayerFaceRenderer	net.minecraft.client.gui.components.PlayerFaceRenderer
class_7533	Whence	net.minecraft.client.gui.components.Whence
class_7534	GenericWaitingScreen	net.minecraft.client.gui.screens.GenericWaitingScreen
class_7538	ChatReportScreen	net.minecraft.client.gui.screens.reporting.ChatReportScreen
class_7541	ChatSelectionLogFiller	net.minecraft.client.gui.screens.reporting.ChatSelectionLogFiller
class_7543	ChatSelectionScreen	net.minecraft.client.gui.screens.reporting.ChatSelectionScreen
class_7551	ReportReasonSelectionScreen	net.minecraft.client.gui.screens.reporting.ReportReasonSelectionScreen
class_7554	package-info	net.minecraft.client.gui.screens.reporting.package-info
class_7555	ChatLog	net.minecraft.client.multiplayer.chat.ChatLog
class_7557	LoggedChatMessage	net.minecraft.client.multiplayer.chat.LoggedChatMessage
class_756	BlockEntityWithoutLevelRenderer	net.minecraft.client.renderer.BlockEntityWithoutLevelRenderer
class_7561	MessageSignatureCache	net.minecraft.network.chat.MessageSignatureCache
class_7562	package-info	net.minecraft.client.multiplayer.chat.package-info
class_7563	AbuseReportSender	net.minecraft.client.multiplayer.chat.report.AbuseReportSender
class_7566	ChatReportBuilder	net.minecraft.client.multiplayer.chat.report.ChatReportBuilder
class_7569	ReportEnvironment	net.minecraft.client.multiplayer.chat.report.ReportEnvironment
class_757	GameRenderer	net.minecraft.client.renderer.GameRenderer
class_7573	ReportReason	net.minecraft.client.multiplayer.chat.report.ReportReason
class_7574	ReportingContext	net.minecraft.client.multiplayer.chat.report.ReportingContext
class_7575	package-info	net.minecraft.client.multiplayer.chat.report.package-info
class_7576	TimeSource	net.minecraft.util.TimeSource
class_7578	RealmsDataFetcher	com.mojang.realmsclient.gui.RealmsDataFetcher
class_7579	RealmsNewsManager	com.mojang.realmsclient.gui.RealmsNewsManager
class_758	FogRenderer	net.minecraft.client.renderer.FogRenderer
class_7580	RealmsServerList	com.mojang.realmsclient.gui.RealmsServerList
class_7581	DataFetcher	com.mojang.realmsclient.gui.task.DataFetcher
class_7587	RepeatedDelayStrategy	com.mojang.realmsclient.gui.task.RepeatedDelayStrategy
class_7588	BanNoticeScreen	net.minecraft.client.gui.screens.BanNoticeScreen
class_7589	BlendingDataRemoveFromNetherEndFix	net.minecraft.util.datafix.fixes.BlendingDataRemoveFromNetherEndFix
class_759	ItemInHandRenderer	net.minecraft.client.renderer.ItemInHandRenderer
class_7591	GuiMessageTag	net.minecraft.client.GuiMessageTag
class_7594	ChatListener	net.minecraft.client.multiplayer.chat.ChatListener
class_7595	ChatTrustLevel	net.minecraft.client.multiplayer.chat.ChatTrustLevel
class_7597	ClientboundCustomChatCompletionsPacket	net.minecraft.network.protocol.game.ClientboundCustomChatCompletionsPacket
class_7604	OutgoingChatMessage	net.minecraft.network.chat.OutgoingChatMessage
class_7608	SignedMessageBody	net.minecraft.network.chat.SignedMessageBody
class_761	LevelRenderer	net.minecraft.client.renderer.LevelRenderer
class_7610	SignedMessageChain	net.minecraft.network.chat.SignedMessageChain
class_7615	SignedMessageValidator	net.minecraft.network.chat.SignedMessageValidator
class_7617	ClientboundDeleteChatPacket	net.minecraft.network.protocol.game.ClientboundDeleteChatPacket
class_7619	FutureChain	net.minecraft.util.FutureChain
class_7620	TaskChainer	net.minecraft.util.TaskChainer
class_7629	LoggedChatEvent	net.minecraft.client.multiplayer.chat.LoggedChatEvent
class_763	ItemModelShaper	net.minecraft.client.renderer.ItemModelShaper
class_7633	TickablePacketListener	net.minecraft.network.TickablePacketListener
class_7635	LastSeenMessages	net.minecraft.network.chat.LastSeenMessages
class_7637	LastSeenMessagesTracker	net.minecraft.network.chat.LastSeenMessagesTracker
class_7638	LastSeenMessagesValidator	net.minecraft.network.chat.LastSeenMessagesValidator
class_7640	ServerboundChatAckPacket	net.minecraft.network.protocol.game.ServerboundChatAckPacket
class_7641	ItemRemoveBlockEntityTagFix	net.minecraft.util.datafix.fixes.ItemRemoveBlockEntityTagFix
class_7644	SignableCommand	net.minecraft.network.chat.SignableCommand
class_7648	PacketSendListener	net.minecraft.network.PacketSendListener
class_7649	FilterMask	net.minecraft.network.chat.FilterMask
class_765	LightTexture	net.minecraft.client.renderer.LightTexture
class_7654	FileToIdConverter	net.minecraft.resources.FileToIdConverter
class_7655	RegistryDataLoader	net.minecraft.resources.RegistryDataLoader
class_7659	RegistryLayer	net.minecraft.server.RegistryLayer
class_766	PanoramaRenderer	net.minecraft.client.renderer.PanoramaRenderer
class_7662	BuiltInMetadata	net.minecraft.server.packs.BuiltInMetadata
class_7663	FeatureFlagsMetadataSection	net.minecraft.server.packs.FeatureFlagsMetadataSection
class_7665	VanillaPackResourcesBuilder	net.minecraft.server.packs.VanillaPackResourcesBuilder
class_7666	DummyFileAttributes	net.minecraft.server.packs.linkfs.DummyFileAttributes
class_7667	LinkFSFileStore	net.minecraft.server.packs.linkfs.LinkFSFileStore
class_7668	LinkFSPath	net.minecraft.server.packs.linkfs.LinkFSPath
class_7669	LinkFSProvider	net.minecraft.server.packs.linkfs.LinkFSProvider
class_7670	LinkFileSystem	net.minecraft.server.packs.linkfs.LinkFileSystem
class_7673	PathContents	net.minecraft.server.packs.linkfs.PathContents
class_7676	package-info	net.minecraft.server.packs.linkfs.package-info
class_7677	MetadataSectionType	net.minecraft.server.packs.metadata.MetadataSectionType
class_7678	BuiltInPackSource	net.minecraft.server.packs.repository.BuiltInPackSource
class_768	Rect2i	net.minecraft.client.renderer.Rect2i
class_7683	OptionsProgrammerArtFix	net.minecraft.util.datafix.fixes.OptionsProgrammerArtFix
class_7684	V3202	net.minecraft.util.datafix.schemas.V3202
class_7685	V3203	net.minecraft.util.datafix.schemas.V3203
class_7686	V3204	net.minecraft.util.datafix.schemas.V3204
class_7687	RandomLookAround	net.minecraft.world.entity.ai.behavior.RandomLookAround
class_7688	RandomStandGoal	net.minecraft.world.entity.ai.goal.RandomStandGoal
class_7689	Camel	net.minecraft.world.entity.animal.camel.Camel
class_769	ViewArea	net.minecraft.client.renderer.ViewArea
class_7691	CamelAi	net.minecraft.world.entity.animal.camel.CamelAi
class_7694	package-info	net.minecraft.world.entity.animal.camel.package-info
class_7695	FeatureElement	net.minecraft.world.flag.FeatureElement
class_7696	FeatureFlag	net.minecraft.world.flag.FeatureFlag
class_7697	FeatureFlagRegistry	net.minecraft.world.flag.FeatureFlagRegistry
class_7699	FeatureFlagSet	net.minecraft.world.flag.FeatureFlagSet
class_77	LootItem	net.minecraft.world.level.storage.loot.entries.LootItem
class_7700	FeatureFlagUniverse	net.minecraft.world.flag.FeatureFlagUniverse
class_7701	FeatureFlags	net.minecraft.world.flag.FeatureFlags
class_7702	package-info	net.minecraft.world.flag.package-info
class_7706	CreativeModeTabs	net.minecraft.world.item.CreativeModeTabs
class_7707	HangingSignItem	net.minecraft.world.item.HangingSignItem
class_7708	ItemStackLinkedSet	net.minecraft.world.item.ItemStackLinkedSet
class_7709	CookingBookCategory	net.minecraft.world.item.crafting.CookingBookCategory
class_7710	CraftingBookCategory	net.minecraft.world.item.crafting.CraftingBookCategory
class_7712	WorldDataConfiguration	net.minecraft.world.level.WorldDataConfiguration
class_7713	CeilingHangingSignBlock	net.minecraft.world.level.block.CeilingHangingSignBlock
class_7714	ChiseledBookShelfBlock	net.minecraft.world.level.block.ChiseledBookShelfBlock
class_7715	WallHangingSignBlock	net.minecraft.world.level.block.WallHangingSignBlock
class_7716	ChiseledBookShelfBlockEntity	net.minecraft.world.level.block.entity.ChiseledBookShelfBlockEntity
class_7717	HangingSignBlockEntity	net.minecraft.world.level.block.entity.HangingSignBlockEntity
class_7718	RotationSegment	net.minecraft.world.level.block.state.properties.RotationSegment
class_7719	GameEventDispatcher	net.minecraft.world.level.gameevent.GameEventDispatcher
class_7722	VibrationSelector	net.minecraft.world.level.gameevent.vibrations.VibrationSelector
class_7723	WorldDimensions	net.minecraft.world.level.levelgen.WorldDimensions
class_7726	WorldGenSettings	net.minecraft.world.level.levelgen.WorldGenSettings
class_7727	package-info	net.minecraft.world.level.levelgen.feature.rootplacers.package-info
class_7728	package-info	net.minecraft.world.level.levelgen.presets.package-info
class_773	BlockModelShaper	net.minecraft.client.renderer.block.BlockModelShaper
class_7730	CamelAnimation	net.minecraft.client.animation.definitions.CamelAnimation
class_7733	ResourceArgument	net.minecraft.commands.arguments.ResourceArgument
class_7737	ResourceOrTagArgument	net.minecraft.commands.arguments.ResourceOrTagArgument
class_7743	AbstractSignEditScreen	net.minecraft.client.gui.screens.inventory.AbstractSignEditScreen
class_7744	HangingSignEditScreen	net.minecraft.client.gui.screens.inventory.HangingSignEditScreen
class_7745	ConfirmExperimentalFeaturesScreen	net.minecraft.client.gui.screens.worldselection.ConfirmExperimentalFeaturesScreen
class_775	LiquidBlockRenderer	net.minecraft.client.renderer.block.LiquidBlockRenderer
class_7751	CamelModel	net.minecraft.client.model.CamelModel
class_7752	ChestBoatModel	net.minecraft.client.model.ChestBoatModel
class_7753	ChestRaftModel	net.minecraft.client.model.ChestRaftModel
class_7754	RaftModel	net.minecraft.client.model.RaftModel
class_7755	WaterPatchModel	net.minecraft.client.model.WaterPatchModel
class_7756	ClientRegistryLayer	net.minecraft.client.multiplayer.ClientRegistryLayer
class_7757	ChatReportContextBuilder	net.minecraft.client.multiplayer.chat.report.ChatReportContextBuilder
class_776	BlockRenderDispatcher	net.minecraft.client.renderer.block.BlockRenderDispatcher
class_7761	HangingSignRenderer	net.minecraft.client.renderer.blockentity.HangingSignRenderer
class_7763	CamelRenderer	net.minecraft.client.renderer.entity.CamelRenderer
class_7764	SpriteContents	net.minecraft.client.renderer.texture.SpriteContents
class_7766	SpriteLoader	net.minecraft.client.renderer.texture.SpriteLoader
class_7768	SpriteTicker	net.minecraft.client.renderer.texture.SpriteTicker
class_777	BakedQuad	net.minecraft.client.renderer.block.model.BakedQuad
class_7771	FrameSize	net.minecraft.client.resources.metadata.animation.FrameSize
class_7775	ModelBaker	net.minecraft.client.resources.model.ModelBaker
class_778	ModelBlockRenderer	net.minecraft.client.renderer.block.ModelBlockRenderer
class_7780	LayeredRegistryAccess	net.minecraft.core.LayeredRegistryAccess
class_7782	RegistrySynchronization	net.minecraft.core.RegistrySynchronization
class_7784	PackOutput	net.minecraft.data.PackOutput
class_7785	AdvancementSubProvider	net.minecraft.data.advancements.AdvancementSubProvider
class_7786	VanillaAdvancementProvider	net.minecraft.data.advancements.packs.VanillaAdvancementProvider
class_7787	package-info	net.minecraft.data.advancements.packs.package-info
class_7788	BlockLootSubProvider	net.minecraft.data.loot.BlockLootSubProvider
class_7789	EntityLootSubProvider	net.minecraft.data.loot.EntityLootSubProvider
class_7791	LootTableSubProvider	net.minecraft.data.loot.LootTableSubProvider
class_7794	VanillaLootTableProvider	net.minecraft.data.loot.packs.VanillaLootTableProvider
class_7795	package-info	net.minecraft.data.loot.packs.package-info
class_7796	PackMetadataGenerator	net.minecraft.data.metadata.PackMetadataGenerator
class_7797	package-info	net.minecraft.data.metadata.package-info
class_7798	CraftingRecipeBuilder	net.minecraft.data.recipes.CraftingRecipeBuilder
class_7800	RecipeCategory	net.minecraft.data.recipes.RecipeCategory
class_7801	BundleRecipeProvider	net.minecraft.data.recipes.packs.BundleRecipeProvider
class_7803	VanillaRecipeProvider	net.minecraft.data.recipes.packs.VanillaRecipeProvider
class_7804	package-info	net.minecraft.data.recipes.packs.package-info
class_7805	ItemTagsProvider	net.minecraft.data.tags.ItemTagsProvider
class_7817	LastSeenTrackedEntry	net.minecraft.network.chat.LastSeenTrackedEntry
class_7818	LocalChatSession	net.minecraft.network.chat.LocalChatSession
class_7822	RemoteChatSession	net.minecraft.network.chat.RemoteChatSession
class_7826	SignedMessageLink	net.minecraft.network.chat.SignedMessageLink
class_7827	ClientboundDisguisedChatPacket	net.minecraft.network.protocol.game.ClientboundDisguisedChatPacket
class_7828	ClientboundPlayerInfoRemovePacket	net.minecraft.network.protocol.game.ClientboundPlayerInfoRemovePacket
class_783	BlockElementFace	net.minecraft.client.renderer.block.model.BlockElementFace
class_7832	ClientboundUpdateEnabledFeaturesPacket	net.minecraft.network.protocol.game.ClientboundUpdateEnabledFeaturesPacket
class_7833	Axis	com.mojang.math.Axis
class_7836	Divisor	com.mojang.math.Divisor
class_7837	MatrixUtil	com.mojang.math.MatrixUtil
class_7838	AbstractLayout	net.minecraft.client.gui.layouts.AbstractLayout
class_7842	StringWidget	net.minecraft.client.gui.components.StringWidget
class_7843	FrameLayout	net.minecraft.client.gui.layouts.FrameLayout
class_7845	GridLayout	net.minecraft.client.gui.layouts.GridLayout
class_7847	LayoutSettings	net.minecraft.client.gui.layouts.LayoutSettings
class_7849	LinearLayout	net.minecraft.client.gui.layouts.LinearLayout
class_785	BlockElement	net.minecraft.client.renderer.block.model.BlockElement
class_7852	SpacerElement	net.minecraft.client.gui.layouts.SpacerElement
class_7853	ProfileKeyPairManager	net.minecraft.client.multiplayer.ProfileKeyPairManager
class_7861	ServerboundChatSessionUpdatePacket	net.minecraft.network.protocol.game.ServerboundChatSessionUpdatePacket
class_7869	ChunkGeneratorStructureState	net.minecraft.world.level.chunk.ChunkGeneratorStructureState
class_787	BlockFaceUV	net.minecraft.client.renderer.block.model.BlockFaceUV
class_7871	HolderGetter	net.minecraft.core.HolderGetter
class_7876	HolderOwner	net.minecraft.core.HolderOwner
class_7877	RegistrySetBuilder	net.minecraft.core.RegistrySetBuilder
class_7887	VanillaRegistries	net.minecraft.data.registries.VanillaRegistries
class_7888	package-info	net.minecraft.data.registries.package-info
class_7889	IntrinsicHolderTagsProvider	net.minecraft.data.tags.IntrinsicHolderTagsProvider
class_789	BlockElementRotation	net.minecraft.client.renderer.block.model.BlockElementRotation
class_7891	BootstapContext	net.minecraft.data.worldgen.BootstapContext
class_7893	BehaviorControl	net.minecraft.world.entity.ai.behavior.BehaviorControl
class_7894	OneShot	net.minecraft.world.entity.ai.behavior.OneShot
class_7895	SetEntityLookTargetSometimes	net.minecraft.world.entity.ai.behavior.SetEntityLookTargetSometimes
class_7897	TriggerGate	net.minecraft.world.entity.ai.behavior.TriggerGate
class_7898	BehaviorBuilder	net.minecraft.world.entity.ai.behavior.declarative.BehaviorBuilder
class_79	LootPoolEntryContainer	net.minecraft.world.level.storage.loot.entries.LootPoolEntryContainer
class_790	BlockModelDefinition	net.minecraft.client.renderer.block.model.BlockModelDefinition
class_7906	MemoryAccessor	net.minecraft.world.entity.ai.behavior.declarative.MemoryAccessor
class_7907	MemoryCondition	net.minecraft.world.entity.ai.behavior.declarative.MemoryCondition
class_7911	Trigger	net.minecraft.world.entity.ai.behavior.declarative.Trigger
class_7912	package-info	net.minecraft.world.entity.ai.behavior.declarative.package-info
class_7917	SuspiciousEffectHolder	net.minecraft.world.level.block.SuspiciousEffectHolder
class_7918	GameModeArgument	net.minecraft.commands.arguments.GameModeArgument
class_7919	Tooltip	net.minecraft.client.gui.components.Tooltip
class_7922	DefaultedRegistry	net.minecraft.core.DefaultedRegistry
class_7923	BuiltInRegistries	net.minecraft.core.registries.BuiltInRegistries
class_7924	Registries	net.minecraft.core.registries.Registries
class_7925	package-info	net.minecraft.core.registries.package-info
class_7926	FillBiomeCommand	net.minecraft.server.commands.FillBiomeCommand
class_7927	AbortableIterationConsumer	net.minecraft.util.AbortableIterationConsumer
class_7929	EventLogDirectory	net.minecraft.util.eventlog.EventLogDirectory
class_793	BlockModel	net.minecraft.client.renderer.block.model.BlockModel
class_7935	JsonEventLog	net.minecraft.util.eventlog.JsonEventLog
class_7936	JsonEventLogReader	net.minecraft.util.eventlog.JsonEventLogReader
class_7937	package-info	net.minecraft.util.eventlog.package-info
class_7938	PiglinWallSkullBlock	net.minecraft.world.level.block.PiglinWallSkullBlock
class_7940	MultiLineTextWidget	net.minecraft.client.gui.components.MultiLineTextWidget
class_7941	TelemetryEventWidget	net.minecraft.client.gui.screens.telemetry.TelemetryEventWidget
class_7944	TelemetryInfoScreen	net.minecraft.client.gui.screens.telemetry.TelemetryInfoScreen
class_7945	package-info	net.minecraft.client.gui.screens.telemetry.package-info
class_7946	PiglinHeadModel	net.minecraft.client.model.PiglinHeadModel
class_7947	SpriteResourceLoader	net.minecraft.client.renderer.texture.atlas.SpriteResourceLoader
class_7948	SpriteSource	net.minecraft.client.renderer.texture.atlas.SpriteSource
class_7951	SpriteSourceType	net.minecraft.client.renderer.texture.atlas.SpriteSourceType
class_7952	SpriteSources	net.minecraft.client.renderer.texture.atlas.SpriteSources
class_7953	package-info	net.minecraft.client.renderer.texture.atlas.package-info
class_7954	DirectoryLister	net.minecraft.client.renderer.texture.atlas.sources.DirectoryLister
class_7955	SingleFile	net.minecraft.client.renderer.texture.atlas.sources.SingleFile
class_7956	SourceFilter	net.minecraft.client.renderer.texture.atlas.sources.SourceFilter
class_7957	Unstitcher	net.minecraft.client.renderer.texture.atlas.sources.Unstitcher
class_7958	LazyLoadedImage	net.minecraft.client.renderer.texture.atlas.sources.LazyLoadedImage
class_796	FaceBakery	net.minecraft.client.renderer.block.model.FaceBakery
class_7961	package-info	net.minecraft.client.renderer.texture.atlas.sources.package-info
class_7962	TelemetryEventInstance	net.minecraft.client.telemetry.TelemetryEventInstance
class_7963	TelemetryEventLog	net.minecraft.client.telemetry.TelemetryEventLog
class_7964	TelemetryEventLogger	net.minecraft.client.telemetry.TelemetryEventLogger
class_7965	TelemetryEventSender	net.minecraft.client.telemetry.TelemetryEventSender
class_7966	TelemetryEventType	net.minecraft.client.telemetry.TelemetryEventType
class_7968	TelemetryLogManager	net.minecraft.client.telemetry.TelemetryLogManager
class_7969	TelemetryProperty	net.minecraft.client.telemetry.TelemetryProperty
class_7973	TelemetryPropertyMap	net.minecraft.client.telemetry.TelemetryPropertyMap
class_7975	WorldSessionTelemetryManager	net.minecraft.client.telemetry.WorldSessionTelemetryManager
class_7976	AggregatedTelemetryEvent	net.minecraft.client.telemetry.events.AggregatedTelemetryEvent
class_7977	PerformanceMetricsEvent	net.minecraft.client.telemetry.events.PerformanceMetricsEvent
class_7979	WorldLoadEvent	net.minecraft.client.telemetry.events.WorldLoadEvent
class_7981	WorldLoadTimesEvent	net.minecraft.client.telemetry.events.WorldLoadTimesEvent
class_7982	WorldUnloadEvent	net.minecraft.client.telemetry.events.WorldUnloadEvent
class_7983	package-info	net.minecraft.client.telemetry.events.package-info
class_7984	package-info	net.minecraft.client.telemetry.package-info
class_7988	VariantHolder	net.minecraft.world.entity.VariantHolder
class_799	ItemOverride	net.minecraft.client.renderer.block.model.ItemOverride
class_7995	ByIdMap	net.minecraft.util.ByIdMap
class_7997	RiderShieldingMount	net.minecraft.world.entity.RiderShieldingMount
class_7999	BelowOrAboveWidgetTooltipPositioner	net.minecraft.client.gui.screens.inventory.tooltip.BelowOrAboveWidgetTooltipPositioner
class_8	NodeEvaluator	net.minecraft.world.level.pathfinder.NodeEvaluator
class_8000	ClientTooltipPositioner	net.minecraft.client.gui.screens.inventory.tooltip.ClientTooltipPositioner
class_8001	DefaultTooltipPositioner	net.minecraft.client.gui.screens.inventory.tooltip.DefaultTooltipPositioner
class_8002	TooltipRenderUtil	net.minecraft.client.gui.screens.inventory.tooltip.TooltipRenderUtil
class_8004	OptionsAmbientOcclusionFix	net.minecraft.util.datafix.fixes.OptionsAmbientOcclusionFix
class_8005	AdvancementVisibilityEvaluator	net.minecraft.server.advancements.AdvancementVisibilityEvaluator
class_8008	package-info	net.minecraft.server.advancements.package-info
class_801	ItemModelGenerator	net.minecraft.client.renderer.block.model.ItemModelGenerator
class_8011	RideCommand	net.minecraft.server.commands.RideCommand
class_8012	CommonColors	net.minecraft.util.CommonColors
class_8013	SegmentedAnglePrecision	net.minecraft.util.SegmentedAnglePrecision
class_8014	OptionsAccessibilityOnboardFix	net.minecraft.util.datafix.fixes.OptionsAccessibilityOnboardFix
class_8015	InputType	net.minecraft.client.InputType
class_8016	ComponentPath	net.minecraft.client.gui.ComponentPath
class_8019	AccessibilityOnboardingTextWidget	net.minecraft.client.gui.components.AccessibilityOnboardingTextWidget
class_8020	LogoRenderer	net.minecraft.client.gui.components.LogoRenderer
class_8021	LayoutElement	net.minecraft.client.gui.layouts.LayoutElement
class_8022	package-info	net.minecraft.client.gui.layouts.package-info
class_8023	FocusNavigationEvent	net.minecraft.client.gui.navigation.FocusNavigationEvent
class_8027	ScreenAxis	net.minecraft.client.gui.navigation.ScreenAxis
class_8028	ScreenDirection	net.minecraft.client.gui.navigation.ScreenDirection
class_8029	ScreenPosition	net.minecraft.client.gui.navigation.ScreenPosition
class_8030	ScreenRectangle	net.minecraft.client.gui.navigation.ScreenRectangle
class_8031	package-info	net.minecraft.client.gui.navigation.package-info
class_8032	AccessibilityOnboardingScreen	net.minecraft.client.gui.screens.AccessibilityOnboardingScreen
class_8035	PacketBundlePacker	net.minecraft.network.PacketBundlePacker
class_8036	PacketBundleUnpacker	net.minecraft.network.PacketBundleUnpacker
class_8037	BundleDelimiterPacket	net.minecraft.network.protocol.BundleDelimiterPacket
class_8038	BundlePacket	net.minecraft.network.protocol.BundlePacket
class_8039	BundlerInfo	net.minecraft.network.protocol.BundlerInfo
class_804	ItemTransform	net.minecraft.client.renderer.block.model.ItemTransform
class_8042	ClientboundBundlePacket	net.minecraft.network.protocol.game.ClientboundBundlePacket
class_8043	ClientboundHurtAnimationPacket	net.minecraft.network.protocol.game.ClientboundHurtAnimationPacket
class_8044	SpawnArmorTrimsCommand	net.minecraft.server.commands.SpawnArmorTrimsCommand
class_8046	TraceableEntity	net.minecraft.world.entity.TraceableEntity
class_8047	ItemCombinerMenuSlotDefinition	net.minecraft.world.inventory.ItemCombinerMenuSlotDefinition
class_8052	SmithingTemplateItem	net.minecraft.world.item.SmithingTemplateItem
class_8053	ArmorTrim	net.minecraft.world.item.armortrim.ArmorTrim
class_8054	TrimMaterial	net.minecraft.world.item.armortrim.TrimMaterial
class_8055	TrimMaterials	net.minecraft.world.item.armortrim.TrimMaterials
class_8056	TrimPattern	net.minecraft.world.item.armortrim.TrimPattern
class_8057	TrimPatterns	net.minecraft.world.item.armortrim.TrimPatterns
class_8058	package-info	net.minecraft.world.item.armortrim.package-info
class_8059	SmithingRecipe	net.minecraft.world.item.crafting.SmithingRecipe
class_806	ItemOverrides	net.minecraft.client.renderer.block.model.ItemOverrides
class_8060	SmithingTransformRecipe	net.minecraft.world.item.crafting.SmithingTransformRecipe
class_8062	SmithingTrimRecipe	net.minecraft.world.item.crafting.SmithingTrimRecipe
class_8064	CyclingSlotBackground	net.minecraft.client.gui.screens.inventory.CyclingSlotBackground
class_8066	PalettedPermutations	net.minecraft.client.renderer.texture.atlas.sources.PalettedPermutations
class_807	MultiVariant	net.minecraft.client.renderer.block.model.MultiVariant
class_8074	SmithingTransformRecipeBuilder	net.minecraft.data.recipes.SmithingTransformRecipeBuilder
class_8076	SmithingTrimRecipeBuilder	net.minecraft.data.recipes.SmithingTrimRecipeBuilder
class_8079	EffectDurationFix	net.minecraft.util.datafix.fixes.EffectDurationFix
class_8080	WalkAnimationState	net.minecraft.world.entity.WalkAnimationState
class_8082	CommonButtons	net.minecraft.client.gui.components.CommonButtons
class_8083	TabOrderedElement	net.minecraft.client.gui.components.TabOrderedElement
class_8084	TextAndImageButton	net.minecraft.client.gui.components.TextAndImageButton
class_8086	GridLayoutTab	net.minecraft.client.gui.components.tabs.GridLayoutTab
class_8087	Tab	net.minecraft.client.gui.components.tabs.Tab
class_8088	TabManager	net.minecraft.client.gui.components.tabs.TabManager
class_8089	TabNavigationBar	net.minecraft.client.gui.components.tabs.TabNavigationBar
class_809	ItemTransforms	net.minecraft.client.renderer.block.model.ItemTransforms
class_8091	package-info	net.minecraft.client.gui.components.tabs.package-info
class_8092	MenuTooltipPositioner	net.minecraft.client.gui.screens.inventory.tooltip.MenuTooltipPositioner
class_8096	SwitchGrid	net.minecraft.client.gui.screens.worldselection.SwitchGrid
class_8100	WorldCreationUiState	net.minecraft.client.gui.screens.worldselection.WorldCreationUiState
class_8102	DamageCommand	net.minecraft.server.commands.DamageCommand
class_8103	DamageTypeTags	net.minecraft.tags.DamageTypeTags
class_8104	Brightness	net.minecraft.util.Brightness
class_8105	SingleKeyCache	net.minecraft.util.SingleKeyCache
class_8106	V3325	net.minecraft.util.datafix.schemas.V3325
class_8107	DamageEffects	net.minecraft.world.damagesource.DamageEffects
class_8108	DamageScaling	net.minecraft.world.damagesource.DamageScaling
class_8109	DamageSources	net.minecraft.world.damagesource.DamageSources
class_811	ItemDisplayContext	net.minecraft.world.item.ItemDisplayContext
class_8110	DamageType	net.minecraft.world.damagesource.DamageType
class_8111	DamageTypes	net.minecraft.world.damagesource.DamageTypes
class_8112	DeathMessageType	net.minecraft.world.damagesource.DeathMessageType
class_8113	Display	net.minecraft.world.entity.Display
class_812	AndCondition	net.minecraft.client.renderer.block.model.multipart.AndCondition
class_8129	TagPredicate	net.minecraft.advancements.critereon.TagPredicate
class_813	Variant	net.minecraft.client.renderer.block.model.Variant
class_8130	AbstractStringWidget	net.minecraft.client.gui.components.AbstractStringWidget
class_8132	HeaderAndFooterLayout	net.minecraft.client.gui.layouts.HeaderAndFooterLayout
class_8133	Layout	net.minecraft.client.gui.layouts.Layout
class_8134	ExperimentsScreen	net.minecraft.client.gui.screens.worldselection.ExperimentsScreen
class_8136	HumanoidArmorModel	net.minecraft.client.model.HumanoidArmorModel
class_8138	DisplayRenderer	net.minecraft.client.renderer.entity.DisplayRenderer
class_8142	DamageTypeTagsProvider	net.minecraft.data.tags.DamageTypeTagsProvider
class_8143	ClientboundDamageEventPacket	net.minecraft.network.protocol.game.ClientboundDamageEventPacket
class_8144	Optionull	net.minecraft.Optionull
class_8146	V3326	net.minecraft.util.datafix.schemas.V3326
class_8147	V3327	net.minecraft.util.datafix.schemas.V3327
class_8148	V3328	net.minecraft.util.datafix.schemas.V3328
class_8149	Attackable	net.minecraft.world.entity.Attackable
class_815	Condition	net.minecraft.client.renderer.block.model.multipart.Condition
class_8150	Interaction	net.minecraft.world.entity.Interaction
class_8152	Targeting	net.minecraft.world.entity.Targeting
class_8153	Sniffer	net.minecraft.world.entity.animal.sniffer.Sniffer
class_8155	SnifferAi	net.minecraft.world.entity.animal.sniffer.SnifferAi
class_816	MultiPart	net.minecraft.client.renderer.block.model.multipart.MultiPart
class_8162	BrushItem	net.minecraft.world.item.BrushItem
class_8164	DecoratedPotRecipe	net.minecraft.world.item.crafting.DecoratedPotRecipe
class_8167	CherryLeavesBlock	net.minecraft.world.level.block.CherryLeavesBlock
class_8168	DecoratedPotBlock	net.minecraft.world.level.block.DecoratedPotBlock
class_8169	PinkPetalsBlock	net.minecraft.world.level.block.PinkPetalsBlock
class_8170	BrushableBlock	net.minecraft.world.level.block.BrushableBlock
class_8171	TorchflowerCropBlock	net.minecraft.world.level.block.TorchflowerCropBlock
class_8172	DecoratedPotBlockEntity	net.minecraft.world.level.block.entity.DecoratedPotBlockEntity
class_8173	DecoratedPotPatterns	net.minecraft.world.level.block.entity.DecoratedPotPatterns
class_8174	BrushableBlockEntity	net.minecraft.world.level.block.entity.BrushableBlockEntity
class_8175	CherryTreeGrower	net.minecraft.world.level.block.grower.CherryTreeGrower
class_8177	BlockSetType	net.minecraft.world.level.block.state.properties.BlockSetType
class_8178	CherryFoliagePlacer	net.minecraft.world.level.levelgen.feature.foliageplacers.CherryFoliagePlacer
class_818	KeyValueCondition	net.minecraft.client.renderer.block.model.multipart.KeyValueCondition
class_8180	CherryTrunkPlacer	net.minecraft.world.level.levelgen.feature.trunkplacers.CherryTrunkPlacer
class_8181	ContainerSingleItem	net.minecraft.world.ticks.ContainerSingleItem
class_8182	SnifferAnimation	net.minecraft.client.animation.definitions.SnifferAnimation
class_8184	AgeableHierarchicalModel	net.minecraft.client.model.AgeableHierarchicalModel
class_8185	SnifferModel	net.minecraft.client.model.SnifferModel
class_8186	BanReason	net.minecraft.client.multiplayer.chat.report.BanReason
class_8188	DecoratedPotRenderer	net.minecraft.client.renderer.blockentity.DecoratedPotRenderer
class_8189	BrushableBlockRenderer	net.minecraft.client.renderer.blockentity.BrushableBlockRenderer
class_819	Selector	net.minecraft.client.renderer.block.model.multipart.Selector
class_8190	SnifferRenderer	net.minecraft.client.renderer.entity.SnifferRenderer
class_8191	SnifferSoundInstance	net.minecraft.client.resources.sounds.SnifferSoundInstance
class_8197	MultiNoiseBiomeSourceParameterList	net.minecraft.world.level.biome.MultiNoiseBiomeSourceParameterList
class_8198	MultiNoiseBiomeSourceParameterLists	net.minecraft.world.level.biome.MultiNoiseBiomeSourceParameterLists
class_8199	HeightmapTypeArgument	net.minecraft.commands.arguments.HeightmapTypeArgument
class_82	LootPoolEntry	net.minecraft.world.level.storage.loot.entries.LootPoolEntry
class_8204	RealmsNotification	com.mojang.realmsclient.dto.RealmsNotification
class_8206	RealmsText	com.mojang.realmsclient.dto.RealmsText
class_8208	ImageWidget	net.minecraft.client.gui.components.ImageWidget
class_8209	TabButton	net.minecraft.client.gui.components.TabButton
class_821	OrCondition	net.minecraft.client.renderer.block.model.multipart.OrCondition
class_8212	ClientboundChunksBiomesPacket	net.minecraft.network.protocol.game.ClientboundChunksBiomesPacket
class_8215	Dumpable	net.minecraft.client.renderer.texture.Dumpable
class_8216	CommonLinks	net.minecraft.util.CommonLinks
class_8218	GivensParameters	com.mojang.math.GivensParameters
class_8219	CreditsAndAttributionScreen	net.minecraft.client.gui.screens.CreditsAndAttributionScreen
class_822	BeaconRenderer	net.minecraft.client.renderer.blockentity.BeaconRenderer
class_8220	BlockEntityRenameFix	net.minecraft.util.datafix.fixes.BlockEntityRenameFix
class_8221	BlockEntitySignDoubleSidedEditableTextFix	net.minecraft.util.datafix.fixes.BlockEntitySignDoubleSidedEditableTextFix
class_8222	EntityBrushableBlockFieldsRenameFix	net.minecraft.util.datafix.fixes.EntityBrushableBlockFieldsRenameFix
class_8223	FeatureFlagRemoveFix	net.minecraft.util.datafix.fixes.FeatureFlagRemoveFix
class_8224	V3438	net.minecraft.util.datafix.schemas.V3438
class_823	BannerRenderer	net.minecraft.client.renderer.blockentity.BannerRenderer
class_8232	GlowInkSacItem	net.minecraft.world.item.GlowInkSacItem
class_8233	InkSacItem	net.minecraft.world.item.InkSacItem
class_8234	SignApplicator	net.minecraft.world.item.SignApplicator
class_8235	SignalGetter	net.minecraft.world.level.SignalGetter
class_8236	CalibratedSculkSensorBlock	net.minecraft.world.level.block.CalibratedSculkSensorBlock
class_8237	PitcherCropBlock	net.minecraft.world.level.block.PitcherCropBlock
class_8238	SnifferEggBlock	net.minecraft.world.level.block.SnifferEggBlock
class_8239	CalibratedSculkSensorBlockEntity	net.minecraft.world.level.block.entity.CalibratedSculkSensorBlockEntity
class_824	BlockEntityRenderDispatcher	net.minecraft.client.renderer.blockentity.BlockEntityRenderDispatcher
class_8242	SignText	net.minecraft.world.level.block.entity.SignText
class_8243	CappedProcessor	net.minecraft.world.level.levelgen.structure.templatesystem.CappedProcessor
class_8244	AppendLoot	net.minecraft.world.level.levelgen.structure.templatesystem.rule.blockentity.AppendLoot
class_8245	AppendStatic	net.minecraft.world.level.levelgen.structure.templatesystem.rule.blockentity.AppendStatic
class_8246	Clear	net.minecraft.world.level.levelgen.structure.templatesystem.rule.blockentity.Clear
class_8247	Passthrough	net.minecraft.world.level.levelgen.structure.templatesystem.rule.blockentity.Passthrough
class_8248	RuleBlockEntityModifier	net.minecraft.world.level.levelgen.structure.templatesystem.rule.blockentity.RuleBlockEntityModifier
class_8249	RuleBlockEntityModifierType	net.minecraft.world.level.levelgen.structure.templatesystem.rule.blockentity.RuleBlockEntityModifierType
class_825	BedRenderer	net.minecraft.client.renderer.blockentity.BedRenderer
class_8250	package-info	net.minecraft.world.level.levelgen.structure.templatesystem.rule.blockentity.package-info
class_8251	VertexSorting	com.mojang.blaze3d.vertex.VertexSorting
class_8253	CherryParticle	net.minecraft.client.particle.CherryParticle
class_8255	VanillaArchaeologyLoot	net.minecraft.data.loot.packs.VanillaArchaeologyLoot
class_8256	TrailRuinsStructurePools	net.minecraft.data.worldgen.TrailRuinsStructurePools
class_8257	LeveledPriorityQueue	net.minecraft.world.level.lighting.LeveledPriorityQueue
class_826	ChestRenderer	net.minecraft.client.renderer.blockentity.ChestRenderer
class_827	BlockEntityRenderer	net.minecraft.client.renderer.blockentity.BlockEntityRenderer
class_828	EnchantTableRenderer	net.minecraft.client.renderer.blockentity.EnchantTableRenderer
class_829	ConduitRenderer	net.minecraft.client.renderer.blockentity.ConduitRenderer
class_83	LootTableReference	net.minecraft.world.level.storage.loot.entries.LootTableReference
class_834	ShulkerBoxRenderer	net.minecraft.client.renderer.blockentity.ShulkerBoxRenderer
class_835	PistonHeadRenderer	net.minecraft.client.renderer.blockentity.PistonHeadRenderer
class_836	SkullBlockRenderer	net.minecraft.client.renderer.blockentity.SkullBlockRenderer
class_837	SignRenderer	net.minecraft.client.renderer.blockentity.SignRenderer
class_838	StructureBlockRenderer	net.minecraft.client.renderer.blockentity.StructureBlockRenderer
class_839	SpawnerRenderer	net.minecraft.client.renderer.blockentity.SpawnerRenderer
class_840	TheEndPortalRenderer	net.minecraft.client.renderer.blockentity.TheEndPortalRenderer
class_841	TheEndGatewayRenderer	net.minecraft.client.renderer.blockentity.TheEndGatewayRenderer
class_846	ChunkRenderDispatcher	net.minecraft.client.renderer.chunk.ChunkRenderDispatcher
class_8488	LootDataId	net.minecraft.world.level.storage.loot.LootDataId
class_8489	LootDataResolver	net.minecraft.world.level.storage.loot.LootDataResolver
class_8490	LootDataType	net.minecraft.world.level.storage.loot.LootDataType
class_8492	FunctionReference	net.minecraft.world.level.storage.loot.functions.FunctionReference
class_8494	CommonInputs	net.minecraft.client.gui.navigation.CommonInputs
class_8496	QuickPlay	net.minecraft.client.quickplay.QuickPlay
class_8497	QuickPlayLog	net.minecraft.client.quickplay.QuickPlayLog
class_85	LootPoolSingletonContainer	net.minecraft.world.level.storage.loot.entries.LootPoolSingletonContainer
class_8501	package-info	net.minecraft.client.quickplay.package-info
class_8503	ReturnCommand	net.minecraft.server.commands.ReturnCommand
class_8504	DecoratedPotFieldRenameFix	net.minecraft.util.datafix.fixes.DecoratedPotFieldRenameFix
class_8505	RemapChunkStatusFix	net.minecraft.util.datafix.fixes.RemapChunkStatusFix
class_8506	V3448	net.minecraft.util.datafix.schemas.V3448
class_8508	RecipeCraftedTrigger	net.minecraft.advancements.critereon.RecipeCraftedTrigger
class_8514	VibrationSystem	net.minecraft.world.level.gameevent.vibrations.VibrationSystem
class_8518	IconSet	com.mojang.blaze3d.platform.IconSet
class_8519	SplashRenderer	net.minecraft.client.gui.components.SplashRenderer
class_852	VisGraph	net.minecraft.client.renderer.chunk.VisGraph
class_8520	LightSectionDebugRenderer	net.minecraft.client.renderer.debug.LightSectionDebugRenderer
class_8523	DependencySorter	net.minecraft.util.DependencySorter
class_8525	ChunkDeleteLightFix	net.minecraft.util.datafix.fixes.ChunkDeleteLightFix
class_8527	LightChunk	net.minecraft.world.level.chunk.LightChunk
class_8528	ChunkSkyLightSources	net.minecraft.world.level.lighting.ChunkSkyLightSources
class_853	RenderChunkRegion	net.minecraft.client.renderer.chunk.RenderChunkRegion
class_8532	CodepointMap	net.minecraft.client.gui.font.CodepointMap
class_8538	GlyphRenderTypes	net.minecraft.client.gui.font.GlyphRenderTypes
class_854	VisibilitySet	net.minecraft.client.renderer.chunk.VisibilitySet
class_8541	ProviderReferenceDefinition	net.minecraft.client.gui.font.providers.ProviderReferenceDefinition
class_8548	AllOfCondition	net.minecraft.world.level.storage.loot.predicates.AllOfCondition
class_8551	AnyOfCondition	net.minecraft.world.level.storage.loot.predicates.AnyOfCondition
class_8557	TrueTypeGlyphProviderDefinition	net.minecraft.client.gui.font.providers.TrueTypeGlyphProviderDefinition
class_8560	SupportBlockRenderer	net.minecraft.client.renderer.debug.SupportBlockRenderer
class_8561	GameLoadTimesEvent	net.minecraft.client.telemetry.events.GameLoadTimesEvent
class_8563	ChunkLevel	net.minecraft.server.level.ChunkLevel
class_8564	RandomSequence	net.minecraft.world.RandomSequence
class_8565	RandomSequences	net.minecraft.world.RandomSequences
class_8566	CraftingContainer	net.minecraft.world.inventory.CraftingContainer
class_8567	LootParams	net.minecraft.world.level.storage.loot.LootParams
class_8572	FallLocation	net.minecraft.world.damagesource.FallLocation
class_8573	FaviconTexture	net.minecraft.client.gui.screens.FaviconTexture
class_8574	EquipableCarvedPumpkinBlock	net.minecraft.world.level.block.EquipableCarvedPumpkinBlock
class_8575	LegacyDragonFightFix	net.minecraft.util.datafix.fixes.LegacyDragonFightFix
class_8577	FittingMultiLineTextWidget	net.minecraft.client.gui.components.FittingMultiLineTextWidget
class_8579	ContentValidationException	net.minecraft.world.level.validation.ContentValidationException
class_8580	DirectoryValidator	net.minecraft.world.level.validation.DirectoryValidator
class_8581	ForbiddenSymlinkInfo	net.minecraft.world.level.validation.ForbiddenSymlinkInfo
class_8582	PathAllowList	net.minecraft.world.level.validation.PathAllowList
class_8585	package-info	net.minecraft.world.level.validation.package-info
class_8586	SymlinkWarningScreen	net.minecraft.client.gui.screens.SymlinkWarningScreen
class_860	ChunkDebugRenderer	net.minecraft.client.renderer.debug.ChunkDebugRenderer
class_862	ChunkBorderRenderer	net.minecraft.client.renderer.debug.ChunkBorderRenderer
class_863	DebugRenderer	net.minecraft.client.renderer.debug.DebugRenderer
class_865	CollisionBoxRenderer	net.minecraft.client.renderer.debug.CollisionBoxRenderer
class_866	LightDebugRenderer	net.minecraft.client.renderer.debug.LightDebugRenderer
class_867	HeightMapRenderer	net.minecraft.client.renderer.debug.HeightMapRenderer
class_868	PathfindingRenderer	net.minecraft.client.renderer.debug.PathfindingRenderer
class_869	NeighborsUpdateRenderer	net.minecraft.client.renderer.debug.NeighborsUpdateRenderer
class_870	StructureRenderer	net.minecraft.client.renderer.debug.StructureRenderer
class_871	SolidFaceRenderer	net.minecraft.client.renderer.debug.SolidFaceRenderer
class_872	WaterDebugRenderer	net.minecraft.client.renderer.debug.WaterDebugRenderer
class_873	WorldGenAttemptRenderer	net.minecraft.client.renderer.debug.WorldGenAttemptRenderer
class_875	AbstractHorseRenderer	net.minecraft.client.renderer.entity.AbstractHorseRenderer
class_876	ArrowRenderer	net.minecraft.client.renderer.entity.ArrowRenderer
class_877	ArmorStandRenderer	net.minecraft.client.renderer.entity.ArmorStandRenderer
class_878	BlazeRenderer	net.minecraft.client.renderer.entity.BlazeRenderer
class_879	BatRenderer	net.minecraft.client.renderer.entity.BatRenderer
class_880	CaveSpiderRenderer	net.minecraft.client.renderer.entity.CaveSpiderRenderer
class_881	BoatRenderer	net.minecraft.client.renderer.entity.BoatRenderer
class_882	ChickenRenderer	net.minecraft.client.renderer.entity.ChickenRenderer
class_883	ChestedHorseRenderer	net.minecraft.client.renderer.entity.ChestedHorseRenderer
class_884	CowRenderer	net.minecraft.client.renderer.entity.CowRenderer
class_885	CodRenderer	net.minecraft.client.renderer.entity.CodRenderer
class_887	CreeperRenderer	net.minecraft.client.renderer.entity.CreeperRenderer
class_888	DolphinRenderer	net.minecraft.client.renderer.entity.DolphinRenderer
class_889	DolphinModel	net.minecraft.client.model.DolphinModel
class_890	DrownedRenderer	net.minecraft.client.renderer.entity.DrownedRenderer
class_891	DragonFireballRenderer	net.minecraft.client.renderer.entity.DragonFireballRenderer
class_892	EndCrystalRenderer	net.minecraft.client.renderer.entity.EndCrystalRenderer
class_893	ElderGuardianRenderer	net.minecraft.client.renderer.entity.ElderGuardianRenderer
class_894	EndermanRenderer	net.minecraft.client.renderer.entity.EndermanRenderer
class_895	EnderDragonRenderer	net.minecraft.client.renderer.entity.EnderDragonRenderer
class_896	EndermiteRenderer	net.minecraft.client.renderer.entity.EndermiteRenderer
class_897	EntityRenderer	net.minecraft.client.renderer.entity.EntityRenderer
class_898	EntityRenderDispatcher	net.minecraft.client.renderer.entity.EntityRenderDispatcher
class_899	EvokerRenderer	net.minecraft.client.renderer.entity.EvokerRenderer
class_9	Node	net.minecraft.world.level.pathfinder.Node
class_900	EvokerFangsRenderer	net.minecraft.client.renderer.entity.EvokerFangsRenderer
class_901	FallingBlockRenderer	net.minecraft.client.renderer.entity.FallingBlockRenderer
class_902	ExperienceOrbRenderer	net.minecraft.client.renderer.entity.ExperienceOrbRenderer
class_903	FireworkEntityRenderer	net.minecraft.client.renderer.entity.FireworkEntityRenderer
class_905	GhastRenderer	net.minecraft.client.renderer.entity.GhastRenderer
class_906	FishingHookRenderer	net.minecraft.client.renderer.entity.FishingHookRenderer
class_907	GuardianRenderer	net.minecraft.client.renderer.entity.GuardianRenderer
class_908	GiantMobRenderer	net.minecraft.client.renderer.entity.GiantMobRenderer
class_909	HumanoidMobRenderer	net.minecraft.client.renderer.entity.HumanoidMobRenderer
class_91	TagEntry	net.minecraft.world.level.storage.loot.entries.TagEntry
class_910	HorseRenderer	net.minecraft.client.renderer.entity.HorseRenderer
class_911	RavagerRenderer	net.minecraft.client.renderer.entity.RavagerRenderer
class_912	HuskRenderer	net.minecraft.client.renderer.entity.HuskRenderer
class_913	IronGolemRenderer	net.minecraft.client.renderer.entity.IronGolemRenderer
class_914	IllusionerRenderer	net.minecraft.client.renderer.entity.IllusionerRenderer
class_915	ItemFrameRenderer	net.minecraft.client.renderer.entity.ItemFrameRenderer
class_916	ItemEntityRenderer	net.minecraft.client.renderer.entity.ItemEntityRenderer
class_917	MagmaCubeRenderer	net.minecraft.client.renderer.entity.MagmaCubeRenderer
class_918	ItemRenderer	net.minecraft.client.renderer.entity.ItemRenderer
class_919	LightningBoltRenderer	net.minecraft.client.renderer.entity.LightningBoltRenderer
class_920	LeashKnotRenderer	net.minecraft.client.renderer.entity.LeashKnotRenderer
class_921	LlamaRenderer	net.minecraft.client.renderer.entity.LlamaRenderer
class_922	LivingEntityRenderer	net.minecraft.client.renderer.entity.LivingEntityRenderer
class_923	LlamaSpitRenderer	net.minecraft.client.renderer.entity.LlamaSpitRenderer
class_925	MinecartRenderer	net.minecraft.client.renderer.entity.MinecartRenderer
class_926	MushroomCowRenderer	net.minecraft.client.renderer.entity.MushroomCowRenderer
class_927	MobRenderer	net.minecraft.client.renderer.entity.MobRenderer
class_928	PaintingRenderer	net.minecraft.client.renderer.entity.PaintingRenderer
class_929	CatRenderer	net.minecraft.client.renderer.entity.CatRenderer
class_93	EntryGroup	net.minecraft.world.level.storage.loot.entries.EntryGroup
class_930	ParrotRenderer	net.minecraft.client.renderer.entity.ParrotRenderer
class_931	PandaRenderer	net.minecraft.client.renderer.entity.PandaRenderer
class_932	PigRenderer	net.minecraft.client.renderer.entity.PigRenderer
class_933	PhantomRenderer	net.minecraft.client.renderer.entity.PhantomRenderer
class_934	PillagerRenderer	net.minecraft.client.renderer.entity.PillagerRenderer
class_936	PufferfishRenderer	net.minecraft.client.renderer.entity.PufferfishRenderer
class_937	PolarBearRenderer	net.minecraft.client.renderer.entity.PolarBearRenderer
class_938	SalmonRenderer	net.minecraft.client.renderer.entity.SalmonRenderer
class_939	RabbitRenderer	net.minecraft.client.renderer.entity.RabbitRenderer
class_94	ApplyBonusCount	net.minecraft.world.level.storage.loot.functions.ApplyBonusCount
class_940	ShulkerBulletRenderer	net.minecraft.client.renderer.entity.ShulkerBulletRenderer
class_941	SheepRenderer	net.minecraft.client.renderer.entity.SheepRenderer
class_942	SilverfishRenderer	net.minecraft.client.renderer.entity.SilverfishRenderer
class_943	ShulkerRenderer	net.minecraft.client.renderer.entity.ShulkerRenderer
class_944	ShulkerHeadLayer	net.minecraft.client.renderer.entity.layers.ShulkerHeadLayer
class_945	SlimeRenderer	net.minecraft.client.renderer.entity.SlimeRenderer
class_946	SkeletonRenderer	net.minecraft.client.renderer.entity.SkeletonRenderer
class_947	SpectralArrowRenderer	net.minecraft.client.renderer.entity.SpectralArrowRenderer
class_948	SnowGolemRenderer	net.minecraft.client.renderer.entity.SnowGolemRenderer
class_949	SpiderRenderer	net.minecraft.client.renderer.entity.SpiderRenderer
class_950	StrayRenderer	net.minecraft.client.renderer.entity.StrayRenderer
class_951	SquidRenderer	net.minecraft.client.renderer.entity.SquidRenderer
class_953	ThrownItemRenderer	net.minecraft.client.renderer.entity.ThrownItemRenderer
class_954	TippableArrowRenderer	net.minecraft.client.renderer.entity.TippableArrowRenderer
class_955	ThrownTridentRenderer	net.minecraft.client.renderer.entity.ThrownTridentRenderer
class_956	TntRenderer	net.minecraft.client.renderer.entity.TntRenderer
class_957	TntMinecartRenderer	net.minecraft.client.renderer.entity.TntMinecartRenderer
class_958	TurtleRenderer	net.minecraft.client.renderer.entity.TurtleRenderer
class_959	TropicalFishRenderer	net.minecraft.client.renderer.entity.TropicalFishRenderer
class_960	VexRenderer	net.minecraft.client.renderer.entity.VexRenderer
class_961	UndeadHorseRenderer	net.minecraft.client.renderer.entity.UndeadHorseRenderer
class_962	VindicatorRenderer	net.minecraft.client.renderer.entity.VindicatorRenderer
class_963	VillagerRenderer	net.minecraft.client.renderer.entity.VillagerRenderer
class_964	WitherBossRenderer	net.minecraft.client.renderer.entity.WitherBossRenderer
class_965	WitchRenderer	net.minecraft.client.renderer.entity.WitchRenderer
class_966	WitherSkullRenderer	net.minecraft.client.renderer.entity.WitherSkullRenderer
class_967	WitherSkeletonRenderer	net.minecraft.client.renderer.entity.WitherSkeletonRenderer
class_968	AbstractZombieRenderer	net.minecraft.client.renderer.entity.AbstractZombieRenderer
class_969	WolfRenderer	net.minecraft.client.renderer.entity.WolfRenderer
class_970	HumanoidArmorLayer	net.minecraft.client.renderer.entity.layers.HumanoidArmorLayer
class_971	ZombieVillagerRenderer	net.minecraft.client.renderer.entity.ZombieVillagerRenderer
class_972	CapeLayer	net.minecraft.client.renderer.entity.layers.CapeLayer
class_973	ArrowLayer	net.minecraft.client.renderer.entity.layers.ArrowLayer
class_974	CreeperPowerLayer	net.minecraft.client.renderer.entity.layers.CreeperPowerLayer
class_975	CarriedBlockLayer	net.minecraft.client.renderer.entity.layers.CarriedBlockLayer
class_976	CustomHeadLayer	net.minecraft.client.renderer.entity.layers.CustomHeadLayer
class_977	DolphinCarryingItemLayer	net.minecraft.client.renderer.entity.layers.DolphinCarryingItemLayer
class_978	Deadmau5EarsLayer	net.minecraft.client.renderer.entity.layers.Deadmau5EarsLayer
class_979	ElytraLayer	net.minecraft.client.renderer.entity.layers.ElytraLayer
class_980	DrownedOuterLayer	net.minecraft.client.renderer.entity.layers.DrownedOuterLayer
class_983	ParrotOnShoulderLayer	net.minecraft.client.renderer.entity.layers.ParrotOnShoulderLayer
class_985	EnderEyesLayer	net.minecraft.client.renderer.entity.layers.EnderEyesLayer
class_986	IronGolemFlowerLayer	net.minecraft.client.renderer.entity.layers.IronGolemFlowerLayer
class_988	LlamaDecorLayer	net.minecraft.client.renderer.entity.layers.LlamaDecorLayer
class_989	ItemInHandLayer	net.minecraft.client.renderer.entity.layers.ItemInHandLayer
class_990	PandaHoldsItemLayer	net.minecraft.client.renderer.entity.layers.PandaHoldsItemLayer
class_991	MushroomCowMushroomLayer	net.minecraft.client.renderer.entity.layers.MushroomCowMushroomLayer
class_992	SaddleLayer	net.minecraft.client.renderer.entity.layers.SaddleLayer
class_993	PhantomEyesLayer	net.minecraft.client.renderer.entity.layers.PhantomEyesLayer
class_994	SheepFurLayer	net.minecraft.client.renderer.entity.layers.SheepFurLayer
class_996	SnowGolemHeadLayer	net.minecraft.client.renderer.entity.layers.SnowGolemHeadLayer
class_997	SlimeOuterLayer	net.minecraft.client.renderer.entity.layers.SlimeOuterLayer
class_998	SpinAttackEffectLayer	net.minecraft.client.renderer.entity.layers.SpinAttackEffectLayer
