com/mojang/blaze3d/platform/GlStateManager$class_1017	com/mojang/blaze3d/platform/GlStateManager$BlendState
com/mojang/blaze3d/platform/GlStateManager$class_1018	com/mojang/blaze3d/platform/GlStateManager$BooleanState
com/mojang/blaze3d/platform/GlStateManager$class_1021	com/mojang/blaze3d/platform/GlStateManager$ColorLogicState
com/mojang/blaze3d/platform/GlStateManager$class_1022	com/mojang/blaze3d/platform/GlStateManager$ColorMask
com/mojang/blaze3d/platform/GlStateManager$class_1025	com/mojang/blaze3d/platform/GlStateManager$CullState
com/mojang/blaze3d/platform/GlStateManager$class_1026	com/mojang/blaze3d/platform/GlStateManager$DepthState
com/mojang/blaze3d/platform/GlStateManager$class_1030	com/mojang/blaze3d/platform/GlStateManager$LogicOp
com/mojang/blaze3d/platform/GlStateManager$class_1031	com/mojang/blaze3d/platform/GlStateManager$PolygonOffsetState
com/mojang/blaze3d/platform/GlStateManager$class_1034	com/mojang/blaze3d/platform/GlStateManager$StencilFunc
com/mojang/blaze3d/platform/GlStateManager$class_1035	com/mojang/blaze3d/platform/GlStateManager$StencilState
com/mojang/blaze3d/platform/GlStateManager$class_1039	com/mojang/blaze3d/platform/GlStateManager$TextureState
com/mojang/blaze3d/platform/GlStateManager$class_1040	com/mojang/blaze3d/platform/GlStateManager$Viewport
com/mojang/blaze3d/platform/GlStateManager$class_4534	com/mojang/blaze3d/platform/GlStateManager$DestFactor
com/mojang/blaze3d/platform/GlStateManager$class_4535	com/mojang/blaze3d/platform/GlStateManager$SourceFactor
com/mojang/blaze3d/platform/GlStateManager$class_5518	com/mojang/blaze3d/platform/GlStateManager$ScissorState
com/mojang/blaze3d/systems/RenderSystem$class_5590	com/mojang/blaze3d/systems/RenderSystem$AutoStorageIndexBuffer
com/mojang/blaze3d/systems/RenderSystem$class_5590$class_5591	com/mojang/blaze3d/systems/RenderSystem$AutoStorageIndexBuffer$IndexGenerator
net/minecraft/class_10	net/minecraft/world/level/pathfinder/PathComputationType
net/minecraft/class_1000	net/minecraft/client/renderer/entity/layers/SpiderEyesLayer
net/minecraft/class_1001	net/minecraft/client/renderer/entity/layers/TropicalFishPatternLayer
net/minecraft/class_1001$1	net/minecraft/client/renderer/entity/layers/TropicalFishPatternLayer$1
net/minecraft/class_1002	net/minecraft/client/renderer/entity/layers/StrayClothingLayer
net/minecraft/class_1004	net/minecraft/client/renderer/entity/layers/WitherArmorLayer
net/minecraft/class_1005	net/minecraft/client/renderer/entity/layers/WitchItemLayer
net/minecraft/class_1006	net/minecraft/client/renderer/entity/layers/WolfCollarLayer
net/minecraft/class_1007	net/minecraft/client/renderer/entity/player/PlayerRenderer
net/minecraft/class_1008	com/mojang/blaze3d/platform/GlDebug
net/minecraft/class_1008$class_6359	com/mojang/blaze3d/platform/GlDebug$LogEntry
net/minecraft/class_101	net/minecraft/world/level/storage/loot/functions/CopyNameFunction
net/minecraft/class_101$class_102	net/minecraft/world/level/storage/loot/functions/CopyNameFunction$NameSource
net/minecraft/class_101$class_103	net/minecraft/world/level/storage/loot/functions/CopyNameFunction$Serializer
net/minecraft/class_1011	com/mojang/blaze3d/platform/NativeImage
net/minecraft/class_1011$class_1012	com/mojang/blaze3d/platform/NativeImage$Format
net/minecraft/class_1011$class_1013	com/mojang/blaze3d/platform/NativeImage$InternalGlFormat
net/minecraft/class_1011$class_1014	com/mojang/blaze3d/platform/NativeImage$WriteCallback
net/minecraft/class_104	net/minecraft/world/level/storage/loot/functions/ApplyExplosionDecay
net/minecraft/class_104$class_105	net/minecraft/world/level/storage/loot/functions/ApplyExplosionDecay$Serializer
net/minecraft/class_1041	com/mojang/blaze3d/platform/Window
net/minecraft/class_1041$class_4716	com/mojang/blaze3d/platform/Window$WindowInitFailed
net/minecraft/class_1043	net/minecraft/client/renderer/texture/DynamicTexture
net/minecraft/class_1044	net/minecraft/client/renderer/texture/AbstractTexture
net/minecraft/class_1046	net/minecraft/client/renderer/texture/HttpTexture
net/minecraft/class_1047	net/minecraft/client/renderer/texture/MissingTextureAtlasSprite
net/minecraft/class_1049	net/minecraft/client/renderer/texture/SimpleTexture
net/minecraft/class_1049$class_4006	net/minecraft/client/renderer/texture/SimpleTexture$TextureImage
net/minecraft/class_1054	net/minecraft/client/renderer/texture/StitcherException
net/minecraft/class_1055	net/minecraft/client/renderer/texture/Stitcher
net/minecraft/class_1055$class_1056	net/minecraft/client/renderer/texture/Stitcher$Holder
net/minecraft/class_1055$class_1057	net/minecraft/client/renderer/texture/Stitcher$Region
net/minecraft/class_1055$class_4726	net/minecraft/client/renderer/texture/Stitcher$SpriteLoader
net/minecraft/class_1055$class_7769	net/minecraft/client/renderer/texture/Stitcher$Entry
net/minecraft/class_1058	net/minecraft/client/renderer/texture/TextureAtlasSprite
net/minecraft/class_1058$1	net/minecraft/client/renderer/texture/TextureAtlasSprite$1
net/minecraft/class_1058$class_7770	net/minecraft/client/renderer/texture/TextureAtlasSprite$Ticker
net/minecraft/class_1059	net/minecraft/client/renderer/texture/TextureAtlas
net/minecraft/class_106	net/minecraft/world/level/storage/loot/functions/EnchantWithLevelsFunction
net/minecraft/class_106$class_107	net/minecraft/world/level/storage/loot/functions/EnchantWithLevelsFunction$Builder
net/minecraft/class_106$class_108	net/minecraft/world/level/storage/loot/functions/EnchantWithLevelsFunction$Serializer
net/minecraft/class_1060	net/minecraft/client/renderer/texture/TextureManager
net/minecraft/class_1061	net/minecraft/client/renderer/texture/Tickable
net/minecraft/class_1064	net/minecraft/client/resources/IndexedAssetSource
net/minecraft/class_1065	net/minecraft/client/resources/ClientPackSource
net/minecraft/class_1066	net/minecraft/client/resources/DownloadedPackSource
net/minecraft/class_1068	net/minecraft/client/resources/DefaultPlayerSkin
net/minecraft/class_1068$class_7920	net/minecraft/client/resources/DefaultPlayerSkin$ModelType
net/minecraft/class_1068$class_7921	net/minecraft/client/resources/DefaultPlayerSkin$SkinType
net/minecraft/class_1069	net/minecraft/client/resources/GrassColorReloadListener
net/minecraft/class_1070	net/minecraft/client/resources/FoliageColorReloadListener
net/minecraft/class_1071	net/minecraft/client/resources/SkinManager
net/minecraft/class_1071$1	net/minecraft/client/resources/SkinManager$1
net/minecraft/class_1071$2	net/minecraft/client/resources/SkinManager$2
net/minecraft/class_1071$class_1072	net/minecraft/client/resources/SkinManager$SkinTextureCallback
net/minecraft/class_1074	net/minecraft/client/resources/language/I18n
net/minecraft/class_1076	net/minecraft/client/resources/language/LanguageManager
net/minecraft/class_1077	net/minecraft/client/resources/language/LanguageInfo
net/minecraft/class_1078	net/minecraft/client/resources/language/ClientLanguage
net/minecraft/class_1079	net/minecraft/client/resources/metadata/animation/AnimationMetadataSection
net/minecraft/class_1079$1	net/minecraft/client/resources/metadata/animation/AnimationMetadataSection$1
net/minecraft/class_1079$class_5792	net/minecraft/client/resources/metadata/animation/AnimationMetadataSection$FrameOutput
net/minecraft/class_1080	net/minecraft/client/resources/metadata/animation/AnimationFrame
net/minecraft/class_1081	net/minecraft/client/resources/metadata/animation/AnimationMetadataSectionSerializer
net/minecraft/class_1082	net/minecraft/client/resources/metadata/language/LanguageMetadataSection
net/minecraft/class_1084	net/minecraft/client/resources/metadata/texture/TextureMetadataSection
net/minecraft/class_1085	net/minecraft/client/resources/metadata/texture/TextureMetadataSectionSerializer
net/minecraft/class_1086	net/minecraft/client/resources/model/BlockModelRotation
net/minecraft/class_1087	net/minecraft/client/resources/model/BakedModel
net/minecraft/class_1088	net/minecraft/client/resources/model/ModelBakery
net/minecraft/class_1088$class_1089	net/minecraft/client/resources/model/ModelBakery$BlockStateDefinitionException
net/minecraft/class_1088$class_4455	net/minecraft/client/resources/model/ModelBakery$ModelGroupKey
net/minecraft/class_1088$class_7776	net/minecraft/client/resources/model/ModelBakery$BakedCacheKey
net/minecraft/class_1088$class_7777	net/minecraft/client/resources/model/ModelBakery$LoadedJson
net/minecraft/class_1088$class_7778	net/minecraft/client/resources/model/ModelBakery$ModelBakerImpl
net/minecraft/class_109	net/minecraft/world/level/storage/loot/functions/EnchantRandomlyFunction
net/minecraft/class_109$class_110	net/minecraft/world/level/storage/loot/functions/EnchantRandomlyFunction$Serializer
net/minecraft/class_109$class_4954	net/minecraft/world/level/storage/loot/functions/EnchantRandomlyFunction$Builder
net/minecraft/class_1090	net/minecraft/client/resources/model/BuiltInModel
net/minecraft/class_1091	net/minecraft/client/resources/model/ModelResourceLocation
net/minecraft/class_1092	net/minecraft/client/resources/model/ModelManager
net/minecraft/class_1092$class_7779	net/minecraft/client/resources/model/ModelManager$ReloadState
net/minecraft/class_1093	net/minecraft/client/resources/model/SimpleBakedModel
net/minecraft/class_1093$class_1094	net/minecraft/client/resources/model/SimpleBakedModel$Builder
net/minecraft/class_1095	net/minecraft/client/resources/model/MultiPartBakedModel
net/minecraft/class_1095$class_1096	net/minecraft/client/resources/model/MultiPartBakedModel$Builder
net/minecraft/class_1097	net/minecraft/client/resources/model/WeightedBakedModel
net/minecraft/class_1097$class_1098	net/minecraft/client/resources/model/WeightedBakedModel$Builder
net/minecraft/class_11	net/minecraft/world/level/pathfinder/Path
net/minecraft/class_1100	net/minecraft/client/resources/model/UnbakedModel
net/minecraft/class_1101	net/minecraft/client/resources/sounds/AbstractTickableSoundInstance
net/minecraft/class_1102	net/minecraft/client/resources/sounds/AbstractSoundInstance
net/minecraft/class_1103	net/minecraft/client/resources/sounds/ElytraOnPlayerSoundInstance
net/minecraft/class_1104	net/minecraft/client/resources/sounds/AmbientSoundHandler
net/minecraft/class_1105	net/minecraft/client/resources/sounds/GuardianAttackSoundInstance
net/minecraft/class_1106	net/minecraft/client/resources/sounds/EntityBoundSoundInstance
net/minecraft/class_1107	net/minecraft/client/resources/sounds/RidingMinecartSoundInstance
net/minecraft/class_1108	net/minecraft/client/resources/sounds/MinecartSoundInstance
net/minecraft/class_1109	net/minecraft/client/resources/sounds/SimpleSoundInstance
net/minecraft/class_111	net/minecraft/world/level/storage/loot/functions/ExplorationMapFunction
net/minecraft/class_111$class_112	net/minecraft/world/level/storage/loot/functions/ExplorationMapFunction$Builder
net/minecraft/class_111$class_113	net/minecraft/world/level/storage/loot/functions/ExplorationMapFunction$Serializer
net/minecraft/class_1110	net/minecraft/client/resources/sounds/SoundEventRegistration
net/minecraft/class_1111	net/minecraft/client/resources/sounds/Sound
net/minecraft/class_1111$class_1112	net/minecraft/client/resources/sounds/Sound$Type
net/minecraft/class_1113	net/minecraft/client/resources/sounds/SoundInstance
net/minecraft/class_1113$class_1114	net/minecraft/client/resources/sounds/SoundInstance$Attenuation
net/minecraft/class_1115	net/minecraft/client/resources/sounds/SoundEventRegistrationSerializer
net/minecraft/class_1116	net/minecraft/client/resources/sounds/UnderwaterAmbientSoundHandler
net/minecraft/class_1117	net/minecraft/client/resources/sounds/TickableSoundInstance
net/minecraft/class_1118	net/minecraft/client/resources/sounds/UnderwaterAmbientSoundInstances
net/minecraft/class_1118$class_1119	net/minecraft/client/resources/sounds/UnderwaterAmbientSoundInstances$SubSound
net/minecraft/class_1118$class_1120	net/minecraft/client/resources/sounds/UnderwaterAmbientSoundInstances$UnderwaterAmbientSoundInstance
net/minecraft/class_1121	net/minecraft/client/searchtree/IdSearchTree
net/minecraft/class_1122	net/minecraft/client/searchtree/IntersectionIterator
net/minecraft/class_1123	net/minecraft/client/searchtree/RefreshableSearchTree
net/minecraft/class_1124	net/minecraft/client/searchtree/SearchRegistry
net/minecraft/class_1124$class_1125	net/minecraft/client/searchtree/SearchRegistry$Key
net/minecraft/class_1124$class_7456	net/minecraft/client/searchtree/SearchRegistry$TreeBuilderSupplier
net/minecraft/class_1124$class_7457	net/minecraft/client/searchtree/SearchRegistry$TreeEntry
net/minecraft/class_1126	net/minecraft/client/searchtree/FullTextSearchTree
net/minecraft/class_1127	net/minecraft/client/searchtree/MergingUniqueIterator
net/minecraft/class_1128	net/minecraft/client/searchtree/SuffixArray
net/minecraft/class_1129	net/minecraft/client/searchtree/SearchTree
net/minecraft/class_1130	net/minecraft/client/server/IntegratedPlayerList
net/minecraft/class_1131	net/minecraft/client/server/LanServer
net/minecraft/class_1132	net/minecraft/client/server/IntegratedServer
net/minecraft/class_1133	net/minecraft/client/server/LanServerPinger
net/minecraft/class_1134	net/minecraft/client/server/LanServerDetection
net/minecraft/class_1134$class_1135	net/minecraft/client/server/LanServerDetection$LanServerDetector
net/minecraft/class_1134$class_1136	net/minecraft/client/server/LanServerDetection$LanServerList
net/minecraft/class_114	net/minecraft/world/level/storage/loot/functions/LimitCount
net/minecraft/class_114$class_115	net/minecraft/world/level/storage/loot/functions/LimitCount$Serializer
net/minecraft/class_1140	net/minecraft/client/sounds/SoundEngine
net/minecraft/class_1140$class_6665	net/minecraft/client/sounds/SoundEngine$DeviceCheckState
net/minecraft/class_1142	net/minecraft/client/sounds/MusicManager
net/minecraft/class_1143	net/minecraft/sounds/Musics
net/minecraft/class_1144	net/minecraft/client/sounds/SoundManager
net/minecraft/class_1144$1	net/minecraft/client/sounds/SoundManager$1
net/minecraft/class_1144$2	net/minecraft/client/sounds/SoundManager$2
net/minecraft/class_1144$class_4009	net/minecraft/client/sounds/SoundManager$Preparations
net/minecraft/class_1144$class_4009$1	net/minecraft/client/sounds/SoundManager$Preparations$1
net/minecraft/class_1145	net/minecraft/client/sounds/SoundEventListener
net/minecraft/class_1146	net/minecraft/client/sounds/WeighedSoundEvents
net/minecraft/class_1148	net/minecraft/client/sounds/Weighted
net/minecraft/class_1149	net/minecraft/client/tutorial/CraftPlanksTutorialStep
net/minecraft/class_1150	net/minecraft/client/tutorial/CompletedTutorialStepInstance
net/minecraft/class_1151	net/minecraft/client/tutorial/MovementTutorialStepInstance
net/minecraft/class_1152	net/minecraft/client/tutorial/FindTreeTutorialStepInstance
net/minecraft/class_1153	net/minecraft/client/tutorial/PunchTreeTutorialStepInstance
net/minecraft/class_1154	net/minecraft/client/tutorial/OpenInventoryTutorialStep
net/minecraft/class_1155	net/minecraft/client/tutorial/TutorialStepInstance
net/minecraft/class_1156	net/minecraft/client/tutorial/Tutorial
net/minecraft/class_1156$class_5524	net/minecraft/client/tutorial/Tutorial$TimedToast
net/minecraft/class_1157	net/minecraft/client/tutorial/TutorialSteps
net/minecraft/class_116	net/minecraft/world/level/storage/loot/functions/FunctionUserBuilder
net/minecraft/class_1163	net/minecraft/client/renderer/BiomeColors
net/minecraft/class_1165	net/minecraft/util/datafix/fixes/EntityRedundantChanceTagsFix
net/minecraft/class_1166	net/minecraft/util/datafix/fixes/EntityRidingToPassengersFix
net/minecraft/class_1167	net/minecraft/util/datafix/fixes/EntityRenameFix
net/minecraft/class_1168	net/minecraft/util/datafix/fixes/EntitySkeletonSplitFix
net/minecraft/class_1169	net/minecraft/util/datafix/fixes/EntityShulkerColorFix
net/minecraft/class_117	net/minecraft/world/level/storage/loot/functions/LootItemFunction
net/minecraft/class_117$class_118	net/minecraft/world/level/storage/loot/functions/LootItemFunction$Builder
net/minecraft/class_1170	net/minecraft/util/datafix/fixes/EntityTheRenameningFix
net/minecraft/class_1171	net/minecraft/util/datafix/fixes/EntityStringUuidFix
net/minecraft/class_1172	net/minecraft/util/datafix/fixes/EntityWolfColorFix
net/minecraft/class_1173	net/minecraft/util/datafix/fixes/EntityTippedArrowFix
net/minecraft/class_1174	net/minecraft/util/datafix/fixes/EntityZombieVillagerTypeFix
net/minecraft/class_1175	net/minecraft/util/datafix/fixes/EntityZombieSplitFix
net/minecraft/class_1176	net/minecraft/util/datafix/fixes/IglooMetadataRemovalFix
net/minecraft/class_1177	net/minecraft/util/datafix/fixes/HeightmapRenamingFix
net/minecraft/class_1178	net/minecraft/util/datafix/fixes/ItemCustomNameToComponentFix
net/minecraft/class_1179	net/minecraft/util/datafix/fixes/ItemBannerColorFix
net/minecraft/class_1180	net/minecraft/util/datafix/fixes/ItemLoreFix
net/minecraft/class_1181	net/minecraft/util/datafix/fixes/ItemIdFix
net/minecraft/class_1182	net/minecraft/util/datafix/fixes/ItemRenameFix
net/minecraft/class_1182$1	net/minecraft/util/datafix/fixes/ItemRenameFix$1
net/minecraft/class_1183	net/minecraft/util/datafix/fixes/ItemPotionFix
net/minecraft/class_1184	net/minecraft/util/datafix/fixes/ItemSpawnEggFix
net/minecraft/class_1185	net/minecraft/util/datafix/fixes/ItemShulkerBoxColorFix
net/minecraft/class_1186	net/minecraft/util/datafix/fixes/ItemStackMapIdFix
net/minecraft/class_1187	net/minecraft/util/datafix/fixes/ItemStackEnchantmentNamesFix
net/minecraft/class_1188	net/minecraft/util/datafix/fixes/ItemStackTheFlatteningFix
net/minecraft/class_1189	net/minecraft/util/datafix/fixes/ItemStackSpawnEggFix
net/minecraft/class_1190	net/minecraft/util/datafix/fixes/ItemWaterPotionFix
net/minecraft/class_1191	net/minecraft/util/datafix/fixes/LeavesFix
net/minecraft/class_1191$class_1192	net/minecraft/util/datafix/fixes/LeavesFix$LeavesSection
net/minecraft/class_1191$class_1193	net/minecraft/util/datafix/fixes/LeavesFix$Section
net/minecraft/class_1194	net/minecraft/util/datafix/fixes/ItemWrittenBookPagesStrictJsonFix
net/minecraft/class_1195	net/minecraft/util/datafix/fixes/LevelFlatGeneratorInfoFix
net/minecraft/class_1196	net/minecraft/util/datafix/fixes/LevelDataGeneratorOptionsFix
net/minecraft/class_1197	net/minecraft/util/datafix/fixes/NamedEntityFix
net/minecraft/class_1198	net/minecraft/util/datafix/fixes/MobSpawnerEntityIdentifiersFix
net/minecraft/class_1199	net/minecraft/util/datafix/fixes/ObjectiveRenderTypeFix
net/minecraft/class_12	net/minecraft/world/level/pathfinder/SwimNodeEvaluator
net/minecraft/class_120	net/minecraft/world/level/storage/loot/functions/LootItemConditionalFunction
net/minecraft/class_120$class_121	net/minecraft/world/level/storage/loot/functions/LootItemConditionalFunction$Builder
net/minecraft/class_120$class_122	net/minecraft/world/level/storage/loot/functions/LootItemConditionalFunction$DummyBuilder
net/minecraft/class_120$class_123	net/minecraft/world/level/storage/loot/functions/LootItemConditionalFunction$Serializer
net/minecraft/class_1200	net/minecraft/util/datafix/fixes/ObjectiveDisplayNameFix
net/minecraft/class_1201	net/minecraft/util/datafix/fixes/OptionsKeyLwjgl3Fix
net/minecraft/class_1202	net/minecraft/util/datafix/fixes/OptionsForceVBOFix
net/minecraft/class_1203	net/minecraft/util/datafix/fixes/OptionsLowerCaseLanguageFix
net/minecraft/class_1204	net/minecraft/util/datafix/fixes/OptionsKeyTranslationFix
net/minecraft/class_1205	net/minecraft/util/datafix/fixes/RecipesRenameningFix
net/minecraft/class_1206	net/minecraft/util/datafix/fixes/RecipesFix
net/minecraft/class_1207	net/minecraft/util/datafix/fixes/RenamedCoralFansFix
net/minecraft/class_1208	net/minecraft/util/datafix/fixes/References
net/minecraft/class_1210	net/minecraft/util/datafix/fixes/RenamedCoralFix
net/minecraft/class_1211	net/minecraft/util/datafix/fixes/SimplestEntityRenameFix
net/minecraft/class_1212	net/minecraft/util/datafix/fixes/SimpleEntityRenameFix
net/minecraft/class_1213	net/minecraft/util/datafix/fixes/StatsRenameFix
net/minecraft/class_1214	net/minecraft/util/datafix/fixes/StatsCounterFix
net/minecraft/class_1215	net/minecraft/util/datafix/fixes/TrappedChestBlockEntityFix
net/minecraft/class_1215$class_1216	net/minecraft/util/datafix/fixes/TrappedChestBlockEntityFix$TrappedChestSection
net/minecraft/class_1217	net/minecraft/util/datafix/fixes/TeamDisplayNameFix
net/minecraft/class_1218	net/minecraft/util/datafix/fixes/WriteAndReadFix
net/minecraft/class_1219	net/minecraft/util/datafix/fixes/VillagerTradeFix
net/minecraft/class_1220	net/minecraft/util/datafix/schemas/NamespacedSchema
net/minecraft/class_1220$1	net/minecraft/util/datafix/schemas/NamespacedSchema$1
net/minecraft/class_1221	net/minecraft/util/datafix/schemas/V102
net/minecraft/class_1222	net/minecraft/util/datafix/schemas/V100
net/minecraft/class_1223	net/minecraft/util/datafix/schemas/V106
net/minecraft/class_1224	net/minecraft/util/datafix/schemas/V1022
net/minecraft/class_1225	net/minecraft/util/datafix/schemas/V1125
net/minecraft/class_1226	net/minecraft/util/datafix/schemas/V107
net/minecraft/class_1227	net/minecraft/util/datafix/schemas/V143
net/minecraft/class_1228	net/minecraft/util/datafix/schemas/V135
net/minecraft/class_1229	net/minecraft/util/datafix/schemas/V1451_1
net/minecraft/class_1230	net/minecraft/util/datafix/schemas/V1451
net/minecraft/class_1231	net/minecraft/util/datafix/schemas/V1451_3
net/minecraft/class_1232	net/minecraft/util/datafix/schemas/V1451_2
net/minecraft/class_1233	net/minecraft/util/datafix/schemas/V1451_5
net/minecraft/class_1234	net/minecraft/util/datafix/schemas/V1451_4
net/minecraft/class_1236	net/minecraft/util/datafix/schemas/V1451_6
net/minecraft/class_1236$1	net/minecraft/util/datafix/schemas/V1451_6$1
net/minecraft/class_1236$2	net/minecraft/util/datafix/schemas/V1451_6$2
net/minecraft/class_1237	net/minecraft/util/datafix/schemas/V1466
net/minecraft/class_1238	net/minecraft/util/datafix/schemas/V1460
net/minecraft/class_1239	net/minecraft/util/datafix/schemas/V1481
net/minecraft/class_124	net/minecraft/ChatFormatting
net/minecraft/class_1240	net/minecraft/util/datafix/schemas/V1470
net/minecraft/class_1241	net/minecraft/util/datafix/schemas/V1486
net/minecraft/class_1242	net/minecraft/util/datafix/schemas/V1483
net/minecraft/class_1243	net/minecraft/util/datafix/schemas/V1510
net/minecraft/class_1244	net/minecraft/util/datafix/schemas/V1801
net/minecraft/class_1245	net/minecraft/util/datafix/schemas/V1800
net/minecraft/class_1246	net/minecraft/util/datafix/schemas/V700
net/minecraft/class_1247	net/minecraft/util/datafix/schemas/V501
net/minecraft/class_1248	net/minecraft/util/datafix/schemas/V702
net/minecraft/class_1249	net/minecraft/util/datafix/schemas/V701
net/minecraft/class_125	net/minecraft/world/level/storage/loot/functions/LootingEnchantFunction
net/minecraft/class_125$class_126	net/minecraft/world/level/storage/loot/functions/LootingEnchantFunction$Builder
net/minecraft/class_125$class_127	net/minecraft/world/level/storage/loot/functions/LootingEnchantFunction$Serializer
net/minecraft/class_1250	net/minecraft/util/datafix/schemas/V704
net/minecraft/class_1250$1	net/minecraft/util/datafix/schemas/V704$1
net/minecraft/class_1251	net/minecraft/util/datafix/schemas/V703
net/minecraft/class_1252	net/minecraft/util/datafix/schemas/V808
net/minecraft/class_1253	net/minecraft/util/datafix/schemas/V705
net/minecraft/class_1253$1	net/minecraft/util/datafix/schemas/V705$1
net/minecraft/class_1254	net/minecraft/util/datafix/schemas/V99
net/minecraft/class_1254$1	net/minecraft/util/datafix/schemas/V99$1
net/minecraft/class_1255	net/minecraft/util/thread/BlockableEventLoop
net/minecraft/class_1257	net/minecraft/util/worldupdate/WorldUpgrader
net/minecraft/class_1258	net/minecraft/world/CompoundContainer
net/minecraft/class_1259	net/minecraft/world/BossEvent
net/minecraft/class_1259$class_1260	net/minecraft/world/BossEvent$BossBarColor
net/minecraft/class_1259$class_1261	net/minecraft/world/BossEvent$BossBarOverlay
net/minecraft/class_1262	net/minecraft/world/ContainerHelper
net/minecraft/class_1263	net/minecraft/world/Container
net/minecraft/class_1264	net/minecraft/world/Containers
net/minecraft/class_1265	net/minecraft/world/ContainerListener
net/minecraft/class_1266	net/minecraft/world/DifficultyInstance
net/minecraft/class_1267	net/minecraft/world/Difficulty
net/minecraft/class_1268	net/minecraft/world/InteractionHand
net/minecraft/class_1269	net/minecraft/world/InteractionResult
net/minecraft/class_1270	net/minecraft/world/inventory/MenuConstructor
net/minecraft/class_1271	net/minecraft/world/InteractionResultHolder
net/minecraft/class_1273	net/minecraft/world/LockCode
net/minecraft/class_1275	net/minecraft/world/Nameable
net/minecraft/class_1277	net/minecraft/world/SimpleContainer
net/minecraft/class_1278	net/minecraft/world/WorldlyContainer
net/minecraft/class_128	net/minecraft/CrashReport
net/minecraft/class_1280	net/minecraft/world/damagesource/CombatRules
net/minecraft/class_1281	net/minecraft/world/damagesource/CombatEntry
net/minecraft/class_1282	net/minecraft/world/damagesource/DamageSource
net/minecraft/class_1282$1	net/minecraft/world/damagesource/DamageSource$1
net/minecraft/class_1283	net/minecraft/world/damagesource/CombatTracker
net/minecraft/class_1287	net/minecraft/world/effect/AttackDamageMobEffect
net/minecraft/class_1288	net/minecraft/world/effect/AbsoptionMobEffect
net/minecraft/class_1289	net/minecraft/world/effect/InstantenousMobEffect
net/minecraft/class_129	net/minecraft/CrashReportCategory
net/minecraft/class_129$class_130	net/minecraft/CrashReportCategory$Entry
net/minecraft/class_1290	net/minecraft/world/effect/HealthBoostMobEffect
net/minecraft/class_1291	net/minecraft/world/effect/MobEffect
net/minecraft/class_1292	net/minecraft/world/effect/MobEffectUtil
net/minecraft/class_1293	net/minecraft/world/effect/MobEffectInstance
net/minecraft/class_1293$class_7247	net/minecraft/world/effect/MobEffectInstance$FactorData
net/minecraft/class_1294	net/minecraft/world/effect/MobEffects
net/minecraft/class_1294$1	net/minecraft/world/effect/MobEffects$1
net/minecraft/class_1295	net/minecraft/world/entity/AreaEffectCloud
net/minecraft/class_1296	net/minecraft/world/entity/AgeableMob
net/minecraft/class_1296$class_4697	net/minecraft/world/entity/AgeableMob$AgeableMobGroupData
net/minecraft/class_1297	net/minecraft/world/entity/Entity
net/minecraft/class_1297$1	net/minecraft/world/entity/Entity$1
net/minecraft/class_1297$class_4738	net/minecraft/world/entity/Entity$MoveFunction
net/minecraft/class_1297$class_5529	net/minecraft/world/entity/Entity$RemovalReason
net/minecraft/class_1297$class_5799	net/minecraft/world/entity/Entity$MovementEmission
net/minecraft/class_1299	net/minecraft/world/entity/EntityType
net/minecraft/class_1299$1	net/minecraft/world/entity/EntityType$1
net/minecraft/class_1299$class_1300	net/minecraft/world/entity/EntityType$Builder
net/minecraft/class_1299$class_4049	net/minecraft/world/entity/EntityType$EntityFactory
net/minecraft/class_13	net/minecraft/world/level/pathfinder/PathFinder
net/minecraft/class_1301	net/minecraft/world/entity/EntitySelector
net/minecraft/class_1301$class_1302	net/minecraft/world/entity/EntitySelector$MobCanWearArmorEntitySelector
net/minecraft/class_1303	net/minecraft/world/entity/ExperienceOrb
net/minecraft/class_1304	net/minecraft/world/entity/EquipmentSlot
net/minecraft/class_1304$class_1305	net/minecraft/world/entity/EquipmentSlot$Type
net/minecraft/class_1306	net/minecraft/world/entity/HumanoidArm
net/minecraft/class_1307	net/minecraft/world/entity/FlyingMob
net/minecraft/class_1308	net/minecraft/world/entity/Mob
net/minecraft/class_1308$1	net/minecraft/world/entity/Mob$1
net/minecraft/class_1309	net/minecraft/world/entity/LivingEntity
net/minecraft/class_1309$1	net/minecraft/world/entity/LivingEntity$1
net/minecraft/class_1309$class_6823	net/minecraft/world/entity/LivingEntity$Fallsounds
net/minecraft/class_131	net/minecraft/world/level/storage/loot/functions/LootItemFunctions
net/minecraft/class_1310	net/minecraft/world/entity/MobType
net/minecraft/class_1311	net/minecraft/world/entity/MobCategory
net/minecraft/class_1313	net/minecraft/world/entity/MoverType
net/minecraft/class_1314	net/minecraft/world/entity/PathfinderMob
net/minecraft/class_1315	net/minecraft/world/entity/SpawnGroupData
net/minecraft/class_1316	net/minecraft/world/entity/PlayerRideableJumping
net/minecraft/class_1317	net/minecraft/world/entity/SpawnPlacements
net/minecraft/class_1317$class_1318	net/minecraft/world/entity/SpawnPlacements$Data
net/minecraft/class_1317$class_1319	net/minecraft/world/entity/SpawnPlacements$Type
net/minecraft/class_1317$class_4306	net/minecraft/world/entity/SpawnPlacements$SpawnPredicate
net/minecraft/class_1320	net/minecraft/world/entity/ai/attributes/Attribute
net/minecraft/class_1321	net/minecraft/world/entity/TamableAnimal
net/minecraft/class_1322	net/minecraft/world/entity/ai/attributes/AttributeModifier
net/minecraft/class_1322$class_1323	net/minecraft/world/entity/ai/attributes/AttributeModifier$Operation
net/minecraft/class_1324	net/minecraft/world/entity/ai/attributes/AttributeInstance
net/minecraft/class_1329	net/minecraft/world/entity/ai/attributes/RangedAttribute
net/minecraft/class_133	net/minecraft/CrashReportDetail
net/minecraft/class_1330	net/minecraft/world/entity/ai/control/BodyRotationControl
net/minecraft/class_1331	net/minecraft/world/entity/ai/control/FlyingMoveControl
net/minecraft/class_1332	net/minecraft/world/entity/ai/control/SmoothSwimmingLookControl
net/minecraft/class_1333	net/minecraft/world/entity/ai/control/LookControl
net/minecraft/class_1334	net/minecraft/world/entity/ai/control/JumpControl
net/minecraft/class_1335	net/minecraft/world/entity/ai/control/MoveControl
net/minecraft/class_1335$class_1336	net/minecraft/world/entity/ai/control/MoveControl$Operation
net/minecraft/class_1337	net/minecraft/world/entity/ai/goal/BegGoal
net/minecraft/class_1338	net/minecraft/world/entity/ai/goal/AvoidEntityGoal
net/minecraft/class_1339	net/minecraft/world/entity/ai/goal/BreakDoorGoal
net/minecraft/class_134	net/minecraft/world/level/storage/loot/functions/SetContainerContents
net/minecraft/class_134$class_135	net/minecraft/world/level/storage/loot/functions/SetContainerContents$Builder
net/minecraft/class_134$class_136	net/minecraft/world/level/storage/loot/functions/SetContainerContents$Serializer
net/minecraft/class_1340	net/minecraft/world/entity/ai/goal/BoatGoals
net/minecraft/class_1341	net/minecraft/world/entity/ai/goal/BreedGoal
net/minecraft/class_1342	net/minecraft/world/entity/ai/goal/BreathAirGoal
net/minecraft/class_1343	net/minecraft/world/entity/ai/goal/DoorInteractGoal
net/minecraft/class_1344	net/minecraft/world/entity/ai/goal/FleeSunGoal
net/minecraft/class_1345	net/minecraft/world/entity/ai/goal/EatBlockGoal
net/minecraft/class_1346	net/minecraft/world/entity/ai/goal/FollowBoatGoal
net/minecraft/class_1347	net/minecraft/world/entity/ai/goal/FloatGoal
net/minecraft/class_1348	net/minecraft/world/entity/ai/goal/FollowMobGoal
net/minecraft/class_1349	net/minecraft/world/entity/ai/goal/FollowFlockLeaderGoal
net/minecraft/class_1350	net/minecraft/world/entity/ai/goal/FollowOwnerGoal
net/minecraft/class_1352	net/minecraft/world/entity/ai/goal/Goal
net/minecraft/class_1352$class_4134	net/minecraft/world/entity/ai/goal/Goal$Flag
net/minecraft/class_1353	net/minecraft/world/entity/ai/goal/FollowParentGoal
net/minecraft/class_1355	net/minecraft/world/entity/ai/goal/GoalSelector
net/minecraft/class_1355$1	net/minecraft/world/entity/ai/goal/GoalSelector$1
net/minecraft/class_1355$2	net/minecraft/world/entity/ai/goal/GoalSelector$2
net/minecraft/class_1357	net/minecraft/world/entity/ai/goal/DolphinJumpGoal
net/minecraft/class_1358	net/minecraft/world/entity/ai/goal/InteractGoal
net/minecraft/class_1359	net/minecraft/world/entity/ai/goal/LeapAtTargetGoal
net/minecraft/class_1360	net/minecraft/world/entity/ai/goal/LandOnOwnersShoulderGoal
net/minecraft/class_1361	net/minecraft/world/entity/ai/goal/LookAtPlayerGoal
net/minecraft/class_1362	net/minecraft/world/entity/ai/goal/LlamaFollowCaravanGoal
net/minecraft/class_1364	net/minecraft/world/entity/ai/goal/LookAtTradingPlayerGoal
net/minecraft/class_1366	net/minecraft/world/entity/ai/goal/MeleeAttackGoal
net/minecraft/class_1367	net/minecraft/world/entity/ai/goal/MoveToBlockGoal
net/minecraft/class_1368	net/minecraft/world/entity/ai/goal/MoveThroughVillageGoal
net/minecraft/class_1369	net/minecraft/world/entity/ai/goal/MoveTowardsTargetGoal
net/minecraft/class_137	net/minecraft/world/level/storage/loot/functions/SetAttributesFunction
net/minecraft/class_137$1	net/minecraft/world/level/storage/loot/functions/SetAttributesFunction$1
net/minecraft/class_137$class_138	net/minecraft/world/level/storage/loot/functions/SetAttributesFunction$Modifier
net/minecraft/class_137$class_139	net/minecraft/world/level/storage/loot/functions/SetAttributesFunction$Serializer
net/minecraft/class_137$class_6155	net/minecraft/world/level/storage/loot/functions/SetAttributesFunction$Builder
net/minecraft/class_137$class_6156	net/minecraft/world/level/storage/loot/functions/SetAttributesFunction$ModifierBuilder
net/minecraft/class_1370	net/minecraft/world/entity/ai/goal/MoveTowardsRestrictionGoal
net/minecraft/class_1371	net/minecraft/world/entity/ai/goal/OcelotAttackGoal
net/minecraft/class_1372	net/minecraft/world/entity/ai/goal/OfferFlowerGoal
net/minecraft/class_1373	net/minecraft/world/entity/ai/goal/CatSitOnBlockGoal
net/minecraft/class_1374	net/minecraft/world/entity/ai/goal/PanicGoal
net/minecraft/class_1376	net/minecraft/world/entity/ai/goal/RandomLookAroundGoal
net/minecraft/class_1378	net/minecraft/world/entity/ai/goal/RandomSwimmingGoal
net/minecraft/class_1379	net/minecraft/world/entity/ai/goal/RandomStrollGoal
net/minecraft/class_1380	net/minecraft/world/entity/ai/goal/RangedBowAttackGoal
net/minecraft/class_1381	net/minecraft/world/entity/ai/goal/RangedAttackGoal
net/minecraft/class_1382	net/minecraft/world/entity/ai/goal/RemoveBlockGoal
net/minecraft/class_1383	net/minecraft/world/entity/ai/goal/RangedCrossbowAttackGoal
net/minecraft/class_1383$class_3744	net/minecraft/world/entity/ai/goal/RangedCrossbowAttackGoal$CrossbowState
net/minecraft/class_1384	net/minecraft/world/entity/ai/goal/RestrictSunGoal
net/minecraft/class_1386	net/minecraft/world/entity/ai/goal/SitWhenOrderedToGoal
net/minecraft/class_1387	net/minecraft/world/entity/ai/goal/RunAroundLikeCrazyGoal
net/minecraft/class_1389	net/minecraft/world/entity/ai/goal/SwellGoal
net/minecraft/class_1390	net/minecraft/world/entity/ai/goal/TradeWithPlayerGoal
net/minecraft/class_1391	net/minecraft/world/entity/ai/goal/TemptGoal
net/minecraft/class_1393	net/minecraft/world/entity/ai/goal/TryFindWaterGoal
net/minecraft/class_1394	net/minecraft/world/entity/ai/goal/WaterAvoidingRandomStrollGoal
net/minecraft/class_1395	net/minecraft/world/entity/ai/goal/WaterAvoidingRandomFlyingGoal
net/minecraft/class_1396	net/minecraft/world/entity/ai/goal/ZombieAttackGoal
net/minecraft/class_1397	net/minecraft/world/entity/ai/goal/target/DefendVillageTargetGoal
net/minecraft/class_1399	net/minecraft/world/entity/ai/goal/target/HurtByTargetGoal
net/minecraft/class_14	net/minecraft/world/level/pathfinder/WalkNodeEvaluator
net/minecraft/class_140	net/minecraft/DefaultUncaughtExceptionHandler
net/minecraft/class_1400	net/minecraft/world/entity/ai/goal/target/NearestAttackableTargetGoal
net/minecraft/class_1403	net/minecraft/world/entity/ai/goal/target/OwnerHurtByTargetGoal
net/minecraft/class_1404	net/minecraft/world/entity/ai/goal/target/NonTameRandomTargetGoal
net/minecraft/class_1405	net/minecraft/world/entity/ai/goal/target/TargetGoal
net/minecraft/class_1406	net/minecraft/world/entity/ai/goal/target/OwnerHurtTargetGoal
net/minecraft/class_1407	net/minecraft/world/entity/ai/navigation/FlyingPathNavigation
net/minecraft/class_1408	net/minecraft/world/entity/ai/navigation/PathNavigation
net/minecraft/class_1409	net/minecraft/world/entity/ai/navigation/GroundPathNavigation
net/minecraft/class_141	net/minecraft/world/level/storage/loot/functions/SetItemCountFunction
net/minecraft/class_141$class_142	net/minecraft/world/level/storage/loot/functions/SetItemCountFunction$Serializer
net/minecraft/class_1410	net/minecraft/world/entity/ai/navigation/WallClimberNavigation
net/minecraft/class_1412	net/minecraft/world/entity/ai/navigation/WaterBoundPathNavigation
net/minecraft/class_1413	net/minecraft/world/entity/ai/sensing/Sensing
net/minecraft/class_1419	net/minecraft/world/entity/ai/village/VillageSiege
net/minecraft/class_1419$class_4152	net/minecraft/world/entity/ai/village/VillageSiege$State
net/minecraft/class_1420	net/minecraft/world/entity/ambient/Bat
net/minecraft/class_1421	net/minecraft/world/entity/ambient/AmbientCreature
net/minecraft/class_1422	net/minecraft/world/entity/animal/AbstractFish
net/minecraft/class_1422$class_1423	net/minecraft/world/entity/animal/AbstractFish$FishMoveControl
net/minecraft/class_1422$class_1424	net/minecraft/world/entity/animal/AbstractFish$FishSwimGoal
net/minecraft/class_1425	net/minecraft/world/entity/animal/AbstractSchoolingFish
net/minecraft/class_1425$class_1426	net/minecraft/world/entity/animal/AbstractSchoolingFish$SchoolSpawnGroupData
net/minecraft/class_1427	net/minecraft/world/entity/animal/AbstractGolem
net/minecraft/class_1428	net/minecraft/world/entity/animal/Chicken
net/minecraft/class_1429	net/minecraft/world/entity/animal/Animal
net/minecraft/class_143	net/minecraft/DefaultUncaughtExceptionHandlerWithName
net/minecraft/class_1430	net/minecraft/world/entity/animal/Cow
net/minecraft/class_1431	net/minecraft/world/entity/animal/Cod
net/minecraft/class_1432	net/minecraft/world/entity/animal/FlyingAnimal
net/minecraft/class_1433	net/minecraft/world/entity/animal/Dolphin
net/minecraft/class_1433$class_1435	net/minecraft/world/entity/animal/Dolphin$DolphinSwimToTreasureGoal
net/minecraft/class_1433$class_1436	net/minecraft/world/entity/animal/Dolphin$DolphinSwimWithPlayerGoal
net/minecraft/class_1433$class_1437	net/minecraft/world/entity/animal/Dolphin$PlayWithItemsGoal
net/minecraft/class_1438	net/minecraft/world/entity/animal/MushroomCow
net/minecraft/class_1438$class_4053	net/minecraft/world/entity/animal/MushroomCow$MushroomType
net/minecraft/class_1439	net/minecraft/world/entity/animal/IronGolem
net/minecraft/class_1439$class_4621	net/minecraft/world/entity/animal/IronGolem$Crackiness
net/minecraft/class_144	net/minecraft/world/level/storage/loot/functions/SetContainerLootTable
net/minecraft/class_144$class_145	net/minecraft/world/level/storage/loot/functions/SetContainerLootTable$Serializer
net/minecraft/class_1440	net/minecraft/world/entity/animal/Panda
net/minecraft/class_1440$class_1441	net/minecraft/world/entity/animal/Panda$PandaAvoidGoal
net/minecraft/class_1440$class_1442	net/minecraft/world/entity/animal/Panda$PandaBreedGoal
net/minecraft/class_1440$class_1443	net/minecraft/world/entity/animal/Panda$Gene
net/minecraft/class_1440$class_1444	net/minecraft/world/entity/animal/Panda$PandaHurtByTargetGoal
net/minecraft/class_1440$class_1445	net/minecraft/world/entity/animal/Panda$PandaLieOnBackGoal
net/minecraft/class_1440$class_1446	net/minecraft/world/entity/animal/Panda$PandaMoveControl
net/minecraft/class_1440$class_1447	net/minecraft/world/entity/animal/Panda$PandaPanicGoal
net/minecraft/class_1440$class_1448	net/minecraft/world/entity/animal/Panda$PandaRollGoal
net/minecraft/class_1440$class_1449	net/minecraft/world/entity/animal/Panda$PandaSitGoal
net/minecraft/class_1440$class_1450	net/minecraft/world/entity/animal/Panda$PandaSneezeGoal
net/minecraft/class_1440$class_4054	net/minecraft/world/entity/animal/Panda$PandaAttackGoal
net/minecraft/class_1440$class_4056	net/minecraft/world/entity/animal/Panda$PandaLookAtPlayerGoal
net/minecraft/class_1451	net/minecraft/world/entity/animal/Cat
net/minecraft/class_1451$class_3698	net/minecraft/world/entity/animal/Cat$CatAvoidEntityGoal
net/minecraft/class_1451$class_3699	net/minecraft/world/entity/animal/Cat$CatRelaxOnOwnerGoal
net/minecraft/class_1451$class_3700	net/minecraft/world/entity/animal/Cat$CatTemptGoal
net/minecraft/class_1452	net/minecraft/world/entity/animal/Pig
net/minecraft/class_1453	net/minecraft/world/entity/animal/Parrot
net/minecraft/class_1453$1	net/minecraft/world/entity/animal/Parrot$1
net/minecraft/class_1453$class_6537	net/minecraft/world/entity/animal/Parrot$ParrotWanderGoal
net/minecraft/class_1453$class_7989	net/minecraft/world/entity/animal/Parrot$Variant
net/minecraft/class_1454	net/minecraft/world/entity/animal/Pufferfish
net/minecraft/class_1454$class_1455	net/minecraft/world/entity/animal/Pufferfish$PufferfishPuffGoal
net/minecraft/class_1456	net/minecraft/world/entity/animal/PolarBear
net/minecraft/class_1456$class_1457	net/minecraft/world/entity/animal/PolarBear$PolarBearAttackPlayersGoal
net/minecraft/class_1456$class_1459	net/minecraft/world/entity/animal/PolarBear$PolarBearHurtByTargetGoal
net/minecraft/class_1456$class_1460	net/minecraft/world/entity/animal/PolarBear$PolarBearMeleeAttackGoal
net/minecraft/class_1456$class_1461	net/minecraft/world/entity/animal/PolarBear$PolarBearPanicGoal
net/minecraft/class_1462	net/minecraft/world/entity/animal/Salmon
net/minecraft/class_1463	net/minecraft/world/entity/animal/Rabbit
net/minecraft/class_1463$class_1464	net/minecraft/world/entity/animal/Rabbit$EvilRabbitAttackGoal
net/minecraft/class_1463$class_1465	net/minecraft/world/entity/animal/Rabbit$RabbitAvoidEntityGoal
net/minecraft/class_1463$class_1466	net/minecraft/world/entity/animal/Rabbit$RabbitGroupData
net/minecraft/class_1463$class_1468	net/minecraft/world/entity/animal/Rabbit$RabbitMoveControl
net/minecraft/class_1463$class_1469	net/minecraft/world/entity/animal/Rabbit$RabbitPanicGoal
net/minecraft/class_1463$class_1470	net/minecraft/world/entity/animal/Rabbit$RaidGardenGoal
net/minecraft/class_1463$class_5197	net/minecraft/world/entity/animal/Rabbit$RabbitJumpControl
net/minecraft/class_1463$class_7990	net/minecraft/world/entity/animal/Rabbit$Variant
net/minecraft/class_1471	net/minecraft/world/entity/animal/ShoulderRidingEntity
net/minecraft/class_1472	net/minecraft/world/entity/animal/Sheep
net/minecraft/class_1472$1	net/minecraft/world/entity/animal/Sheep$1
net/minecraft/class_1472$2	net/minecraft/world/entity/animal/Sheep$2
net/minecraft/class_1473	net/minecraft/world/entity/animal/SnowGolem
net/minecraft/class_1474	net/minecraft/world/entity/animal/TropicalFish
net/minecraft/class_1474$class_1475	net/minecraft/world/entity/animal/TropicalFish$Pattern
net/minecraft/class_1474$class_1476	net/minecraft/world/entity/animal/TropicalFish$TropicalFishGroupData
net/minecraft/class_1474$class_7991	net/minecraft/world/entity/animal/TropicalFish$Base
net/minecraft/class_1474$class_7992	net/minecraft/world/entity/animal/TropicalFish$Variant
net/minecraft/class_1477	net/minecraft/world/entity/animal/Squid
net/minecraft/class_1477$class_1478	net/minecraft/world/entity/animal/Squid$SquidFleeGoal
net/minecraft/class_1477$class_1479	net/minecraft/world/entity/animal/Squid$SquidRandomMovementGoal
net/minecraft/class_148	net/minecraft/ReportedException
net/minecraft/class_1480	net/minecraft/world/entity/animal/WaterAnimal
net/minecraft/class_1481	net/minecraft/world/entity/animal/Turtle
net/minecraft/class_1481$class_1482	net/minecraft/world/entity/animal/Turtle$TurtleBreedGoal
net/minecraft/class_1481$class_1483	net/minecraft/world/entity/animal/Turtle$TurtleGoHomeGoal
net/minecraft/class_1481$class_1484	net/minecraft/world/entity/animal/Turtle$TurtleGoToWaterGoal
net/minecraft/class_1481$class_1485	net/minecraft/world/entity/animal/Turtle$TurtleLayEggGoal
net/minecraft/class_1481$class_1486	net/minecraft/world/entity/animal/Turtle$TurtleMoveControl
net/minecraft/class_1481$class_1487	net/minecraft/world/entity/animal/Turtle$TurtlePanicGoal
net/minecraft/class_1481$class_1488	net/minecraft/world/entity/animal/Turtle$TurtlePathNavigation
net/minecraft/class_1481$class_1489	net/minecraft/world/entity/animal/Turtle$TurtleRandomStrollGoal
net/minecraft/class_1481$class_1491	net/minecraft/world/entity/animal/Turtle$TurtleTravelGoal
net/minecraft/class_149	net/minecraft/world/level/storage/loot/functions/SetItemDamageFunction
net/minecraft/class_149$class_150	net/minecraft/world/level/storage/loot/functions/SetItemDamageFunction$Serializer
net/minecraft/class_1492	net/minecraft/world/entity/animal/horse/AbstractChestedHorse
net/minecraft/class_1492$1	net/minecraft/world/entity/animal/horse/AbstractChestedHorse$1
net/minecraft/class_1493	net/minecraft/world/entity/animal/Wolf
net/minecraft/class_1493$class_1494	net/minecraft/world/entity/animal/Wolf$WolfAvoidEntityGoal
net/minecraft/class_1493$class_6859	net/minecraft/world/entity/animal/Wolf$WolfPanicGoal
net/minecraft/class_1495	net/minecraft/world/entity/animal/horse/Donkey
net/minecraft/class_1496	net/minecraft/world/entity/animal/horse/AbstractHorse
net/minecraft/class_1496$1	net/minecraft/world/entity/animal/horse/AbstractHorse$1
net/minecraft/class_1498	net/minecraft/world/entity/animal/horse/Horse
net/minecraft/class_1498$class_1499	net/minecraft/world/entity/animal/horse/Horse$HorseGroupData
net/minecraft/class_15	net/minecraft/world/level/pathfinder/AmphibiousNodeEvaluator
net/minecraft/class_1500	net/minecraft/world/entity/animal/horse/Mule
net/minecraft/class_1501	net/minecraft/world/entity/animal/horse/Llama
net/minecraft/class_1501$class_1502	net/minecraft/world/entity/animal/horse/Llama$LlamaAttackWolfGoal
net/minecraft/class_1501$class_1503	net/minecraft/world/entity/animal/horse/Llama$LlamaGroupData
net/minecraft/class_1501$class_1504	net/minecraft/world/entity/animal/horse/Llama$LlamaHurtByTargetGoal
net/minecraft/class_1501$class_7993	net/minecraft/world/entity/animal/horse/Llama$Variant
net/minecraft/class_1505	net/minecraft/world/entity/animal/horse/SkeletonTrapGoal
net/minecraft/class_1506	net/minecraft/world/entity/animal/horse/SkeletonHorse
net/minecraft/class_1507	net/minecraft/world/entity/animal/horse/ZombieHorse
net/minecraft/class_1508	net/minecraft/world/entity/boss/EnderDragonPart
net/minecraft/class_151	net/minecraft/ResourceLocationException
net/minecraft/class_1510	net/minecraft/world/entity/boss/enderdragon/EnderDragon
net/minecraft/class_1511	net/minecraft/world/entity/boss/enderdragon/EndCrystal
net/minecraft/class_1512	net/minecraft/world/entity/boss/enderdragon/phases/AbstractDragonPhaseInstance
net/minecraft/class_1513	net/minecraft/world/entity/boss/enderdragon/phases/DragonChargePlayerPhase
net/minecraft/class_1514	net/minecraft/world/entity/boss/enderdragon/phases/AbstractDragonSittingPhase
net/minecraft/class_1515	net/minecraft/world/entity/boss/enderdragon/phases/DragonDeathPhase
net/minecraft/class_1516	net/minecraft/world/entity/boss/enderdragon/phases/DragonHoverPhase
net/minecraft/class_1517	net/minecraft/world/entity/boss/enderdragon/phases/DragonHoldingPatternPhase
net/minecraft/class_1518	net/minecraft/world/entity/boss/enderdragon/phases/DragonLandingPhase
net/minecraft/class_1519	net/minecraft/world/entity/boss/enderdragon/phases/DragonLandingApproachPhase
net/minecraft/class_152	net/minecraft/world/level/storage/loot/functions/SetStewEffectFunction
net/minecraft/class_152$class_153	net/minecraft/world/level/storage/loot/functions/SetStewEffectFunction$Builder
net/minecraft/class_152$class_154	net/minecraft/world/level/storage/loot/functions/SetStewEffectFunction$Serializer
net/minecraft/class_1520	net/minecraft/world/entity/boss/enderdragon/phases/DragonSittingAttackingPhase
net/minecraft/class_1521	net/minecraft/world/entity/boss/enderdragon/phases/DragonPhaseInstance
net/minecraft/class_1522	net/minecraft/world/entity/boss/enderdragon/phases/DragonSittingScanningPhase
net/minecraft/class_1523	net/minecraft/world/entity/boss/enderdragon/phases/DragonSittingFlamingPhase
net/minecraft/class_1524	net/minecraft/world/entity/boss/enderdragon/phases/DragonTakeoffPhase
net/minecraft/class_1525	net/minecraft/world/entity/boss/enderdragon/phases/DragonStrafePlayerPhase
net/minecraft/class_1526	net/minecraft/world/entity/boss/enderdragon/phases/EnderDragonPhaseManager
net/minecraft/class_1527	net/minecraft/world/entity/boss/enderdragon/phases/EnderDragonPhase
net/minecraft/class_1528	net/minecraft/world/entity/boss/wither/WitherBoss
net/minecraft/class_1528$class_1529	net/minecraft/world/entity/boss/wither/WitherBoss$WitherDoNothingGoal
net/minecraft/class_1530	net/minecraft/world/entity/decoration/HangingEntity
net/minecraft/class_1530$1	net/minecraft/world/entity/decoration/HangingEntity$1
net/minecraft/class_1531	net/minecraft/world/entity/decoration/ArmorStand
net/minecraft/class_1531$1	net/minecraft/world/entity/decoration/ArmorStand$1
net/minecraft/class_1532	net/minecraft/world/entity/decoration/LeashFenceKnotEntity
net/minecraft/class_1533	net/minecraft/world/entity/decoration/ItemFrame
net/minecraft/class_1533$1	net/minecraft/world/entity/decoration/ItemFrame$1
net/minecraft/class_1533$2	net/minecraft/world/entity/decoration/ItemFrame$2
net/minecraft/class_1534	net/minecraft/world/entity/decoration/Painting
net/minecraft/class_1535	net/minecraft/world/entity/decoration/PaintingVariant
net/minecraft/class_1536	net/minecraft/world/entity/projectile/FishingHook
net/minecraft/class_1536$1	net/minecraft/world/entity/projectile/FishingHook$1
net/minecraft/class_1536$class_1537	net/minecraft/world/entity/projectile/FishingHook$FishHookState
net/minecraft/class_1536$class_4984	net/minecraft/world/entity/projectile/FishingHook$OpenWaterType
net/minecraft/class_1538	net/minecraft/world/entity/LightningBolt
net/minecraft/class_1540	net/minecraft/world/entity/item/FallingBlockEntity
net/minecraft/class_1541	net/minecraft/world/entity/item/PrimedTnt
net/minecraft/class_1542	net/minecraft/world/entity/item/ItemEntity
net/minecraft/class_1543	net/minecraft/world/entity/monster/AbstractIllager
net/minecraft/class_1543$class_1544	net/minecraft/world/entity/monster/AbstractIllager$IllagerArmPose
net/minecraft/class_1543$class_4258	net/minecraft/world/entity/monster/AbstractIllager$RaiderOpenDoorGoal
net/minecraft/class_1545	net/minecraft/world/entity/monster/Blaze
net/minecraft/class_1545$class_1546	net/minecraft/world/entity/monster/Blaze$BlazeAttackGoal
net/minecraft/class_1547	net/minecraft/world/entity/monster/AbstractSkeleton
net/minecraft/class_1547$1	net/minecraft/world/entity/monster/AbstractSkeleton$1
net/minecraft/class_1548	net/minecraft/world/entity/monster/Creeper
net/minecraft/class_1549	net/minecraft/world/entity/monster/CaveSpider
net/minecraft/class_155	net/minecraft/SharedConstants
net/minecraft/class_1550	net/minecraft/world/entity/monster/ElderGuardian
net/minecraft/class_1551	net/minecraft/world/entity/monster/Drowned
net/minecraft/class_1551$class_1552	net/minecraft/world/entity/monster/Drowned$DrownedAttackGoal
net/minecraft/class_1551$class_1554	net/minecraft/world/entity/monster/Drowned$DrownedGoToBeachGoal
net/minecraft/class_1551$class_1555	net/minecraft/world/entity/monster/Drowned$DrownedGoToWaterGoal
net/minecraft/class_1551$class_1556	net/minecraft/world/entity/monster/Drowned$DrownedMoveControl
net/minecraft/class_1551$class_1557	net/minecraft/world/entity/monster/Drowned$DrownedSwimUpGoal
net/minecraft/class_1551$class_1558	net/minecraft/world/entity/monster/Drowned$DrownedTridentAttackGoal
net/minecraft/class_1559	net/minecraft/world/entity/monster/Endermite
net/minecraft/class_156	net/minecraft/Util
net/minecraft/class_156$1	net/minecraft/Util$1
net/minecraft/class_156$2	net/minecraft/Util$10
net/minecraft/class_156$3	net/minecraft/Util$11
net/minecraft/class_156$4	net/minecraft/Util$2
net/minecraft/class_156$5	net/minecraft/Util$5
net/minecraft/class_156$6	net/minecraft/Util$6
net/minecraft/class_156$7	net/minecraft/Util$7
net/minecraft/class_156$8	net/minecraft/Util$8
net/minecraft/class_156$9	net/minecraft/Util$9
net/minecraft/class_156$class_157	net/minecraft/Util$IdentityStrategy
net/minecraft/class_156$class_158	net/minecraft/Util$OS
net/minecraft/class_156$class_158$1	net/minecraft/Util$OS$1
net/minecraft/class_156$class_158$2	net/minecraft/Util$OS$2
net/minecraft/class_1560	net/minecraft/world/entity/monster/EnderMan
net/minecraft/class_1560$class_1561	net/minecraft/world/entity/monster/EnderMan$EndermanLeaveBlockGoal
net/minecraft/class_1560$class_1562	net/minecraft/world/entity/monster/EnderMan$EndermanLookForPlayerGoal
net/minecraft/class_1560$class_1563	net/minecraft/world/entity/monster/EnderMan$EndermanTakeBlockGoal
net/minecraft/class_1560$class_4159	net/minecraft/world/entity/monster/EnderMan$EndermanFreezeWhenLookedAt
net/minecraft/class_1564	net/minecraft/world/entity/monster/Evoker
net/minecraft/class_1564$class_1565	net/minecraft/world/entity/monster/Evoker$EvokerAttackSpellGoal
net/minecraft/class_1564$class_1566	net/minecraft/world/entity/monster/Evoker$EvokerCastingSpellGoal
net/minecraft/class_1564$class_1567	net/minecraft/world/entity/monster/Evoker$EvokerSummonSpellGoal
net/minecraft/class_1564$class_1568	net/minecraft/world/entity/monster/Evoker$EvokerWololoSpellGoal
net/minecraft/class_1569	net/minecraft/world/entity/monster/Enemy
net/minecraft/class_1570	net/minecraft/world/entity/monster/Giant
net/minecraft/class_1571	net/minecraft/world/entity/monster/Ghast
net/minecraft/class_1571$class_1572	net/minecraft/world/entity/monster/Ghast$GhastLookGoal
net/minecraft/class_1571$class_1573	net/minecraft/world/entity/monster/Ghast$GhastMoveControl
net/minecraft/class_1571$class_1574	net/minecraft/world/entity/monster/Ghast$GhastShootFireballGoal
net/minecraft/class_1571$class_1575	net/minecraft/world/entity/monster/Ghast$RandomFloatAroundGoal
net/minecraft/class_1576	net/minecraft/world/entity/monster/Husk
net/minecraft/class_1577	net/minecraft/world/entity/monster/Guardian
net/minecraft/class_1577$class_1578	net/minecraft/world/entity/monster/Guardian$GuardianAttackGoal
net/minecraft/class_1577$class_1579	net/minecraft/world/entity/monster/Guardian$GuardianAttackSelector
net/minecraft/class_1577$class_1580	net/minecraft/world/entity/monster/Guardian$GuardianMoveControl
net/minecraft/class_1581	net/minecraft/world/entity/monster/Illusioner
net/minecraft/class_1581$class_1582	net/minecraft/world/entity/monster/Illusioner$IllusionerBlindnessSpellGoal
net/minecraft/class_1581$class_1583	net/minecraft/world/entity/monster/Illusioner$IllusionerMirrorSpellGoal
net/minecraft/class_1584	net/minecraft/world/entity/monster/Ravager
net/minecraft/class_1584$class_1585	net/minecraft/world/entity/monster/Ravager$RavagerMeleeAttackGoal
net/minecraft/class_1588	net/minecraft/world/entity/monster/Monster
net/minecraft/class_1589	net/minecraft/world/entity/monster/MagmaCube
net/minecraft/class_159	net/minecraft/world/level/storage/loot/functions/SetNbtFunction
net/minecraft/class_159$class_160	net/minecraft/world/level/storage/loot/functions/SetNbtFunction$Serializer
net/minecraft/class_1590	net/minecraft/world/entity/monster/ZombifiedPiglin
net/minecraft/class_1593	net/minecraft/world/entity/monster/Phantom
net/minecraft/class_1593$class_1594	net/minecraft/world/entity/monster/Phantom$AttackPhase
net/minecraft/class_1593$class_1595	net/minecraft/world/entity/monster/Phantom$PhantomAttackPlayerTargetGoal
net/minecraft/class_1593$class_1596	net/minecraft/world/entity/monster/Phantom$PhantomAttackStrategyGoal
net/minecraft/class_1593$class_1597	net/minecraft/world/entity/monster/Phantom$PhantomBodyRotationControl
net/minecraft/class_1593$class_1598	net/minecraft/world/entity/monster/Phantom$PhantomCircleAroundAnchorGoal
net/minecraft/class_1593$class_1599	net/minecraft/world/entity/monster/Phantom$PhantomLookControl
net/minecraft/class_1593$class_1600	net/minecraft/world/entity/monster/Phantom$PhantomMoveControl
net/minecraft/class_1593$class_1601	net/minecraft/world/entity/monster/Phantom$PhantomMoveTargetGoal
net/minecraft/class_1593$class_1602	net/minecraft/world/entity/monster/Phantom$PhantomSweepAttackGoal
net/minecraft/class_1603	net/minecraft/world/entity/monster/RangedAttackMob
net/minecraft/class_1604	net/minecraft/world/entity/monster/Pillager
net/minecraft/class_1606	net/minecraft/world/entity/monster/Shulker
net/minecraft/class_1606$class_1607	net/minecraft/world/entity/monster/Shulker$ShulkerAttackGoal
net/minecraft/class_1606$class_1608	net/minecraft/world/entity/monster/Shulker$ShulkerBodyRotationControl
net/minecraft/class_1606$class_1609	net/minecraft/world/entity/monster/Shulker$ShulkerDefenseAttackGoal
net/minecraft/class_1606$class_1610	net/minecraft/world/entity/monster/Shulker$ShulkerNearestAttackGoal
net/minecraft/class_1606$class_1611	net/minecraft/world/entity/monster/Shulker$ShulkerPeekGoal
net/minecraft/class_1606$class_6376	net/minecraft/world/entity/monster/Shulker$ShulkerLookControl
net/minecraft/class_161	net/minecraft/advancements/Advancement
net/minecraft/class_161$class_162	net/minecraft/advancements/Advancement$Builder
net/minecraft/class_1613	net/minecraft/world/entity/monster/Skeleton
net/minecraft/class_1614	net/minecraft/world/entity/monster/Silverfish
net/minecraft/class_1614$class_1615	net/minecraft/world/entity/monster/Silverfish$SilverfishMergeWithStoneGoal
net/minecraft/class_1614$class_1616	net/minecraft/world/entity/monster/Silverfish$SilverfishWakeUpFriendsGoal
net/minecraft/class_1617	net/minecraft/world/entity/monster/SpellcasterIllager
net/minecraft/class_1617$class_1618	net/minecraft/world/entity/monster/SpellcasterIllager$IllagerSpell
net/minecraft/class_1617$class_1619	net/minecraft/world/entity/monster/SpellcasterIllager$SpellcasterCastingSpellGoal
net/minecraft/class_1617$class_1620	net/minecraft/world/entity/monster/SpellcasterIllager$SpellcasterUseSpellGoal
net/minecraft/class_1621	net/minecraft/world/entity/monster/Slime
net/minecraft/class_1621$class_1622	net/minecraft/world/entity/monster/Slime$SlimeAttackGoal
net/minecraft/class_1621$class_1623	net/minecraft/world/entity/monster/Slime$SlimeFloatGoal
net/minecraft/class_1621$class_1624	net/minecraft/world/entity/monster/Slime$SlimeKeepOnJumpingGoal
net/minecraft/class_1621$class_1625	net/minecraft/world/entity/monster/Slime$SlimeMoveControl
net/minecraft/class_1621$class_1626	net/minecraft/world/entity/monster/Slime$SlimeRandomDirectionGoal
net/minecraft/class_1627	net/minecraft/world/entity/monster/Stray
net/minecraft/class_1628	net/minecraft/world/entity/monster/Spider
net/minecraft/class_1628$class_1629	net/minecraft/world/entity/monster/Spider$SpiderAttackGoal
net/minecraft/class_1628$class_1630	net/minecraft/world/entity/monster/Spider$SpiderEffectsGroupData
net/minecraft/class_1628$class_1631	net/minecraft/world/entity/monster/Spider$SpiderTargetGoal
net/minecraft/class_163	net/minecraft/advancements/AdvancementList
net/minecraft/class_163$class_164	net/minecraft/advancements/AdvancementList$Listener
net/minecraft/class_1632	net/minecraft/world/entity/monster/Vindicator
net/minecraft/class_1632$class_1633	net/minecraft/world/entity/monster/Vindicator$VindicatorJohnnyAttackGoal
net/minecraft/class_1632$class_3761	net/minecraft/world/entity/monster/Vindicator$VindicatorBreakDoorGoal
net/minecraft/class_1632$class_4293	net/minecraft/world/entity/monster/Vindicator$VindicatorMeleeAttackGoal
net/minecraft/class_1634	net/minecraft/world/entity/monster/Vex
net/minecraft/class_1634$class_1635	net/minecraft/world/entity/monster/Vex$VexChargeAttackGoal
net/minecraft/class_1634$class_1636	net/minecraft/world/entity/monster/Vex$VexCopyOwnerTargetGoal
net/minecraft/class_1634$class_1637	net/minecraft/world/entity/monster/Vex$VexMoveControl
net/minecraft/class_1634$class_1638	net/minecraft/world/entity/monster/Vex$VexRandomMoveGoal
net/minecraft/class_1639	net/minecraft/world/entity/monster/WitherSkeleton
net/minecraft/class_1640	net/minecraft/world/entity/monster/Witch
net/minecraft/class_1641	net/minecraft/world/entity/monster/ZombieVillager
net/minecraft/class_1642	net/minecraft/world/entity/monster/Zombie
net/minecraft/class_1642$class_1643	net/minecraft/world/entity/monster/Zombie$ZombieAttackTurtleEggGoal
net/minecraft/class_1642$class_1644	net/minecraft/world/entity/monster/Zombie$ZombieGroupData
net/minecraft/class_1645	net/minecraft/world/entity/npc/ClientSideMerchant
net/minecraft/class_1646	net/minecraft/world/entity/npc/Villager
net/minecraft/class_165	net/minecraft/world/level/storage/loot/functions/SmeltItemFunction
net/minecraft/class_165$class_5340	net/minecraft/world/level/storage/loot/functions/SmeltItemFunction$Serializer
net/minecraft/class_1655	net/minecraft/world/entity/npc/Npc
net/minecraft/class_1656	net/minecraft/world/entity/player/Abilities
net/minecraft/class_1657	net/minecraft/world/entity/player/Player
net/minecraft/class_1657$1	net/minecraft/world/entity/player/Player$1
net/minecraft/class_1657$class_1658	net/minecraft/world/entity/player/Player$BedSleepingProblem
net/minecraft/class_1659	net/minecraft/world/entity/player/ChatVisiblity
net/minecraft/class_1661	net/minecraft/world/entity/player/Inventory
net/minecraft/class_1662	net/minecraft/world/entity/player/StackedContents
net/minecraft/class_1662$class_1663	net/minecraft/world/entity/player/StackedContents$RecipePicker
net/minecraft/class_1664	net/minecraft/world/entity/player/PlayerModelPart
net/minecraft/class_1665	net/minecraft/world/entity/projectile/AbstractArrow
net/minecraft/class_1665$1	net/minecraft/world/entity/projectile/AbstractArrow$1
net/minecraft/class_1665$class_1666	net/minecraft/world/entity/projectile/AbstractArrow$Pickup
net/minecraft/class_1667	net/minecraft/world/entity/projectile/Arrow
net/minecraft/class_1668	net/minecraft/world/entity/projectile/AbstractHurtingProjectile
net/minecraft/class_1669	net/minecraft/world/entity/projectile/EvokerFangs
net/minecraft/class_167	net/minecraft/advancements/AdvancementProgress
net/minecraft/class_167$class_168	net/minecraft/advancements/AdvancementProgress$Serializer
net/minecraft/class_1670	net/minecraft/world/entity/projectile/DragonFireball
net/minecraft/class_1671	net/minecraft/world/entity/projectile/FireworkRocketEntity
net/minecraft/class_1672	net/minecraft/world/entity/projectile/EyeOfEnder
net/minecraft/class_1673	net/minecraft/world/entity/projectile/LlamaSpit
net/minecraft/class_1674	net/minecraft/world/entity/projectile/LargeFireball
net/minecraft/class_1675	net/minecraft/world/entity/projectile/ProjectileUtil
net/minecraft/class_1676	net/minecraft/world/entity/projectile/Projectile
net/minecraft/class_1677	net/minecraft/world/entity/projectile/SmallFireball
net/minecraft/class_1678	net/minecraft/world/entity/projectile/ShulkerBullet
net/minecraft/class_1679	net/minecraft/world/entity/projectile/SpectralArrow
net/minecraft/class_1680	net/minecraft/world/entity/projectile/Snowball
net/minecraft/class_1681	net/minecraft/world/entity/projectile/ThrownEgg
net/minecraft/class_1682	net/minecraft/world/entity/projectile/ThrowableProjectile
net/minecraft/class_1683	net/minecraft/world/entity/projectile/ThrownExperienceBottle
net/minecraft/class_1684	net/minecraft/world/entity/projectile/ThrownEnderpearl
net/minecraft/class_1685	net/minecraft/world/entity/projectile/ThrownTrident
net/minecraft/class_1686	net/minecraft/world/entity/projectile/ThrownPotion
net/minecraft/class_1687	net/minecraft/world/entity/projectile/WitherSkull
net/minecraft/class_1688	net/minecraft/world/entity/vehicle/AbstractMinecart
net/minecraft/class_1688$1	net/minecraft/world/entity/vehicle/AbstractMinecart$1
net/minecraft/class_1688$class_1689	net/minecraft/world/entity/vehicle/AbstractMinecart$Type
net/minecraft/class_169	net/minecraft/world/level/storage/loot/parameters/LootContextParam
net/minecraft/class_1690	net/minecraft/world/entity/vehicle/Boat
net/minecraft/class_1690$1	net/minecraft/world/entity/vehicle/Boat$1
net/minecraft/class_1690$class_1691	net/minecraft/world/entity/vehicle/Boat$Status
net/minecraft/class_1690$class_1692	net/minecraft/world/entity/vehicle/Boat$Type
net/minecraft/class_1693	net/minecraft/world/entity/vehicle/AbstractMinecartContainer
net/minecraft/class_1694	net/minecraft/world/entity/vehicle/MinecartChest
net/minecraft/class_1695	net/minecraft/world/entity/vehicle/Minecart
net/minecraft/class_1696	net/minecraft/world/entity/vehicle/MinecartFurnace
net/minecraft/class_1697	net/minecraft/world/entity/vehicle/MinecartCommandBlock
net/minecraft/class_1697$class_1698	net/minecraft/world/entity/vehicle/MinecartCommandBlock$MinecartCommandBase
net/minecraft/class_1699	net/minecraft/world/entity/vehicle/MinecartSpawner
net/minecraft/class_1699$1	net/minecraft/world/entity/vehicle/MinecartSpawner$1
net/minecraft/class_17	net/minecraft/world/level/saveddata/maps/MapBanner
net/minecraft/class_17$1	net/minecraft/world/level/saveddata/maps/MapBanner$1
net/minecraft/class_170	net/minecraft/advancements/AdvancementRewards
net/minecraft/class_170$class_171	net/minecraft/advancements/AdvancementRewards$Builder
net/minecraft/class_1700	net/minecraft/world/entity/vehicle/MinecartHopper
net/minecraft/class_1701	net/minecraft/world/entity/vehicle/MinecartTNT
net/minecraft/class_1702	net/minecraft/world/food/FoodData
net/minecraft/class_1703	net/minecraft/world/inventory/AbstractContainerMenu
net/minecraft/class_1703$1	net/minecraft/world/inventory/AbstractContainerMenu$1
net/minecraft/class_1704	net/minecraft/world/inventory/BeaconMenu
net/minecraft/class_1704$1	net/minecraft/world/inventory/BeaconMenu$1
net/minecraft/class_1704$class_1705	net/minecraft/world/inventory/BeaconMenu$PaymentSlot
net/minecraft/class_1706	net/minecraft/world/inventory/AnvilMenu
net/minecraft/class_1706$1	net/minecraft/world/inventory/AnvilMenu$1
net/minecraft/class_1707	net/minecraft/world/inventory/ChestMenu
net/minecraft/class_1708	net/minecraft/world/inventory/BrewingStandMenu
net/minecraft/class_1708$class_1709	net/minecraft/world/inventory/BrewingStandMenu$FuelSlot
net/minecraft/class_1708$class_1710	net/minecraft/world/inventory/BrewingStandMenu$IngredientsSlot
net/minecraft/class_1708$class_1711	net/minecraft/world/inventory/BrewingStandMenu$PotionSlot
net/minecraft/class_1712	net/minecraft/world/inventory/ContainerListener
net/minecraft/class_1713	net/minecraft/world/inventory/ClickType
net/minecraft/class_1714	net/minecraft/world/inventory/CraftingMenu
net/minecraft/class_1715	net/minecraft/world/inventory/TransientCraftingContainer
net/minecraft/class_1716	net/minecraft/world/inventory/DispenserMenu
net/minecraft/class_1717	net/minecraft/world/inventory/FurnaceFuelSlot
net/minecraft/class_1718	net/minecraft/world/inventory/EnchantmentMenu
net/minecraft/class_1718$1	net/minecraft/world/inventory/EnchantmentMenu$1
net/minecraft/class_1718$2	net/minecraft/world/inventory/EnchantmentMenu$2
net/minecraft/class_1718$3	net/minecraft/world/inventory/EnchantmentMenu$3
net/minecraft/class_1719	net/minecraft/world/inventory/FurnaceResultSlot
net/minecraft/class_1720	net/minecraft/world/inventory/AbstractFurnaceMenu
net/minecraft/class_1722	net/minecraft/world/inventory/HopperMenu
net/minecraft/class_1723	net/minecraft/world/inventory/InventoryMenu
net/minecraft/class_1723$1	net/minecraft/world/inventory/InventoryMenu$1
net/minecraft/class_1723$2	net/minecraft/world/inventory/InventoryMenu$2
net/minecraft/class_1724	net/minecraft/world/inventory/HorseInventoryMenu
net/minecraft/class_1724$1	net/minecraft/world/inventory/HorseInventoryMenu$1
net/minecraft/class_1724$2	net/minecraft/world/inventory/HorseInventoryMenu$2
net/minecraft/class_1725	net/minecraft/world/inventory/MerchantContainer
net/minecraft/class_1726	net/minecraft/world/inventory/LoomMenu
net/minecraft/class_1726$1	net/minecraft/world/inventory/LoomMenu$1
net/minecraft/class_1726$2	net/minecraft/world/inventory/LoomMenu$2
net/minecraft/class_1726$3	net/minecraft/world/inventory/LoomMenu$3
net/minecraft/class_1726$4	net/minecraft/world/inventory/LoomMenu$4
net/minecraft/class_1726$5	net/minecraft/world/inventory/LoomMenu$5
net/minecraft/class_1726$6	net/minecraft/world/inventory/LoomMenu$6
net/minecraft/class_1727	net/minecraft/world/inventory/MerchantResultSlot
net/minecraft/class_1728	net/minecraft/world/inventory/MerchantMenu
net/minecraft/class_1729	net/minecraft/world/inventory/RecipeBookMenu
net/minecraft/class_173	net/minecraft/world/level/storage/loot/parameters/LootContextParamSets
net/minecraft/class_1730	net/minecraft/world/inventory/PlayerEnderChestContainer
net/minecraft/class_1731	net/minecraft/world/inventory/ResultContainer
net/minecraft/class_1732	net/minecraft/world/inventory/RecipeHolder
net/minecraft/class_1733	net/minecraft/world/inventory/ShulkerBoxMenu
net/minecraft/class_1734	net/minecraft/world/inventory/ResultSlot
net/minecraft/class_1735	net/minecraft/world/inventory/Slot
net/minecraft/class_1736	net/minecraft/world/inventory/ShulkerBoxSlot
net/minecraft/class_1737	net/minecraft/world/inventory/StackedContentsCompatible
net/minecraft/class_1738	net/minecraft/world/item/ArmorItem
net/minecraft/class_1738$1	net/minecraft/world/item/ArmorItem$1
net/minecraft/class_1738$class_8051	net/minecraft/world/item/ArmorItem$Type
net/minecraft/class_1739	net/minecraft/world/item/AirItem
net/minecraft/class_174	net/minecraft/advancements/CriteriaTriggers
net/minecraft/class_1740	net/minecraft/world/item/ArmorMaterials
net/minecraft/class_1741	net/minecraft/world/item/ArmorMaterial
net/minecraft/class_1742	net/minecraft/world/item/ArmorStandItem
net/minecraft/class_1743	net/minecraft/world/item/AxeItem
net/minecraft/class_1744	net/minecraft/world/item/ArrowItem
net/minecraft/class_1745	net/minecraft/world/item/BannerPatternItem
net/minecraft/class_1746	net/minecraft/world/item/BannerItem
net/minecraft/class_1747	net/minecraft/world/item/BlockItem
net/minecraft/class_1748	net/minecraft/world/item/BedItem
net/minecraft/class_1749	net/minecraft/world/item/BoatItem
net/minecraft/class_175	net/minecraft/advancements/Criterion
net/minecraft/class_1750	net/minecraft/world/item/context/BlockPlaceContext
net/minecraft/class_1751	net/minecraft/world/item/BookItem
net/minecraft/class_1752	net/minecraft/world/item/BoneMealItem
net/minecraft/class_1753	net/minecraft/world/item/BowItem
net/minecraft/class_1754	net/minecraft/world/item/BottleItem
net/minecraft/class_1755	net/minecraft/world/item/BucketItem
net/minecraft/class_1756	net/minecraft/world/item/BowlFoodItem
net/minecraft/class_1757	net/minecraft/world/item/ChorusFruitItem
net/minecraft/class_1758	net/minecraft/world/item/FoodOnAStickItem
net/minecraft/class_1759	net/minecraft/world/item/CompassItem
net/minecraft/class_176	net/minecraft/world/level/storage/loot/parameters/LootContextParamSet
net/minecraft/class_176$class_177	net/minecraft/world/level/storage/loot/parameters/LootContextParamSet$Builder
net/minecraft/class_1761	net/minecraft/world/item/CreativeModeTab
net/minecraft/class_1761$1	net/minecraft/world/item/CreativeModeTab$1
net/minecraft/class_1761$class_7703	net/minecraft/world/item/CreativeModeTab$ItemDisplayBuilder
net/minecraft/class_1761$class_7704	net/minecraft/world/item/CreativeModeTab$Output
net/minecraft/class_1761$class_7705	net/minecraft/world/item/CreativeModeTab$TabVisibility
net/minecraft/class_1761$class_7913	net/minecraft/world/item/CreativeModeTab$Builder
net/minecraft/class_1761$class_7914	net/minecraft/world/item/CreativeModeTab$DisplayItemsGenerator
net/minecraft/class_1761$class_7915	net/minecraft/world/item/CreativeModeTab$Row
net/minecraft/class_1761$class_7916	net/minecraft/world/item/CreativeModeTab$Type
net/minecraft/class_1761$class_8128	net/minecraft/world/item/CreativeModeTab$ItemDisplayParameters
net/minecraft/class_1762	net/minecraft/world/item/ComplexItem
net/minecraft/class_1763	net/minecraft/world/item/DebugStickItem
net/minecraft/class_1764	net/minecraft/world/item/CrossbowItem
net/minecraft/class_1765	net/minecraft/world/item/DoubleHighBlockItem
net/minecraft/class_1766	net/minecraft/world/item/DiggerItem
net/minecraft/class_1767	net/minecraft/world/item/DyeColor
net/minecraft/class_1768	net/minecraft/world/item/DyeableLeatherItem
net/minecraft/class_1769	net/minecraft/world/item/DyeItem
net/minecraft/class_1770	net/minecraft/world/item/ElytraItem
net/minecraft/class_1771	net/minecraft/world/item/EggItem
net/minecraft/class_1772	net/minecraft/world/item/EnchantedBookItem
net/minecraft/class_1773	net/minecraft/world/item/EmptyMapItem
net/minecraft/class_1774	net/minecraft/world/item/EndCrystalItem
net/minecraft/class_1775	net/minecraft/world/item/EnchantedGoldenAppleItem
net/minecraft/class_1776	net/minecraft/world/item/EnderpearlItem
net/minecraft/class_1777	net/minecraft/world/item/EnderEyeItem
net/minecraft/class_1778	net/minecraft/world/item/FireChargeItem
net/minecraft/class_1779	net/minecraft/world/item/ExperienceBottleItem
net/minecraft/class_178	net/minecraft/advancements/CriterionProgress
net/minecraft/class_1780	net/minecraft/world/item/FireworkStarItem
net/minecraft/class_1781	net/minecraft/world/item/FireworkRocketItem
net/minecraft/class_1781$class_1782	net/minecraft/world/item/FireworkRocketItem$Shape
net/minecraft/class_1785	net/minecraft/world/item/MobBucketItem
net/minecraft/class_1786	net/minecraft/world/item/FlintAndSteelItem
net/minecraft/class_1787	net/minecraft/world/item/FishingRodItem
net/minecraft/class_1788	net/minecraft/world/item/GameMasterBlockItem
net/minecraft/class_179	net/minecraft/advancements/CriterionTrigger
net/minecraft/class_179$class_180	net/minecraft/advancements/CriterionTrigger$Listener
net/minecraft/class_1790	net/minecraft/world/item/HangingEntityItem
net/minecraft/class_1792	net/minecraft/world/item/Item
net/minecraft/class_1792$1	net/minecraft/world/item/Item$1
net/minecraft/class_1792$class_1793	net/minecraft/world/item/Item$Properties
net/minecraft/class_1794	net/minecraft/world/item/HoeItem
net/minecraft/class_1795	net/minecraft/world/item/ItemFrameItem
net/minecraft/class_1796	net/minecraft/world/item/ItemCooldowns
net/minecraft/class_1796$class_1797	net/minecraft/world/item/ItemCooldowns$CooldownInstance
net/minecraft/class_1798	net/minecraft/world/item/ItemNameBlockItem
net/minecraft/class_1799	net/minecraft/world/item/ItemStack
net/minecraft/class_1799$class_5422	net/minecraft/world/item/ItemStack$TooltipPart
net/minecraft/class_18	net/minecraft/world/level/saveddata/SavedData
net/minecraft/class_1800	net/minecraft/client/renderer/item/ItemPropertyFunction
net/minecraft/class_1801	net/minecraft/world/item/KnowledgeBookItem
net/minecraft/class_1802	net/minecraft/world/item/Items
net/minecraft/class_1803	net/minecraft/world/item/LingeringPotionItem
net/minecraft/class_1804	net/minecraft/world/item/LeadItem
net/minecraft/class_1805	net/minecraft/world/item/MilkBucketItem
net/minecraft/class_1806	net/minecraft/world/item/MapItem
net/minecraft/class_1807	net/minecraft/world/item/NameTagItem
net/minecraft/class_1808	net/minecraft/world/item/MinecartItem
net/minecraft/class_1808$1	net/minecraft/world/item/MinecartItem$1
net/minecraft/class_1809	net/minecraft/world/item/PlayerHeadItem
net/minecraft/class_181	net/minecraft/world/level/storage/loot/parameters/LootContextParams
net/minecraft/class_1810	net/minecraft/world/item/PickaxeItem
net/minecraft/class_1811	net/minecraft/world/item/ProjectileWeaponItem
net/minecraft/class_1812	net/minecraft/world/item/PotionItem
net/minecraft/class_1813	net/minecraft/world/item/RecordItem
net/minecraft/class_1814	net/minecraft/world/item/Rarity
net/minecraft/class_1816	net/minecraft/world/item/SaddleItem
net/minecraft/class_1817	net/minecraft/world/item/ServerItemCooldowns
net/minecraft/class_1819	net/minecraft/world/item/ShieldItem
net/minecraft/class_182	net/minecraft/world/level/storage/loot/predicates/BonusLevelTableCondition
net/minecraft/class_182$class_183	net/minecraft/world/level/storage/loot/predicates/BonusLevelTableCondition$Serializer
net/minecraft/class_1820	net/minecraft/world/item/ShearsItem
net/minecraft/class_1821	net/minecraft/world/item/ShovelItem
net/minecraft/class_1822	net/minecraft/world/item/SignItem
net/minecraft/class_1823	net/minecraft/world/item/SnowballItem
net/minecraft/class_1824	net/minecraft/world/item/SimpleFoiledItem
net/minecraft/class_1825	net/minecraft/world/item/SpectralArrowItem
net/minecraft/class_1826	net/minecraft/world/item/SpawnEggItem
net/minecraft/class_1827	net/minecraft/world/item/StandingAndWallBlockItem
net/minecraft/class_1828	net/minecraft/world/item/SplashPotionItem
net/minecraft/class_1829	net/minecraft/world/item/SwordItem
net/minecraft/class_1830	net/minecraft/world/item/SuspiciousStewItem
net/minecraft/class_1831	net/minecraft/world/item/TieredItem
net/minecraft/class_1832	net/minecraft/world/item/Tier
net/minecraft/class_1833	net/minecraft/world/item/TippedArrowItem
net/minecraft/class_1834	net/minecraft/world/item/Tiers
net/minecraft/class_1835	net/minecraft/world/item/TridentItem
net/minecraft/class_1836	net/minecraft/world/item/TooltipFlag
net/minecraft/class_1836$class_1837	net/minecraft/world/item/TooltipFlag$Default
net/minecraft/class_1838	net/minecraft/world/item/context/UseOnContext
net/minecraft/class_1839	net/minecraft/world/item/UseAnim
net/minecraft/class_184	net/minecraft/advancements/CriterionTriggerInstance
net/minecraft/class_1840	net/minecraft/world/item/WritableBookItem
net/minecraft/class_1841	net/minecraft/world/item/PlaceOnWaterBlockItem
net/minecraft/class_1842	net/minecraft/world/item/alchemy/Potion
net/minecraft/class_1843	net/minecraft/world/item/WrittenBookItem
net/minecraft/class_1844	net/minecraft/world/item/alchemy/PotionUtils
net/minecraft/class_1845	net/minecraft/world/item/alchemy/PotionBrewing
net/minecraft/class_1845$class_1846	net/minecraft/world/item/alchemy/PotionBrewing$Mix
net/minecraft/class_1847	net/minecraft/world/item/alchemy/Potions
net/minecraft/class_1848	net/minecraft/world/item/crafting/BannerDuplicateRecipe
net/minecraft/class_1849	net/minecraft/world/item/crafting/ArmorDyeRecipe
net/minecraft/class_185	net/minecraft/advancements/DisplayInfo
net/minecraft/class_1850	net/minecraft/world/item/crafting/BookCloningRecipe
net/minecraft/class_1851	net/minecraft/world/item/crafting/FireworkRocketRecipe
net/minecraft/class_1852	net/minecraft/world/item/crafting/CustomRecipe
net/minecraft/class_1853	net/minecraft/world/item/crafting/FireworkStarRecipe
net/minecraft/class_1854	net/minecraft/world/item/crafting/FireworkStarFadeRecipe
net/minecraft/class_1855	net/minecraft/world/item/crafting/MapCloningRecipe
net/minecraft/class_1856	net/minecraft/world/item/crafting/Ingredient
net/minecraft/class_1856$class_1857	net/minecraft/world/item/crafting/Ingredient$ItemValue
net/minecraft/class_1856$class_1858	net/minecraft/world/item/crafting/Ingredient$TagValue
net/minecraft/class_1856$class_1859	net/minecraft/world/item/crafting/Ingredient$Value
net/minecraft/class_186	net/minecraft/world/level/storage/loot/predicates/CompositeLootItemCondition
net/minecraft/class_186$class_187	net/minecraft/world/level/storage/loot/predicates/CompositeLootItemCondition$Builder
net/minecraft/class_186$class_188	net/minecraft/world/level/storage/loot/predicates/CompositeLootItemCondition$Serializer
net/minecraft/class_1860	net/minecraft/world/item/crafting/Recipe
net/minecraft/class_1861	net/minecraft/world/item/crafting/MapExtendingRecipe
net/minecraft/class_1863	net/minecraft/world/item/crafting/RecipeManager
net/minecraft/class_1863$1	net/minecraft/world/item/crafting/RecipeManager$1
net/minecraft/class_1863$class_7266	net/minecraft/world/item/crafting/RecipeManager$CachedCheck
net/minecraft/class_1865	net/minecraft/world/item/crafting/RecipeSerializer
net/minecraft/class_1866	net/minecraft/world/item/crafting/SimpleCraftingRecipeSerializer
net/minecraft/class_1866$class_7711	net/minecraft/world/item/crafting/SimpleCraftingRecipeSerializer$Factory
net/minecraft/class_1867	net/minecraft/world/item/crafting/ShapelessRecipe
net/minecraft/class_1867$class_1868	net/minecraft/world/item/crafting/ShapelessRecipe$Serializer
net/minecraft/class_1869	net/minecraft/world/item/crafting/ShapedRecipe
net/minecraft/class_1869$class_1870	net/minecraft/world/item/crafting/ShapedRecipe$Serializer
net/minecraft/class_1871	net/minecraft/world/item/crafting/ShulkerBoxColoring
net/minecraft/class_1872	net/minecraft/world/item/crafting/ShieldDecorationRecipe
net/minecraft/class_1873	net/minecraft/world/item/crafting/SuspiciousStewRecipe
net/minecraft/class_1874	net/minecraft/world/item/crafting/AbstractCookingRecipe
net/minecraft/class_1876	net/minecraft/world/item/crafting/TippedArrowRecipe
net/minecraft/class_1877	net/minecraft/world/item/enchantment/ArrowFireEnchantment
net/minecraft/class_1878	net/minecraft/world/item/enchantment/ArrowDamageEnchantment
net/minecraft/class_1879	net/minecraft/world/item/enchantment/ArrowKnockbackEnchantment
net/minecraft/class_1880	net/minecraft/world/item/enchantment/ArrowInfiniteEnchantment
net/minecraft/class_1881	net/minecraft/world/item/enchantment/ArrowPiercingEnchantment
net/minecraft/class_1882	net/minecraft/world/item/enchantment/DamageEnchantment
net/minecraft/class_1883	net/minecraft/world/item/enchantment/BindingCurseEnchantment
net/minecraft/class_1884	net/minecraft/world/item/enchantment/DiggingEnchantment
net/minecraft/class_1885	net/minecraft/world/item/enchantment/DigDurabilityEnchantment
net/minecraft/class_1886	net/minecraft/world/item/enchantment/EnchantmentCategory
net/minecraft/class_1886$1	net/minecraft/world/item/enchantment/EnchantmentCategory$1
net/minecraft/class_1886$10	net/minecraft/world/item/enchantment/EnchantmentCategory$5
net/minecraft/class_1886$11	net/minecraft/world/item/enchantment/EnchantmentCategory$6
net/minecraft/class_1886$12	net/minecraft/world/item/enchantment/EnchantmentCategory$7
net/minecraft/class_1886$13	net/minecraft/world/item/enchantment/EnchantmentCategory$8
net/minecraft/class_1886$14	net/minecraft/world/item/enchantment/EnchantmentCategory$9
net/minecraft/class_1886$2	net/minecraft/world/item/enchantment/EnchantmentCategory$10
net/minecraft/class_1886$3	net/minecraft/world/item/enchantment/EnchantmentCategory$11
net/minecraft/class_1886$4	net/minecraft/world/item/enchantment/EnchantmentCategory$12
net/minecraft/class_1886$5	net/minecraft/world/item/enchantment/EnchantmentCategory$13
net/minecraft/class_1886$6	net/minecraft/world/item/enchantment/EnchantmentCategory$14
net/minecraft/class_1886$7	net/minecraft/world/item/enchantment/EnchantmentCategory$2
net/minecraft/class_1886$8	net/minecraft/world/item/enchantment/EnchantmentCategory$3
net/minecraft/class_1886$9	net/minecraft/world/item/enchantment/EnchantmentCategory$4
net/minecraft/class_1887	net/minecraft/world/item/enchantment/Enchantment
net/minecraft/class_1887$class_1888	net/minecraft/world/item/enchantment/Enchantment$Rarity
net/minecraft/class_1889	net/minecraft/world/item/enchantment/EnchantmentInstance
net/minecraft/class_189	net/minecraft/advancements/FrameType
net/minecraft/class_1890	net/minecraft/world/item/enchantment/EnchantmentHelper
net/minecraft/class_1890$class_1891	net/minecraft/world/item/enchantment/EnchantmentHelper$EnchantmentVisitor
net/minecraft/class_1892	net/minecraft/world/item/enchantment/FireAspectEnchantment
net/minecraft/class_1893	net/minecraft/world/item/enchantment/Enchantments
net/minecraft/class_1894	net/minecraft/world/item/enchantment/FrostWalkerEnchantment
net/minecraft/class_1895	net/minecraft/world/item/enchantment/FishingSpeedEnchantment
net/minecraft/class_1896	net/minecraft/world/item/enchantment/LootBonusEnchantment
net/minecraft/class_1897	net/minecraft/world/item/enchantment/KnockbackEnchantment
net/minecraft/class_1898	net/minecraft/world/item/enchantment/MultiShotEnchantment
net/minecraft/class_1899	net/minecraft/world/item/enchantment/MendingEnchantment
net/minecraft/class_19	net/minecraft/world/level/saveddata/maps/MapFrame
net/minecraft/class_190	net/minecraft/world/level/storage/loot/predicates/DamageSourceCondition
net/minecraft/class_190$class_191	net/minecraft/world/level/storage/loot/predicates/DamageSourceCondition$Serializer
net/minecraft/class_1900	net/minecraft/world/item/enchantment/ProtectionEnchantment
net/minecraft/class_1900$class_1901	net/minecraft/world/item/enchantment/ProtectionEnchantment$Type
net/minecraft/class_1902	net/minecraft/world/item/enchantment/OxygenEnchantment
net/minecraft/class_1903	net/minecraft/world/item/enchantment/SweepingEdgeEnchantment
net/minecraft/class_1904	net/minecraft/world/item/enchantment/QuickChargeEnchantment
net/minecraft/class_1905	net/minecraft/world/item/enchantment/TridentChannelingEnchantment
net/minecraft/class_1906	net/minecraft/world/item/enchantment/ThornsEnchantment
net/minecraft/class_1907	net/minecraft/world/item/enchantment/TridentLoyaltyEnchantment
net/minecraft/class_1908	net/minecraft/world/item/enchantment/TridentImpalerEnchantment
net/minecraft/class_1909	net/minecraft/world/item/enchantment/UntouchingEnchantment
net/minecraft/class_1910	net/minecraft/world/item/enchantment/TridentRiptideEnchantment
net/minecraft/class_1911	net/minecraft/world/item/enchantment/VanishingCurseEnchantment
net/minecraft/class_1912	net/minecraft/world/item/enchantment/WaterWorkerEnchantment
net/minecraft/class_1913	net/minecraft/world/item/enchantment/WaterWalkerEnchantment
net/minecraft/class_1914	net/minecraft/world/item/trading/MerchantOffer
net/minecraft/class_1915	net/minecraft/world/item/trading/Merchant
net/minecraft/class_1916	net/minecraft/world/item/trading/MerchantOffers
net/minecraft/class_1917	net/minecraft/world/level/BaseSpawner
net/minecraft/class_1918	net/minecraft/world/level/BaseCommandBlock
net/minecraft/class_1919	net/minecraft/world/level/BlockEventData
net/minecraft/class_192	net/minecraft/world/level/storage/loot/predicates/ConditionUserBuilder
net/minecraft/class_1920	net/minecraft/world/level/BlockAndTintGetter
net/minecraft/class_1921	net/minecraft/client/renderer/RenderType
net/minecraft/class_1921$class_4687	net/minecraft/client/renderer/RenderType$CompositeRenderType
net/minecraft/class_1921$class_4688	net/minecraft/client/renderer/RenderType$CompositeState
net/minecraft/class_1921$class_4688$class_4689	net/minecraft/client/renderer/RenderType$CompositeState$CompositeStateBuilder
net/minecraft/class_1921$class_4750	net/minecraft/client/renderer/RenderType$OutlineProperty
net/minecraft/class_1922	net/minecraft/world/level/BlockGetter
net/minecraft/class_1923	net/minecraft/world/level/ChunkPos
net/minecraft/class_1923$1	net/minecraft/world/level/ChunkPos$1
net/minecraft/class_1924	net/minecraft/world/level/EntityGetter
net/minecraft/class_1926	net/minecraft/world/level/FoliageColor
net/minecraft/class_1927	net/minecraft/world/level/Explosion
net/minecraft/class_1927$class_4179	net/minecraft/world/level/Explosion$BlockInteraction
net/minecraft/class_1928	net/minecraft/world/level/GameRules
net/minecraft/class_1928$class_4310	net/minecraft/world/level/GameRules$BooleanValue
net/minecraft/class_1928$class_4311	net/minecraft/world/level/GameRules$GameRuleTypeVisitor
net/minecraft/class_1928$class_4312	net/minecraft/world/level/GameRules$IntegerValue
net/minecraft/class_1928$class_4313	net/minecraft/world/level/GameRules$Key
net/minecraft/class_1928$class_4314	net/minecraft/world/level/GameRules$Type
net/minecraft/class_1928$class_4315	net/minecraft/world/level/GameRules$Value
net/minecraft/class_1928$class_5198	net/minecraft/world/level/GameRules$Category
net/minecraft/class_1928$class_5199	net/minecraft/world/level/GameRules$VisitorCaller
net/minecraft/class_193	net/minecraft/advancements/RequirementsStrategy
net/minecraft/class_1932	net/minecraft/world/level/ForcedChunksSavedData
net/minecraft/class_1933	net/minecraft/world/level/GrassColor
net/minecraft/class_1934	net/minecraft/world/level/GameType
net/minecraft/class_1935	net/minecraft/world/level/ItemLike
net/minecraft/class_1936	net/minecraft/world/level/LevelAccessor
net/minecraft/class_1937	net/minecraft/world/level/Level
net/minecraft/class_1937$1	net/minecraft/world/level/Level$1
net/minecraft/class_1937$2	net/minecraft/world/level/Level$2
net/minecraft/class_1937$class_7867	net/minecraft/world/level/Level$ExplosionInteraction
net/minecraft/class_194	net/minecraft/advancements/TreeNodePosition
net/minecraft/class_1940	net/minecraft/world/level/LevelSettings
net/minecraft/class_1941	net/minecraft/world/level/CollisionGetter
net/minecraft/class_1944	net/minecraft/world/level/LightLayer
net/minecraft/class_1945	net/minecraft/world/level/LevelWriter
net/minecraft/class_1946	net/minecraft/world/level/portal/PortalForcer
net/minecraft/class_1948	net/minecraft/world/level/NaturalSpawner
net/minecraft/class_1948$1	net/minecraft/world/level/NaturalSpawner$1
net/minecraft/class_1948$class_5259	net/minecraft/world/level/NaturalSpawner$AfterSpawnCallback
net/minecraft/class_1948$class_5260	net/minecraft/world/level/NaturalSpawner$ChunkGetter
net/minecraft/class_1948$class_5261	net/minecraft/world/level/NaturalSpawner$SpawnPredicate
net/minecraft/class_1948$class_5262	net/minecraft/world/level/NaturalSpawner$SpawnState
net/minecraft/class_195	net/minecraft/advancements/critereon/AbstractCriterionTriggerInstance
net/minecraft/class_1950	net/minecraft/world/level/PathNavigationRegion
net/minecraft/class_1952	net/minecraft/world/level/SpawnData
net/minecraft/class_1952$class_6542	net/minecraft/world/level/SpawnData$CustomSpawnRules
net/minecraft/class_1953	net/minecraft/world/ticks/TickPriority
net/minecraft/class_1959	net/minecraft/world/level/biome/Biome
net/minecraft/class_1959$1	net/minecraft/world/level/biome/Biome$1
net/minecraft/class_1959$class_1960	net/minecraft/world/level/biome/Biome$BiomeBuilder
net/minecraft/class_1959$class_1963	net/minecraft/world/level/biome/Biome$Precipitation
net/minecraft/class_1959$class_5482	net/minecraft/world/level/biome/Biome$ClimateSettings
net/minecraft/class_1959$class_5484	net/minecraft/world/level/biome/Biome$TemperatureModifier
net/minecraft/class_1959$class_5484$1	net/minecraft/world/level/biome/Biome$TemperatureModifier$1
net/minecraft/class_1959$class_5484$2	net/minecraft/world/level/biome/Biome$TemperatureModifier$2
net/minecraft/class_196	net/minecraft/advancements/critereon/BredAnimalsTrigger
net/minecraft/class_196$class_198	net/minecraft/advancements/critereon/BredAnimalsTrigger$TriggerInstance
net/minecraft/class_1966	net/minecraft/world/level/biome/BiomeSource
net/minecraft/class_1972	net/minecraft/world/level/biome/Biomes
net/minecraft/class_1973	net/minecraft/world/level/biome/CheckerboardColumnBiomeSource
net/minecraft/class_199	net/minecraft/world/level/storage/loot/predicates/EntityHasScoreCondition
net/minecraft/class_199$class_200	net/minecraft/world/level/storage/loot/predicates/EntityHasScoreCondition$Serializer
net/minecraft/class_199$class_6163	net/minecraft/world/level/storage/loot/predicates/EntityHasScoreCondition$Builder
net/minecraft/class_1992	net/minecraft/world/level/biome/FixedBiomeSource
net/minecraft/class_1996	net/minecraft/advancements/critereon/BrewedPotionTrigger
net/minecraft/class_1996$class_1998	net/minecraft/advancements/critereon/BrewedPotionTrigger$TriggerInstance
net/minecraft/class_1999	net/minecraft/advancements/critereon/ChangeDimensionTrigger
net/minecraft/class_1999$class_2001	net/minecraft/advancements/critereon/ChangeDimensionTrigger$TriggerInstance
net/minecraft/class_20	net/minecraft/world/level/saveddata/maps/MapDecoration
net/minecraft/class_20$class_21	net/minecraft/world/level/saveddata/maps/MapDecoration$Type
net/minecraft/class_2002	net/minecraft/advancements/critereon/ChanneledLightningTrigger
net/minecraft/class_2002$class_2004	net/minecraft/advancements/critereon/ChanneledLightningTrigger$TriggerInstance
net/minecraft/class_2006	net/minecraft/advancements/critereon/ConstructBeaconTrigger
net/minecraft/class_2006$class_2008	net/minecraft/advancements/critereon/ConstructBeaconTrigger$TriggerInstance
net/minecraft/class_201	net/minecraft/world/level/storage/loot/predicates/ExplosionCondition
net/minecraft/class_201$class_202	net/minecraft/world/level/storage/loot/predicates/ExplosionCondition$Serializer
net/minecraft/class_2010	net/minecraft/advancements/critereon/ConsumeItemTrigger
net/minecraft/class_2010$class_2012	net/minecraft/advancements/critereon/ConsumeItemTrigger$TriggerInstance
net/minecraft/class_2014	net/minecraft/advancements/critereon/CuredZombieVillagerTrigger
net/minecraft/class_2014$class_2016	net/minecraft/advancements/critereon/CuredZombieVillagerTrigger$TriggerInstance
net/minecraft/class_2019	net/minecraft/advancements/critereon/DamagePredicate
net/minecraft/class_2019$class_2020	net/minecraft/advancements/critereon/DamagePredicate$Builder
net/minecraft/class_2022	net/minecraft/advancements/critereon/DamageSourcePredicate
net/minecraft/class_2022$class_2023	net/minecraft/advancements/critereon/DamageSourcePredicate$Builder
net/minecraft/class_2025	net/minecraft/advancements/critereon/DistancePredicate
net/minecraft/class_2027	net/minecraft/advancements/critereon/EffectsChangedTrigger
net/minecraft/class_2027$class_2029	net/minecraft/advancements/critereon/EffectsChangedTrigger$TriggerInstance
net/minecraft/class_2030	net/minecraft/advancements/critereon/EnchantedItemTrigger
net/minecraft/class_2030$class_2032	net/minecraft/advancements/critereon/EnchantedItemTrigger$TriggerInstance
net/minecraft/class_2035	net/minecraft/advancements/critereon/EnchantmentPredicate
net/minecraft/class_2037	net/minecraft/advancements/critereon/EnterBlockTrigger
net/minecraft/class_2037$class_2039	net/minecraft/advancements/critereon/EnterBlockTrigger$TriggerInstance
net/minecraft/class_2040	net/minecraft/advancements/critereon/EntityFlagsPredicate
net/minecraft/class_2040$class_2041	net/minecraft/advancements/critereon/EntityFlagsPredicate$Builder
net/minecraft/class_2044	net/minecraft/advancements/critereon/EntityHurtPlayerTrigger
net/minecraft/class_2044$class_2046	net/minecraft/advancements/critereon/EntityHurtPlayerTrigger$TriggerInstance
net/minecraft/class_2048	net/minecraft/advancements/critereon/EntityPredicate
net/minecraft/class_2048$class_2049	net/minecraft/advancements/critereon/EntityPredicate$Builder
net/minecraft/class_205	net/minecraft/world/level/storage/loot/predicates/LocationCheck
net/minecraft/class_205$class_206	net/minecraft/world/level/storage/loot/predicates/LocationCheck$Serializer
net/minecraft/class_2050	net/minecraft/advancements/critereon/EntityTypePredicate
net/minecraft/class_2050$1	net/minecraft/advancements/critereon/EntityTypePredicate$1
net/minecraft/class_2050$class_2051	net/minecraft/advancements/critereon/EntityTypePredicate$TagPredicate
net/minecraft/class_2050$class_2052	net/minecraft/advancements/critereon/EntityTypePredicate$TypePredicate
net/minecraft/class_2054	net/minecraft/advancements/critereon/FilledBucketTrigger
net/minecraft/class_2054$class_2056	net/minecraft/advancements/critereon/FilledBucketTrigger$TriggerInstance
net/minecraft/class_2058	net/minecraft/advancements/critereon/FishingRodHookedTrigger
net/minecraft/class_2058$class_2060	net/minecraft/advancements/critereon/FishingRodHookedTrigger$TriggerInstance
net/minecraft/class_2062	net/minecraft/advancements/critereon/ImpossibleTrigger
net/minecraft/class_2062$class_2063	net/minecraft/advancements/critereon/ImpossibleTrigger$TriggerInstance
net/minecraft/class_2066	net/minecraft/advancements/critereon/InventoryChangeTrigger
net/minecraft/class_2066$class_2068	net/minecraft/advancements/critereon/InventoryChangeTrigger$TriggerInstance
net/minecraft/class_2069	net/minecraft/advancements/critereon/ItemDurabilityTrigger
net/minecraft/class_2069$class_2071	net/minecraft/advancements/critereon/ItemDurabilityTrigger$TriggerInstance
net/minecraft/class_207	net/minecraft/world/level/storage/loot/predicates/InvertedLootItemCondition
net/minecraft/class_207$class_208	net/minecraft/world/level/storage/loot/predicates/InvertedLootItemCondition$Serializer
net/minecraft/class_2073	net/minecraft/advancements/critereon/ItemPredicate
net/minecraft/class_2073$class_2074	net/minecraft/advancements/critereon/ItemPredicate$Builder
net/minecraft/class_2076	net/minecraft/advancements/critereon/KilledByCrossbowTrigger
net/minecraft/class_2076$class_2078	net/minecraft/advancements/critereon/KilledByCrossbowTrigger$TriggerInstance
net/minecraft/class_2080	net/minecraft/advancements/critereon/KilledTrigger
net/minecraft/class_2080$class_2083	net/minecraft/advancements/critereon/KilledTrigger$TriggerInstance
net/minecraft/class_2085	net/minecraft/advancements/critereon/LevitationTrigger
net/minecraft/class_2085$class_2087	net/minecraft/advancements/critereon/LevitationTrigger$TriggerInstance
net/minecraft/class_2090	net/minecraft/advancements/critereon/LocationPredicate
net/minecraft/class_2090$class_2091	net/minecraft/advancements/critereon/LocationPredicate$Builder
net/minecraft/class_2096	net/minecraft/advancements/critereon/MinMaxBounds
net/minecraft/class_2096$class_2097	net/minecraft/advancements/critereon/MinMaxBounds$BoundsFactory
net/minecraft/class_2096$class_2098	net/minecraft/advancements/critereon/MinMaxBounds$BoundsFromReaderFactory
net/minecraft/class_2096$class_2099	net/minecraft/advancements/critereon/MinMaxBounds$Doubles
net/minecraft/class_2096$class_2100	net/minecraft/advancements/critereon/MinMaxBounds$Ints
net/minecraft/class_2102	net/minecraft/advancements/critereon/MobEffectsPredicate
net/minecraft/class_2102$class_2103	net/minecraft/advancements/critereon/MobEffectsPredicate$MobEffectInstancePredicate
net/minecraft/class_2105	net/minecraft/advancements/critereon/NbtPredicate
net/minecraft/class_2108	net/minecraft/advancements/critereon/DistanceTrigger
net/minecraft/class_2108$class_2110	net/minecraft/advancements/critereon/DistanceTrigger$TriggerInstance
net/minecraft/class_2115	net/minecraft/advancements/critereon/PlayerHurtEntityTrigger
net/minecraft/class_2115$class_2117	net/minecraft/advancements/critereon/PlayerHurtEntityTrigger$TriggerInstance
net/minecraft/class_2119	net/minecraft/advancements/critereon/RecipeUnlockedTrigger
net/minecraft/class_2119$class_2121	net/minecraft/advancements/critereon/RecipeUnlockedTrigger$TriggerInstance
net/minecraft/class_212	net/minecraft/world/level/storage/loot/predicates/LootItemBlockStatePropertyCondition
net/minecraft/class_212$class_213	net/minecraft/world/level/storage/loot/predicates/LootItemBlockStatePropertyCondition$Builder
net/minecraft/class_212$class_214	net/minecraft/world/level/storage/loot/predicates/LootItemBlockStatePropertyCondition$Serializer
net/minecraft/class_2123	net/minecraft/advancements/critereon/ShotCrossbowTrigger
net/minecraft/class_2123$class_2125	net/minecraft/advancements/critereon/ShotCrossbowTrigger$TriggerInstance
net/minecraft/class_2128	net/minecraft/advancements/critereon/SummonedEntityTrigger
net/minecraft/class_2128$class_2130	net/minecraft/advancements/critereon/SummonedEntityTrigger$TriggerInstance
net/minecraft/class_2131	net/minecraft/advancements/critereon/TameAnimalTrigger
net/minecraft/class_2131$class_2133	net/minecraft/advancements/critereon/TameAnimalTrigger$TriggerInstance
net/minecraft/class_2135	net/minecraft/advancements/critereon/PlayerTrigger
net/minecraft/class_2135$class_2137	net/minecraft/advancements/critereon/PlayerTrigger$TriggerInstance
net/minecraft/class_2140	net/minecraft/advancements/critereon/TradeTrigger
net/minecraft/class_2140$class_2142	net/minecraft/advancements/critereon/TradeTrigger$TriggerInstance
net/minecraft/class_2143	net/minecraft/advancements/critereon/UsedEnderEyeTrigger
net/minecraft/class_2143$class_2145	net/minecraft/advancements/critereon/UsedEnderEyeTrigger$TriggerInstance
net/minecraft/class_2148	net/minecraft/advancements/critereon/UsedTotemTrigger
net/minecraft/class_2148$class_2150	net/minecraft/advancements/critereon/UsedTotemTrigger$TriggerInstance
net/minecraft/class_215	net/minecraft/world/level/storage/loot/predicates/LootItemEntityPropertyCondition
net/minecraft/class_215$class_216	net/minecraft/world/level/storage/loot/predicates/LootItemEntityPropertyCondition$Serializer
net/minecraft/class_2152	net/minecraft/advancements/critereon/WrappedMinMaxBounds
net/minecraft/class_2156	net/minecraft/commands/BrigadierExceptions
net/minecraft/class_2158	net/minecraft/commands/CommandFunction
net/minecraft/class_2158$class_2159	net/minecraft/commands/CommandFunction$CacheableFunction
net/minecraft/class_2158$class_2160	net/minecraft/commands/CommandFunction$CommandEntry
net/minecraft/class_2158$class_2161	net/minecraft/commands/CommandFunction$Entry
net/minecraft/class_2158$class_2162	net/minecraft/commands/CommandFunction$FunctionEntry
net/minecraft/class_2164	net/minecraft/commands/CommandRuntimeException
net/minecraft/class_2165	net/minecraft/commands/CommandSource
net/minecraft/class_2165$1	net/minecraft/commands/CommandSource$1
net/minecraft/class_2168	net/minecraft/commands/CommandSourceStack
net/minecraft/class_2169	net/minecraft/world/level/biome/TheEndBiomeSource
net/minecraft/class_217	net/minecraft/world/level/storage/loot/predicates/LootItemConditions
net/minecraft/class_2170	net/minecraft/commands/Commands
net/minecraft/class_2170$1	net/minecraft/commands/Commands$1
net/minecraft/class_2170$1$1	net/minecraft/commands/Commands$1$1
net/minecraft/class_2170$class_2171	net/minecraft/commands/Commands$ParseFunction
net/minecraft/class_2170$class_5364	net/minecraft/commands/Commands$CommandSelection
net/minecraft/class_2172	net/minecraft/commands/SharedSuggestionProvider
net/minecraft/class_2172$class_2173	net/minecraft/commands/SharedSuggestionProvider$TextCoordinates
net/minecraft/class_2172$class_7078	net/minecraft/commands/SharedSuggestionProvider$ElementSuggestionType
net/minecraft/class_2177	net/minecraft/commands/arguments/ColorArgument
net/minecraft/class_2178	net/minecraft/commands/arguments/ComponentArgument
net/minecraft/class_2179	net/minecraft/commands/arguments/CompoundTagArgument
net/minecraft/class_2181	net/minecraft/commands/arguments/DimensionArgument
net/minecraft/class_2183	net/minecraft/commands/arguments/EntityAnchorArgument
net/minecraft/class_2183$class_2184	net/minecraft/commands/arguments/EntityAnchorArgument$Anchor
net/minecraft/class_2185	net/minecraft/world/level/block/AbstractBannerBlock
net/minecraft/class_2186	net/minecraft/commands/arguments/EntityArgument
net/minecraft/class_2186$class_2187	net/minecraft/commands/arguments/EntityArgument$Info
net/minecraft/class_2186$class_2187$class_7171	net/minecraft/commands/arguments/EntityArgument$Info$Template
net/minecraft/class_2189	net/minecraft/world/level/block/AirBlock
net/minecraft/class_219	net/minecraft/world/level/storage/loot/predicates/LootItemRandomChanceCondition
net/minecraft/class_219$class_220	net/minecraft/world/level/storage/loot/predicates/LootItemRandomChanceCondition$Serializer
net/minecraft/class_2190	net/minecraft/world/level/block/AbstractSkullBlock
net/minecraft/class_2191	net/minecraft/commands/arguments/GameProfileArgument
net/minecraft/class_2191$class_2192	net/minecraft/commands/arguments/GameProfileArgument$Result
net/minecraft/class_2191$class_2193	net/minecraft/commands/arguments/GameProfileArgument$SelectorResult
net/minecraft/class_2195	net/minecraft/world/level/block/AttachedStemBlock
net/minecraft/class_2196	net/minecraft/commands/arguments/MessageArgument
net/minecraft/class_2196$class_2197	net/minecraft/commands/arguments/MessageArgument$Message
net/minecraft/class_2196$class_2198	net/minecraft/commands/arguments/MessageArgument$Part
net/minecraft/class_2199	net/minecraft/world/level/block/AnvilBlock
net/minecraft/class_22	net/minecraft/world/level/saveddata/maps/MapItemSavedData
net/minecraft/class_22$class_23	net/minecraft/world/level/saveddata/maps/MapItemSavedData$HoldingPlayer
net/minecraft/class_22$class_5637	net/minecraft/world/level/saveddata/maps/MapItemSavedData$MapPatch
net/minecraft/class_2202	net/minecraft/world/level/block/BambooSaplingBlock
net/minecraft/class_2203	net/minecraft/commands/arguments/NbtPathArgument
net/minecraft/class_2203$class_2204	net/minecraft/commands/arguments/NbtPathArgument$AllElementsNode
net/minecraft/class_2203$class_2205	net/minecraft/commands/arguments/NbtPathArgument$CompoundChildNode
net/minecraft/class_2203$class_2206	net/minecraft/commands/arguments/NbtPathArgument$IndexedElementNode
net/minecraft/class_2203$class_2207	net/minecraft/commands/arguments/NbtPathArgument$MatchElementNode
net/minecraft/class_2203$class_2208	net/minecraft/commands/arguments/NbtPathArgument$MatchObjectNode
net/minecraft/class_2203$class_2209	net/minecraft/commands/arguments/NbtPathArgument$NbtPath
net/minecraft/class_2203$class_2210	net/minecraft/commands/arguments/NbtPathArgument$Node
net/minecraft/class_2203$class_3707	net/minecraft/commands/arguments/NbtPathArgument$MatchRootObjectNode
net/minecraft/class_221	net/minecraft/world/level/storage/loot/predicates/LootItemKilledByPlayerCondition
net/minecraft/class_221$class_222	net/minecraft/world/level/storage/loot/predicates/LootItemKilledByPlayerCondition$Serializer
net/minecraft/class_2211	net/minecraft/world/level/block/BambooStalkBlock
net/minecraft/class_2212	net/minecraft/commands/arguments/NbtTagArgument
net/minecraft/class_2213	net/minecraft/world/level/block/BarrierBlock
net/minecraft/class_2214	net/minecraft/commands/arguments/ObjectiveArgument
net/minecraft/class_2215	net/minecraft/world/level/block/BannerBlock
net/minecraft/class_2216	net/minecraft/commands/arguments/ObjectiveCriteriaArgument
net/minecraft/class_2217	net/minecraft/world/level/block/BaseCoralPlantBlock
net/minecraft/class_2218	net/minecraft/commands/arguments/OperationArgument
net/minecraft/class_2218$class_2219	net/minecraft/commands/arguments/OperationArgument$Operation
net/minecraft/class_2218$class_2220	net/minecraft/commands/arguments/OperationArgument$SimpleOperation
net/minecraft/class_2221	net/minecraft/world/level/block/BaseCoralFanBlock
net/minecraft/class_2222	net/minecraft/world/level/block/BaseCoralWallFanBlock
net/minecraft/class_2223	net/minecraft/commands/arguments/ParticleArgument
net/minecraft/class_2224	net/minecraft/commands/arguments/RangeArgument
net/minecraft/class_2224$class_2225	net/minecraft/commands/arguments/RangeArgument$Floats
net/minecraft/class_2224$class_2227	net/minecraft/commands/arguments/RangeArgument$Ints
net/minecraft/class_223	net/minecraft/world/level/storage/loot/predicates/MatchTool
net/minecraft/class_223$class_224	net/minecraft/world/level/storage/loot/predicates/MatchTool$Serializer
net/minecraft/class_2230	net/minecraft/world/level/block/BaseCoralPlantTypeBlock
net/minecraft/class_2231	net/minecraft/world/level/block/BasePressurePlateBlock
net/minecraft/class_2232	net/minecraft/commands/arguments/ResourceLocationArgument
net/minecraft/class_2233	net/minecraft/commands/arguments/ScoreHolderArgument
net/minecraft/class_2233$class_2234	net/minecraft/commands/arguments/ScoreHolderArgument$Result
net/minecraft/class_2233$class_2235	net/minecraft/commands/arguments/ScoreHolderArgument$SelectorResult
net/minecraft/class_2233$class_2236	net/minecraft/commands/arguments/ScoreHolderArgument$Info
net/minecraft/class_2233$class_2236$class_7200	net/minecraft/commands/arguments/ScoreHolderArgument$Info$Template
net/minecraft/class_2237	net/minecraft/world/level/block/BaseEntityBlock
net/minecraft/class_2238	net/minecraft/world/level/block/BeaconBlock
net/minecraft/class_2239	net/minecraft/commands/arguments/ScoreboardSlotArgument
net/minecraft/class_2240	net/minecraft/commands/arguments/SlotArgument
net/minecraft/class_2241	net/minecraft/world/level/block/BaseRailBlock
net/minecraft/class_2241$1	net/minecraft/world/level/block/BaseRailBlock$1
net/minecraft/class_2242	net/minecraft/world/level/block/BeetrootBlock
net/minecraft/class_2243	net/minecraft/commands/arguments/TeamArgument
net/minecraft/class_2244	net/minecraft/world/level/block/BedBlock
net/minecraft/class_2244$1	net/minecraft/world/level/block/BedBlock$1
net/minecraft/class_2245	net/minecraft/commands/arguments/TimeArgument
net/minecraft/class_2245$class_8033	net/minecraft/commands/arguments/TimeArgument$Info
net/minecraft/class_2245$class_8033$class_8034	net/minecraft/commands/arguments/TimeArgument$Info$Template
net/minecraft/class_2246	net/minecraft/world/level/block/Blocks
net/minecraft/class_2247	net/minecraft/commands/arguments/blocks/BlockInput
net/minecraft/class_2248	net/minecraft/world/level/block/Block
net/minecraft/class_2248$1	net/minecraft/world/level/block/Block$1
net/minecraft/class_2248$2	net/minecraft/world/level/block/Block$2
net/minecraft/class_2248$class_2249	net/minecraft/world/level/block/Block$BlockStatePairKey
net/minecraft/class_225	net/minecraft/world/level/storage/loot/predicates/LootItemRandomChanceWithLootingCondition
net/minecraft/class_225$class_226	net/minecraft/world/level/storage/loot/predicates/LootItemRandomChanceWithLootingCondition$Serializer
net/minecraft/class_2252	net/minecraft/commands/arguments/blocks/BlockPredicateArgument
net/minecraft/class_2252$class_2253	net/minecraft/commands/arguments/blocks/BlockPredicateArgument$BlockPredicate
net/minecraft/class_2252$class_2254	net/minecraft/commands/arguments/blocks/BlockPredicateArgument$Result
net/minecraft/class_2252$class_2255	net/minecraft/commands/arguments/blocks/BlockPredicateArgument$TagPredicate
net/minecraft/class_2256	net/minecraft/world/level/block/BonemealableBlock
net/minecraft/class_2257	net/minecraft/commands/arguments/blocks/BlockStateArgument
net/minecraft/class_2258	net/minecraft/world/level/block/BubbleColumnBlock
net/minecraft/class_2259	net/minecraft/commands/arguments/blocks/BlockStateParser
net/minecraft/class_2259$class_7211	net/minecraft/commands/arguments/blocks/BlockStateParser$BlockResult
net/minecraft/class_2259$class_7212	net/minecraft/commands/arguments/blocks/BlockStateParser$TagResult
net/minecraft/class_2260	net/minecraft/world/level/block/BrewingStandBlock
net/minecraft/class_2261	net/minecraft/world/level/block/BushBlock
net/minecraft/class_2262	net/minecraft/commands/arguments/coordinates/BlockPosArgument
net/minecraft/class_2263	net/minecraft/world/level/block/BucketPickup
net/minecraft/class_2264	net/minecraft/commands/arguments/coordinates/ColumnPosArgument
net/minecraft/class_2265	net/minecraft/server/level/ColumnPos
net/minecraft/class_2266	net/minecraft/world/level/block/CactusBlock
net/minecraft/class_2267	net/minecraft/commands/arguments/coordinates/Coordinates
net/minecraft/class_2268	net/minecraft/commands/arguments/coordinates/LocalCoordinates
net/minecraft/class_2269	net/minecraft/world/level/block/ButtonBlock
net/minecraft/class_2269$1	net/minecraft/world/level/block/ButtonBlock$1
net/minecraft/class_227	net/minecraft/world/level/storage/loot/predicates/WeatherCheck
net/minecraft/class_227$class_228	net/minecraft/world/level/storage/loot/predicates/WeatherCheck$Serializer
net/minecraft/class_227$class_6165	net/minecraft/world/level/storage/loot/predicates/WeatherCheck$Builder
net/minecraft/class_2270	net/minecraft/commands/arguments/coordinates/RotationArgument
net/minecraft/class_2271	net/minecraft/world/level/block/CarrotBlock
net/minecraft/class_2272	net/minecraft/world/level/block/CakeBlock
net/minecraft/class_2273	net/minecraft/commands/arguments/coordinates/SwizzleArgument
net/minecraft/class_2274	net/minecraft/commands/arguments/coordinates/Vec2Argument
net/minecraft/class_2275	net/minecraft/world/level/block/AbstractCauldronBlock
net/minecraft/class_2276	net/minecraft/world/level/block/CarvedPumpkinBlock
net/minecraft/class_2277	net/minecraft/commands/arguments/coordinates/Vec3Argument
net/minecraft/class_2278	net/minecraft/commands/arguments/coordinates/WorldCoordinate
net/minecraft/class_2279	net/minecraft/world/level/block/ChorusFlowerBlock
net/minecraft/class_2280	net/minecraft/commands/arguments/coordinates/WorldCoordinates
net/minecraft/class_2281	net/minecraft/world/level/block/ChestBlock
net/minecraft/class_2281$1	net/minecraft/world/level/block/ChestBlock$1
net/minecraft/class_2281$2	net/minecraft/world/level/block/ChestBlock$2
net/minecraft/class_2281$2$1	net/minecraft/world/level/block/ChestBlock$2$1
net/minecraft/class_2281$3	net/minecraft/world/level/block/ChestBlock$3
net/minecraft/class_2281$4	net/minecraft/world/level/block/ChestBlock$4
net/minecraft/class_2282	net/minecraft/world/level/block/CocoaBlock
net/minecraft/class_2282$1	net/minecraft/world/level/block/CocoaBlock$1
net/minecraft/class_2283	net/minecraft/world/level/block/ChorusPlantBlock
net/minecraft/class_2284	net/minecraft/commands/arguments/item/FunctionArgument
net/minecraft/class_2284$1	net/minecraft/commands/arguments/item/FunctionArgument$1
net/minecraft/class_2284$2	net/minecraft/commands/arguments/item/FunctionArgument$2
net/minecraft/class_2284$class_2285	net/minecraft/commands/arguments/item/FunctionArgument$Result
net/minecraft/class_2286	net/minecraft/world/level/block/ComparatorBlock
net/minecraft/class_2287	net/minecraft/commands/arguments/item/ItemArgument
net/minecraft/class_2288	net/minecraft/world/level/block/CommandBlock
net/minecraft/class_2289	net/minecraft/world/level/block/ConduitBlock
net/minecraft/class_229	net/minecraft/world/level/timers/FunctionTagCallback
net/minecraft/class_229$class_230	net/minecraft/world/level/timers/FunctionTagCallback$Serializer
net/minecraft/class_2290	net/minecraft/commands/arguments/item/ItemInput
net/minecraft/class_2291	net/minecraft/commands/arguments/item/ItemParser
net/minecraft/class_2291$class_7215	net/minecraft/commands/arguments/item/ItemParser$ItemResult
net/minecraft/class_2291$class_7216	net/minecraft/commands/arguments/item/ItemParser$TagResult
net/minecraft/class_2292	net/minecraft/world/level/block/ConcretePowderBlock
net/minecraft/class_2293	net/minecraft/commands/arguments/item/ItemPredicateArgument
net/minecraft/class_2293$class_2295	net/minecraft/commands/arguments/item/ItemPredicateArgument$Result
net/minecraft/class_2297	net/minecraft/world/level/block/CoralFanBlock
net/minecraft/class_2298	net/minecraft/world/level/block/CoralBlock
net/minecraft/class_2299	net/minecraft/world/level/block/CoralWallFanBlock
net/minecraft/class_2300	net/minecraft/commands/arguments/selector/EntitySelector
net/minecraft/class_2300$1	net/minecraft/commands/arguments/selector/EntitySelector$1
net/minecraft/class_2301	net/minecraft/world/level/block/CoralPlantBlock
net/minecraft/class_2302	net/minecraft/world/level/block/CropBlock
net/minecraft/class_2303	net/minecraft/commands/arguments/selector/EntitySelectorParser
net/minecraft/class_2304	net/minecraft/world/level/block/CraftingTableBlock
net/minecraft/class_2306	net/minecraft/commands/arguments/selector/options/EntitySelectorOptions
net/minecraft/class_2306$class_2307	net/minecraft/commands/arguments/selector/options/EntitySelectorOptions$Modifier
net/minecraft/class_2306$class_2308	net/minecraft/commands/arguments/selector/options/EntitySelectorOptions$Option
net/minecraft/class_2309	net/minecraft/world/level/block/DaylightDetectorBlock
net/minecraft/class_231	net/minecraft/world/level/timers/FunctionCallback
net/minecraft/class_231$class_232	net/minecraft/world/level/timers/FunctionCallback$Serializer
net/minecraft/class_2310	net/minecraft/world/level/block/CrossCollisionBlock
net/minecraft/class_2310$1	net/minecraft/world/level/block/CrossCollisionBlock$1
net/minecraft/class_2311	net/minecraft/world/level/block/DeadBushBlock
net/minecraft/class_2312	net/minecraft/world/level/block/DiodeBlock
net/minecraft/class_2313	net/minecraft/world/level/block/DetectorRailBlock
net/minecraft/class_2313$1	net/minecraft/world/level/block/DetectorRailBlock$1
net/minecraft/class_2314	net/minecraft/commands/synchronization/ArgumentTypeInfo
net/minecraft/class_2314$class_7217	net/minecraft/commands/synchronization/ArgumentTypeInfo$Template
net/minecraft/class_2315	net/minecraft/world/level/block/DispenserBlock
net/minecraft/class_2316	net/minecraft/commands/synchronization/ArgumentTypeInfos
net/minecraft/class_2318	net/minecraft/world/level/block/DirectionalBlock
net/minecraft/class_2319	net/minecraft/commands/synchronization/SingletonArgumentInfo
net/minecraft/class_2319$class_7219	net/minecraft/commands/synchronization/SingletonArgumentInfo$Template
net/minecraft/class_2320	net/minecraft/world/level/block/DoublePlantBlock
net/minecraft/class_2321	net/minecraft/commands/synchronization/SuggestionProviders
net/minecraft/class_2321$class_2322	net/minecraft/commands/synchronization/SuggestionProviders$Wrapper
net/minecraft/class_2323	net/minecraft/world/level/block/DoorBlock
net/minecraft/class_2323$1	net/minecraft/world/level/block/DoorBlock$1
net/minecraft/class_2325	net/minecraft/world/level/block/DropperBlock
net/minecraft/class_2326	net/minecraft/commands/synchronization/brigadier/DoubleArgumentInfo
net/minecraft/class_2326$class_7220	net/minecraft/commands/synchronization/brigadier/DoubleArgumentInfo$Template
net/minecraft/class_2327	net/minecraft/commands/synchronization/brigadier/FloatArgumentInfo
net/minecraft/class_2327$class_7221	net/minecraft/commands/synchronization/brigadier/FloatArgumentInfo$Template
net/minecraft/class_2328	net/minecraft/world/level/block/DragonEggBlock
net/minecraft/class_2329	net/minecraft/world/level/block/EndGatewayBlock
net/minecraft/class_233	net/minecraft/world/level/timers/TimerCallbacks
net/minecraft/class_2330	net/minecraft/commands/synchronization/brigadier/IntegerArgumentInfo
net/minecraft/class_2330$class_7222	net/minecraft/commands/synchronization/brigadier/IntegerArgumentInfo$Template
net/minecraft/class_2331	net/minecraft/world/level/block/EnchantmentTableBlock
net/minecraft/class_2332	net/minecraft/commands/synchronization/brigadier/StringArgumentSerializer
net/minecraft/class_2332$1	net/minecraft/commands/synchronization/brigadier/StringArgumentSerializer$1
net/minecraft/class_2332$class_7224	net/minecraft/commands/synchronization/brigadier/StringArgumentSerializer$Template
net/minecraft/class_2333	net/minecraft/world/level/block/EndPortalFrameBlock
net/minecraft/class_2334	net/minecraft/world/level/block/EndPortalBlock
net/minecraft/class_2335	net/minecraft/core/AxisCycle
net/minecraft/class_2335$1	net/minecraft/core/AxisCycle$1
net/minecraft/class_2335$2	net/minecraft/core/AxisCycle$2
net/minecraft/class_2335$3	net/minecraft/core/AxisCycle$3
net/minecraft/class_2336	net/minecraft/world/level/block/EnderChestBlock
net/minecraft/class_2337	net/minecraft/world/level/block/RodBlock
net/minecraft/class_2337$1	net/minecraft/world/level/block/RodBlock$1
net/minecraft/class_2338	net/minecraft/core/BlockPos
net/minecraft/class_2338$1	net/minecraft/core/BlockPos$1
net/minecraft/class_2338$2	net/minecraft/core/BlockPos$2
net/minecraft/class_2338$3	net/minecraft/core/BlockPos$3
net/minecraft/class_2338$4	net/minecraft/core/BlockPos$4
net/minecraft/class_2338$5	net/minecraft/core/BlockPos$5
net/minecraft/class_2338$class_2339	net/minecraft/core/BlockPos$MutableBlockPos
net/minecraft/class_234	net/minecraft/world/level/timers/TimerCallback
net/minecraft/class_234$class_235	net/minecraft/world/level/timers/TimerCallback$Serializer
net/minecraft/class_2341	net/minecraft/world/level/block/FaceAttachedHorizontalDirectionalBlock
net/minecraft/class_2341$1	net/minecraft/world/level/block/FaceAttachedHorizontalDirectionalBlock$1
net/minecraft/class_2342	net/minecraft/core/BlockSource
net/minecraft/class_2343	net/minecraft/world/level/block/EntityBlock
net/minecraft/class_2344	net/minecraft/world/level/block/FarmBlock
net/minecraft/class_2345	net/minecraft/core/BlockSourceImpl
net/minecraft/class_2346	net/minecraft/world/level/block/FallingBlock
net/minecraft/class_2347	net/minecraft/core/dispenser/DefaultDispenseItemBehavior
net/minecraft/class_2348	net/minecraft/core/DefaultedMappedRegistry
net/minecraft/class_2349	net/minecraft/world/level/block/FenceGateBlock
net/minecraft/class_2349$1	net/minecraft/world/level/block/FenceGateBlock$1
net/minecraft/class_2350	net/minecraft/core/Direction
net/minecraft/class_2350$1	net/minecraft/core/Direction$1
net/minecraft/class_2350$class_2351	net/minecraft/core/Direction$Axis
net/minecraft/class_2350$class_2351$1	net/minecraft/core/Direction$Axis$1
net/minecraft/class_2350$class_2351$2	net/minecraft/core/Direction$Axis$2
net/minecraft/class_2350$class_2351$3	net/minecraft/core/Direction$Axis$3
net/minecraft/class_2350$class_2352	net/minecraft/core/Direction$AxisDirection
net/minecraft/class_2350$class_2353	net/minecraft/core/Direction$Plane
net/minecraft/class_2354	net/minecraft/world/level/block/FenceBlock
net/minecraft/class_2355	net/minecraft/core/Direction8
net/minecraft/class_2356	net/minecraft/world/level/block/FlowerBlock
net/minecraft/class_2357	net/minecraft/core/dispenser/DispenseItemBehavior
net/minecraft/class_2357$1	net/minecraft/core/dispenser/DispenseItemBehavior$1
net/minecraft/class_2357$10	net/minecraft/core/dispenser/DispenseItemBehavior$18
net/minecraft/class_2357$11	net/minecraft/core/dispenser/DispenseItemBehavior$19
net/minecraft/class_2357$12	net/minecraft/core/dispenser/DispenseItemBehavior$2
net/minecraft/class_2357$13	net/minecraft/core/dispenser/DispenseItemBehavior$20
net/minecraft/class_2357$14	net/minecraft/core/dispenser/DispenseItemBehavior$21
net/minecraft/class_2357$15	net/minecraft/core/dispenser/DispenseItemBehavior$22
net/minecraft/class_2357$16	net/minecraft/core/dispenser/DispenseItemBehavior$23
net/minecraft/class_2357$17	net/minecraft/core/dispenser/DispenseItemBehavior$24
net/minecraft/class_2357$18	net/minecraft/core/dispenser/DispenseItemBehavior$25
net/minecraft/class_2357$19	net/minecraft/core/dispenser/DispenseItemBehavior$26
net/minecraft/class_2357$2	net/minecraft/core/dispenser/DispenseItemBehavior$10
net/minecraft/class_2357$20	net/minecraft/core/dispenser/DispenseItemBehavior$27
net/minecraft/class_2357$21	net/minecraft/core/dispenser/DispenseItemBehavior$3
net/minecraft/class_2357$22	net/minecraft/core/dispenser/DispenseItemBehavior$4
net/minecraft/class_2357$23	net/minecraft/core/dispenser/DispenseItemBehavior$5
net/minecraft/class_2357$24	net/minecraft/core/dispenser/DispenseItemBehavior$6
net/minecraft/class_2357$25	net/minecraft/core/dispenser/DispenseItemBehavior$7
net/minecraft/class_2357$25$1	net/minecraft/core/dispenser/DispenseItemBehavior$7$1
net/minecraft/class_2357$26	net/minecraft/core/dispenser/DispenseItemBehavior$8
net/minecraft/class_2357$26$1	net/minecraft/core/dispenser/DispenseItemBehavior$8$1
net/minecraft/class_2357$27	net/minecraft/core/dispenser/DispenseItemBehavior$9
net/minecraft/class_2357$3	net/minecraft/core/dispenser/DispenseItemBehavior$11
net/minecraft/class_2357$4	net/minecraft/core/dispenser/DispenseItemBehavior$12
net/minecraft/class_2357$5	net/minecraft/core/dispenser/DispenseItemBehavior$13
net/minecraft/class_2357$6	net/minecraft/core/dispenser/DispenseItemBehavior$14
net/minecraft/class_2357$7	net/minecraft/core/dispenser/DispenseItemBehavior$15
net/minecraft/class_2357$8	net/minecraft/core/dispenser/DispenseItemBehavior$16
net/minecraft/class_2357$9	net/minecraft/core/dispenser/DispenseItemBehavior$17
net/minecraft/class_2358	net/minecraft/world/level/block/FireBlock
net/minecraft/class_2359	net/minecraft/core/IdMap
net/minecraft/class_236	net/minecraft/world/level/timers/TimerQueue
net/minecraft/class_236$class_237	net/minecraft/world/level/timers/TimerQueue$Event
net/minecraft/class_2360	net/minecraft/world/level/block/FrostedIceBlock
net/minecraft/class_2361	net/minecraft/core/IdMapper
net/minecraft/class_2362	net/minecraft/world/level/block/FlowerPotBlock
net/minecraft/class_2363	net/minecraft/world/level/block/AbstractFurnaceBlock
net/minecraft/class_2366	net/minecraft/world/level/block/GlazedTerracottaBlock
net/minecraft/class_2368	net/minecraft/world/level/block/GlassBlock
net/minecraft/class_2369	net/minecraft/world/level/block/DirtPathBlock
net/minecraft/class_2370	net/minecraft/core/MappedRegistry
net/minecraft/class_2370$1	net/minecraft/core/MappedRegistry$1
net/minecraft/class_2370$2	net/minecraft/core/MappedRegistry$2
net/minecraft/class_2371	net/minecraft/core/NonNullList
net/minecraft/class_2372	net/minecraft/world/level/block/GrassBlock
net/minecraft/class_2373	net/minecraft/world/level/block/HalfTransparentBlock
net/minecraft/class_2374	net/minecraft/core/Position
net/minecraft/class_2375	net/minecraft/world/level/block/GravelBlock
net/minecraft/class_2376	net/minecraft/core/PositionImpl
net/minecraft/class_2377	net/minecraft/world/level/block/HopperBlock
net/minecraft/class_2377$1	net/minecraft/world/level/block/HopperBlock$1
net/minecraft/class_2378	net/minecraft/core/Registry
net/minecraft/class_2378$1	net/minecraft/core/Registry$1
net/minecraft/class_2378$2	net/minecraft/core/Registry$2
net/minecraft/class_2379	net/minecraft/core/Rotations
net/minecraft/class_238	net/minecraft/world/phys/AABB
net/minecraft/class_2380	net/minecraft/world/level/block/HayBlock
net/minecraft/class_2381	net/minecraft/world/level/block/HugeMushroomBlock
net/minecraft/class_2382	net/minecraft/core/Vec3i
net/minecraft/class_2383	net/minecraft/world/level/block/HorizontalDirectionalBlock
net/minecraft/class_2384	net/minecraft/world/level/block/InfestedBlock
net/minecraft/class_2385	net/minecraft/core/WritableRegistry
net/minecraft/class_2386	net/minecraft/world/level/block/IceBlock
net/minecraft/class_2387	net/minecraft/world/level/block/JukeboxBlock
net/minecraft/class_2388	net/minecraft/core/particles/BlockParticleOption
net/minecraft/class_2388$1	net/minecraft/core/particles/BlockParticleOption$1
net/minecraft/class_2389	net/minecraft/world/level/block/IronBarsBlock
net/minecraft/class_239	net/minecraft/world/phys/HitResult
net/minecraft/class_239$class_240	net/minecraft/world/phys/HitResult$Type
net/minecraft/class_2390	net/minecraft/core/particles/DustParticleOptions
net/minecraft/class_2390$1	net/minecraft/core/particles/DustParticleOptions$1
net/minecraft/class_2391	net/minecraft/world/level/block/KelpPlantBlock
net/minecraft/class_2392	net/minecraft/core/particles/ItemParticleOption
net/minecraft/class_2392$1	net/minecraft/core/particles/ItemParticleOption$1
net/minecraft/class_2393	net/minecraft/world/level/block/KelpBlock
net/minecraft/class_2394	net/minecraft/core/particles/ParticleOptions
net/minecraft/class_2394$class_2395	net/minecraft/core/particles/ParticleOptions$Deserializer
net/minecraft/class_2396	net/minecraft/core/particles/ParticleType
net/minecraft/class_2397	net/minecraft/world/level/block/LeavesBlock
net/minecraft/class_2398	net/minecraft/core/particles/ParticleTypes
net/minecraft/class_2398$1	net/minecraft/core/particles/ParticleTypes$1
net/minecraft/class_2399	net/minecraft/world/level/block/LadderBlock
net/minecraft/class_2399$1	net/minecraft/world/level/block/LadderBlock$1
net/minecraft/class_2400	net/minecraft/core/particles/SimpleParticleType
net/minecraft/class_2400$1	net/minecraft/core/particles/SimpleParticleType$1
net/minecraft/class_2401	net/minecraft/world/level/block/LeverBlock
net/minecraft/class_2401$1	net/minecraft/world/level/block/LeverBlock$1
net/minecraft/class_2402	net/minecraft/world/level/block/LiquidBlockContainer
net/minecraft/class_2403	net/minecraft/data/DataGenerator
net/minecraft/class_2403$class_7856	net/minecraft/data/DataGenerator$PackGenerator
net/minecraft/class_2404	net/minecraft/world/level/block/LiquidBlock
net/minecraft/class_2405	net/minecraft/data/DataProvider
net/minecraft/class_2405$class_7857	net/minecraft/data/DataProvider$Factory
net/minecraft/class_2406	net/minecraft/world/level/block/LoomBlock
net/minecraft/class_2408	net/minecraft/data/HashCache
net/minecraft/class_2408$class_7404	net/minecraft/data/HashCache$CacheUpdater
net/minecraft/class_2408$class_7405	net/minecraft/data/HashCache$ProviderCache
net/minecraft/class_2408$class_7858	net/minecraft/data/HashCache$ProviderCacheBuilder
net/minecraft/class_2408$class_7859	net/minecraft/data/HashCache$UpdateFunction
net/minecraft/class_2408$class_7860	net/minecraft/data/HashCache$UpdateResult
net/minecraft/class_2409	net/minecraft/data/advancements/AdvancementProvider
net/minecraft/class_241	net/minecraft/world/phys/Vec2
net/minecraft/class_2411	net/minecraft/world/level/block/MelonBlock
net/minecraft/class_2412	net/minecraft/data/advancements/packs/VanillaAdventureAdvancements
net/minecraft/class_2413	net/minecraft/world/level/block/MagmaBlock
net/minecraft/class_2414	net/minecraft/data/advancements/packs/VanillaHusbandryAdvancements
net/minecraft/class_2415	net/minecraft/world/level/block/Mirror
net/minecraft/class_2415$1	net/minecraft/world/level/block/Mirror$1
net/minecraft/class_2416	net/minecraft/data/advancements/packs/VanillaNetherAdvancements
net/minecraft/class_2417	net/minecraft/data/advancements/packs/VanillaStoryAdvancements
net/minecraft/class_2418	net/minecraft/world/level/block/MyceliumBlock
net/minecraft/class_2419	net/minecraft/data/advancements/packs/VanillaTheEndAdvancements
net/minecraft/class_2420	net/minecraft/world/level/block/MushroomBlock
net/minecraft/class_2421	net/minecraft/world/level/block/NetherWartBlock
net/minecraft/class_2422	net/minecraft/data/info/BlockListReport
net/minecraft/class_2423	net/minecraft/world/level/block/NetherPortalBlock
net/minecraft/class_2423$1	net/minecraft/world/level/block/NetherPortalBlock$1
net/minecraft/class_2424	net/minecraft/world/level/portal/PortalShape
net/minecraft/class_2425	net/minecraft/data/info/CommandsReport
net/minecraft/class_2426	net/minecraft/world/level/block/ObserverBlock
net/minecraft/class_2427	net/minecraft/data/info/RegistryDumpReport
net/minecraft/class_2428	net/minecraft/world/level/block/NoteBlock
net/minecraft/class_2429	net/minecraft/world/level/block/PipeBlock
net/minecraft/class_243	net/minecraft/world/phys/Vec3
net/minecraft/class_2430	net/minecraft/data/loot/packs/VanillaBlockLoot
net/minecraft/class_2431	net/minecraft/world/level/block/DropExperienceBlock
net/minecraft/class_2432	net/minecraft/data/loot/packs/VanillaChestLoot
net/minecraft/class_2433	net/minecraft/world/level/block/PlayerWallHeadBlock
net/minecraft/class_2434	net/minecraft/data/loot/packs/VanillaEntityLoot
net/minecraft/class_2435	net/minecraft/world/level/block/PlayerHeadBlock
net/minecraft/class_2436	net/minecraft/world/level/block/PoweredBlock
net/minecraft/class_2437	net/minecraft/data/loot/packs/VanillaFishingLoot
net/minecraft/class_2438	net/minecraft/data/loot/LootTableProvider
net/minecraft/class_2438$1	net/minecraft/data/loot/LootTableProvider$1
net/minecraft/class_2438$class_7790	net/minecraft/data/loot/LootTableProvider$SubProviderEntry
net/minecraft/class_2439	net/minecraft/world/level/block/PotatoBlock
net/minecraft/class_244	net/minecraft/world/phys/shapes/BitSetDiscreteVoxelShape
net/minecraft/class_2440	net/minecraft/world/level/block/PressurePlateBlock
net/minecraft/class_2440$1	net/minecraft/world/level/block/PressurePlateBlock$1
net/minecraft/class_2440$class_2441	net/minecraft/world/level/block/PressurePlateBlock$Sensitivity
net/minecraft/class_2442	net/minecraft/world/level/block/PoweredRailBlock
net/minecraft/class_2442$1	net/minecraft/world/level/block/PoweredRailBlock$1
net/minecraft/class_2443	net/minecraft/world/level/block/RailBlock
net/minecraft/class_2443$1	net/minecraft/world/level/block/RailBlock$1
net/minecraft/class_2444	net/minecraft/data/recipes/FinishedRecipe
net/minecraft/class_2445	net/minecraft/world/level/block/PumpkinBlock
net/minecraft/class_2446	net/minecraft/data/recipes/RecipeProvider
net/minecraft/class_2447	net/minecraft/data/recipes/ShapedRecipeBuilder
net/minecraft/class_2447$class_2448	net/minecraft/data/recipes/ShapedRecipeBuilder$Result
net/minecraft/class_2449	net/minecraft/world/level/block/RedStoneOreBlock
net/minecraft/class_245	net/minecraft/world/phys/shapes/ArrayVoxelShape
net/minecraft/class_245$1	net/minecraft/world/phys/shapes/ArrayVoxelShape$1
net/minecraft/class_2450	net/minecraft/data/recipes/ShapelessRecipeBuilder
net/minecraft/class_2450$class_2451	net/minecraft/data/recipes/ShapelessRecipeBuilder$Result
net/minecraft/class_2452	net/minecraft/world/level/block/RailState
net/minecraft/class_2452$1	net/minecraft/world/level/block/RailState$1
net/minecraft/class_2453	net/minecraft/world/level/block/RedstoneLampBlock
net/minecraft/class_2454	net/minecraft/data/recipes/SimpleCookingRecipeBuilder
net/minecraft/class_2454$class_2455	net/minecraft/data/recipes/SimpleCookingRecipeBuilder$Result
net/minecraft/class_2456	net/minecraft/data/recipes/SpecialRecipeBuilder
net/minecraft/class_2456$1	net/minecraft/data/recipes/SpecialRecipeBuilder$1
net/minecraft/class_2457	net/minecraft/world/level/block/RedStoneWireBlock
net/minecraft/class_2457$1	net/minecraft/world/level/block/RedStoneWireBlock$1
net/minecraft/class_2458	net/minecraft/world/level/block/RedstoneWallTorchBlock
net/minecraft/class_2459	net/minecraft/world/level/block/RedstoneTorchBlock
net/minecraft/class_2459$class_2460	net/minecraft/world/level/block/RedstoneTorchBlock$Toggle
net/minecraft/class_246	net/minecraft/world/phys/shapes/CubePointRange
net/minecraft/class_2461	net/minecraft/data/structures/NbtToSnbt
net/minecraft/class_2462	net/minecraft/world/level/block/RepeaterBlock
net/minecraft/class_2463	net/minecraft/data/structures/SnbtToNbt
net/minecraft/class_2463$class_4460	net/minecraft/data/structures/SnbtToNbt$Filter
net/minecraft/class_2463$class_4511	net/minecraft/data/structures/SnbtToNbt$TaskResult
net/minecraft/class_2463$class_5621	net/minecraft/data/structures/SnbtToNbt$StructureConversionException
net/minecraft/class_2464	net/minecraft/world/level/block/RenderShape
net/minecraft/class_2465	net/minecraft/world/level/block/RotatedPillarBlock
net/minecraft/class_2465$1	net/minecraft/world/level/block/RotatedPillarBlock$1
net/minecraft/class_2466	net/minecraft/data/tags/VanillaBlockTagsProvider
net/minecraft/class_2467	net/minecraft/data/tags/EntityTypeTagsProvider
net/minecraft/class_2468	net/minecraft/world/level/block/SandBlock
net/minecraft/class_2469	net/minecraft/data/tags/FluidTagsProvider
net/minecraft/class_247	net/minecraft/world/phys/shapes/BooleanOp
net/minecraft/class_2470	net/minecraft/world/level/block/Rotation
net/minecraft/class_2470$1	net/minecraft/world/level/block/Rotation$1
net/minecraft/class_2471	net/minecraft/data/tags/VanillaItemTagsProvider
net/minecraft/class_2472	net/minecraft/world/level/block/SeaPickleBlock
net/minecraft/class_2473	net/minecraft/world/level/block/SaplingBlock
net/minecraft/class_2474	net/minecraft/data/tags/TagsProvider
net/minecraft/class_2474$class_5124	net/minecraft/data/tags/TagsProvider$TagAppender
net/minecraft/class_2474$class_8210	net/minecraft/data/tags/TagsProvider$1CombinedData
net/minecraft/class_2474$class_8211	net/minecraft/data/tags/TagsProvider$TagLookup
net/minecraft/class_2476	net/minecraft/world/level/block/SeagrassBlock
net/minecraft/class_2477	net/minecraft/locale/Language
net/minecraft/class_2477$1	net/minecraft/locale/Language$1
net/minecraft/class_2478	net/minecraft/world/level/block/SignBlock
net/minecraft/class_2479	net/minecraft/nbt/ByteArrayTag
net/minecraft/class_2479$1	net/minecraft/nbt/ByteArrayTag$1
net/minecraft/class_248	net/minecraft/world/phys/shapes/DiscreteCubeMerger
net/minecraft/class_2480	net/minecraft/world/level/block/ShulkerBoxBlock
net/minecraft/class_2480$1	net/minecraft/world/level/block/ShulkerBoxBlock$1
net/minecraft/class_2481	net/minecraft/nbt/ByteTag
net/minecraft/class_2481$1	net/minecraft/nbt/ByteTag$1
net/minecraft/class_2481$class_4610	net/minecraft/nbt/ByteTag$Cache
net/minecraft/class_2482	net/minecraft/world/level/block/SlabBlock
net/minecraft/class_2482$1	net/minecraft/world/level/block/SlabBlock$1
net/minecraft/class_2483	net/minecraft/nbt/CollectionTag
net/minecraft/class_2484	net/minecraft/world/level/block/SkullBlock
net/minecraft/class_2484$class_2485	net/minecraft/world/level/block/SkullBlock$Type
net/minecraft/class_2484$class_2486	net/minecraft/world/level/block/SkullBlock$Types
net/minecraft/class_2487	net/minecraft/nbt/CompoundTag
net/minecraft/class_2487$1	net/minecraft/nbt/CompoundTag$1
net/minecraft/class_2487$2	net/minecraft/nbt/CompoundTag$2
net/minecraft/class_2488	net/minecraft/world/level/block/SnowLayerBlock
net/minecraft/class_2488$1	net/minecraft/world/level/block/SnowLayerBlock$1
net/minecraft/class_2489	net/minecraft/nbt/DoubleTag
net/minecraft/class_2489$1	net/minecraft/nbt/DoubleTag$1
net/minecraft/class_249	net/minecraft/world/phys/shapes/CubeVoxelShape
net/minecraft/class_2490	net/minecraft/world/level/block/SlimeBlock
net/minecraft/class_2491	net/minecraft/nbt/EndTag
net/minecraft/class_2491$1	net/minecraft/nbt/EndTag$1
net/minecraft/class_2492	net/minecraft/world/level/block/SoulSandBlock
net/minecraft/class_2493	net/minecraft/world/level/block/SnowyDirtBlock
net/minecraft/class_2494	net/minecraft/nbt/FloatTag
net/minecraft/class_2494$1	net/minecraft/nbt/FloatTag$1
net/minecraft/class_2495	net/minecraft/nbt/IntArrayTag
net/minecraft/class_2495$1	net/minecraft/nbt/IntArrayTag$1
net/minecraft/class_2496	net/minecraft/world/level/block/SpawnerBlock
net/minecraft/class_2497	net/minecraft/nbt/IntTag
net/minecraft/class_2497$1	net/minecraft/nbt/IntTag$1
net/minecraft/class_2497$class_4611	net/minecraft/nbt/IntTag$Cache
net/minecraft/class_2498	net/minecraft/world/level/block/SoundType
net/minecraft/class_2499	net/minecraft/nbt/ListTag
net/minecraft/class_2499$1	net/minecraft/nbt/ListTag$1
net/minecraft/class_2499$2	net/minecraft/nbt/ListTag$2
net/minecraft/class_250	net/minecraft/world/phys/shapes/IdenticalMerger
net/minecraft/class_2500	net/minecraft/world/level/block/SpreadingSnowyDirtBlock
net/minecraft/class_2501	net/minecraft/nbt/LongArrayTag
net/minecraft/class_2501$1	net/minecraft/nbt/LongArrayTag$1
net/minecraft/class_2502	net/minecraft/world/level/block/SpongeBlock
net/minecraft/class_2503	net/minecraft/nbt/LongTag
net/minecraft/class_2503$1	net/minecraft/nbt/LongTag$1
net/minecraft/class_2503$class_4612	net/minecraft/nbt/LongTag$Cache
net/minecraft/class_2504	net/minecraft/world/level/block/StainedGlassPaneBlock
net/minecraft/class_2505	net/minecraft/nbt/NbtAccounter
net/minecraft/class_2505$1	net/minecraft/nbt/NbtAccounter$1
net/minecraft/class_2506	net/minecraft/world/level/block/StainedGlassBlock
net/minecraft/class_2507	net/minecraft/nbt/NbtIo
net/minecraft/class_2507$1	net/minecraft/nbt/NbtIo$1
net/minecraft/class_2508	net/minecraft/world/level/block/StandingSignBlock
net/minecraft/class_2509	net/minecraft/nbt/NbtOps
net/minecraft/class_2509$1	net/minecraft/nbt/NbtOps$1
net/minecraft/class_2509$class_5320	net/minecraft/nbt/NbtOps$NbtRecordBuilder
net/minecraft/class_2509$class_7808	net/minecraft/nbt/NbtOps$ByteListCollector
net/minecraft/class_2509$class_7809	net/minecraft/nbt/NbtOps$HeterogenousListCollector
net/minecraft/class_2509$class_7810	net/minecraft/nbt/NbtOps$HomogenousListCollector
net/minecraft/class_2509$class_7811	net/minecraft/nbt/NbtOps$InitialListCollector
net/minecraft/class_2509$class_7812	net/minecraft/nbt/NbtOps$IntListCollector
net/minecraft/class_2509$class_7813	net/minecraft/nbt/NbtOps$ListCollector
net/minecraft/class_2509$class_7814	net/minecraft/nbt/NbtOps$LongListCollector
net/minecraft/class_251	net/minecraft/world/phys/shapes/DiscreteVoxelShape
net/minecraft/class_251$class_252	net/minecraft/world/phys/shapes/DiscreteVoxelShape$IntFaceConsumer
net/minecraft/class_251$class_253	net/minecraft/world/phys/shapes/DiscreteVoxelShape$IntLineConsumer
net/minecraft/class_2510	net/minecraft/world/level/block/StairBlock
net/minecraft/class_2510$1	net/minecraft/world/level/block/StairBlock$1
net/minecraft/class_2511	net/minecraft/world/level/block/StemGrownBlock
net/minecraft/class_2512	net/minecraft/nbt/NbtUtils
net/minecraft/class_2513	net/minecraft/world/level/block/StemBlock
net/minecraft/class_2514	net/minecraft/nbt/NumericTag
net/minecraft/class_2515	net/minecraft/world/level/block/StructureBlock
net/minecraft/class_2515$1	net/minecraft/world/level/block/StructureBlock$1
net/minecraft/class_2516	net/minecraft/nbt/ShortTag
net/minecraft/class_2516$1	net/minecraft/nbt/ShortTag$1
net/minecraft/class_2516$class_4613	net/minecraft/nbt/ShortTag$Cache
net/minecraft/class_2518	net/minecraft/world/level/block/StructureVoidBlock
net/minecraft/class_2519	net/minecraft/nbt/StringTag
net/minecraft/class_2519$1	net/minecraft/nbt/StringTag$1
net/minecraft/class_2520	net/minecraft/nbt/Tag
net/minecraft/class_2521	net/minecraft/world/level/block/TallFlowerBlock
net/minecraft/class_2522	net/minecraft/nbt/TagParser
net/minecraft/class_2523	net/minecraft/world/level/block/SugarCaneBlock
net/minecraft/class_2524	net/minecraft/network/CipherBase
net/minecraft/class_2525	net/minecraft/world/level/block/TallSeagrassBlock
net/minecraft/class_2526	net/minecraft/world/level/block/TallGrassBlock
net/minecraft/class_2527	net/minecraft/world/level/block/TorchBlock
net/minecraft/class_2528	net/minecraft/network/CipherDecoder
net/minecraft/class_2529	net/minecraft/network/CipherEncoder
net/minecraft/class_2530	net/minecraft/world/level/block/TntBlock
net/minecraft/class_2531	net/minecraft/world/level/block/TrappedChestBlock
net/minecraft/class_2532	net/minecraft/network/CompressionDecoder
net/minecraft/class_2533	net/minecraft/world/level/block/TrapDoorBlock
net/minecraft/class_2533$1	net/minecraft/world/level/block/TrapDoorBlock$1
net/minecraft/class_2534	net/minecraft/network/CompressionEncoder
net/minecraft/class_2535	net/minecraft/network/Connection
net/minecraft/class_2535$1	net/minecraft/network/Connection$1
net/minecraft/class_2535$2	net/minecraft/network/Connection$2
net/minecraft/class_2535$class_2536	net/minecraft/network/Connection$PacketHolder
net/minecraft/class_2537	net/minecraft/world/level/block/TripWireHookBlock
net/minecraft/class_2537$1	net/minecraft/world/level/block/TripWireHookBlock$1
net/minecraft/class_2538	net/minecraft/world/level/block/TripWireBlock
net/minecraft/class_2538$1	net/minecraft/world/level/block/TripWireBlock$1
net/minecraft/class_2539	net/minecraft/network/ConnectionProtocol
net/minecraft/class_2539$class_4532	net/minecraft/network/ConnectionProtocol$PacketSet
net/minecraft/class_2539$class_4533	net/minecraft/network/ConnectionProtocol$ProtocolBuilder
net/minecraft/class_254	net/minecraft/world/phys/shapes/IndirectMerger
net/minecraft/class_2540	net/minecraft/network/FriendlyByteBuf
net/minecraft/class_2540$1	net/minecraft/network/FriendlyByteBuf$1
net/minecraft/class_2540$class_7461	net/minecraft/network/FriendlyByteBuf$Reader
net/minecraft/class_2540$class_7462	net/minecraft/network/FriendlyByteBuf$Writer
net/minecraft/class_2541	net/minecraft/world/level/block/VineBlock
net/minecraft/class_2541$1	net/minecraft/world/level/block/VineBlock$1
net/minecraft/class_2542	net/minecraft/world/level/block/TurtleEggBlock
net/minecraft/class_2543	net/minecraft/network/PacketDecoder
net/minecraft/class_2544	net/minecraft/world/level/block/WallBlock
net/minecraft/class_2544$1	net/minecraft/world/level/block/WallBlock$1
net/minecraft/class_2545	net/minecraft/network/PacketEncoder
net/minecraft/class_2546	net/minecraft/world/level/block/WallBannerBlock
net/minecraft/class_2547	net/minecraft/network/PacketListener
net/minecraft/class_2548	net/minecraft/network/SkipPacketException
net/minecraft/class_2549	net/minecraft/world/level/block/WallSkullBlock
net/minecraft/class_255	net/minecraft/world/phys/shapes/IndexMerger
net/minecraft/class_255$class_256	net/minecraft/world/phys/shapes/IndexMerger$IndexConsumer
net/minecraft/class_2550	net/minecraft/network/Varint21FrameDecoder
net/minecraft/class_2551	net/minecraft/world/level/block/WallSignBlock
net/minecraft/class_2552	net/minecraft/network/Varint21LengthFieldPrepender
net/minecraft/class_2553	net/minecraft/world/level/block/WaterlilyBlock
net/minecraft/class_2555	net/minecraft/world/level/block/WallTorchBlock
net/minecraft/class_2556	net/minecraft/network/chat/ChatType
net/minecraft/class_2556$class_7602	net/minecraft/network/chat/ChatType$Bound
net/minecraft/class_2556$class_7603	net/minecraft/network/chat/ChatType$BoundNetwork
net/minecraft/class_2557	net/minecraft/world/level/block/WeightedPressurePlateBlock
net/minecraft/class_2558	net/minecraft/network/chat/ClickEvent
net/minecraft/class_2558$class_2559	net/minecraft/network/chat/ClickEvent$Action
net/minecraft/class_2560	net/minecraft/world/level/block/WebBlock
net/minecraft/class_2561	net/minecraft/network/chat/Component
net/minecraft/class_2561$class_2562	net/minecraft/network/chat/Component$Serializer
net/minecraft/class_2563	net/minecraft/world/level/block/WitherRoseBlock
net/minecraft/class_2564	net/minecraft/network/chat/ComponentUtils
net/minecraft/class_2565	net/minecraft/world/level/block/WetSpongeBlock
net/minecraft/class_2567	net/minecraft/world/level/block/WitherWallSkullBlock
net/minecraft/class_2568	net/minecraft/network/chat/HoverEvent
net/minecraft/class_2568$class_5247	net/minecraft/network/chat/HoverEvent$Action
net/minecraft/class_2568$class_5248	net/minecraft/network/chat/HoverEvent$EntityTooltipInfo
net/minecraft/class_2568$class_5249	net/minecraft/network/chat/HoverEvent$ItemStackInfo
net/minecraft/class_257	net/minecraft/world/phys/shapes/NonOverlappingMerger
net/minecraft/class_2570	net/minecraft/world/level/block/WitherSkullBlock
net/minecraft/class_2572	net/minecraft/network/chat/contents/KeybindContents
net/minecraft/class_2573	net/minecraft/world/level/block/entity/BannerBlockEntity
net/minecraft/class_2574	net/minecraft/network/chat/contents/NbtContents
net/minecraft/class_2575	net/minecraft/network/chat/contents/BlockDataSource
net/minecraft/class_2576	net/minecraft/network/chat/contents/EntityDataSource
net/minecraft/class_2577	net/minecraft/world/level/block/CarpetBlock
net/minecraft/class_2578	net/minecraft/network/chat/contents/ScoreContents
net/minecraft/class_2579	net/minecraft/network/chat/contents/SelectorContents
net/minecraft/class_2580	net/minecraft/world/level/block/entity/BeaconBlockEntity
net/minecraft/class_2580$1	net/minecraft/world/level/block/entity/BeaconBlockEntity$1
net/minecraft/class_2580$class_2581	net/minecraft/world/level/block/entity/BeaconBlockEntity$BeaconBeamSection
net/minecraft/class_2582	net/minecraft/world/level/block/entity/BannerPattern
net/minecraft/class_2582$class_3750	net/minecraft/world/level/block/entity/BannerPattern$Builder
net/minecraft/class_2583	net/minecraft/network/chat/Style
net/minecraft/class_2583$1	net/minecraft/network/chat/Style$1
net/minecraft/class_2583$class_2584	net/minecraft/network/chat/Style$Serializer
net/minecraft/class_2583$class_7418	net/minecraft/network/chat/Style$1Collector
net/minecraft/class_2585	net/minecraft/network/chat/contents/LiteralContents
net/minecraft/class_2586	net/minecraft/world/level/block/entity/BlockEntity
net/minecraft/class_2587	net/minecraft/world/level/block/entity/BedBlockEntity
net/minecraft/class_2588	net/minecraft/network/chat/contents/TranslatableContents
net/minecraft/class_2589	net/minecraft/world/level/block/entity/BrewingStandBlockEntity
net/minecraft/class_2589$1	net/minecraft/world/level/block/entity/BrewingStandBlockEntity$1
net/minecraft/class_259	net/minecraft/world/phys/shapes/Shapes
net/minecraft/class_259$class_260	net/minecraft/world/phys/shapes/Shapes$DoubleLineConsumer
net/minecraft/class_2590	net/minecraft/network/chat/contents/TranslatableFormatException
net/minecraft/class_2591	net/minecraft/world/level/block/entity/BlockEntityType
net/minecraft/class_2591$class_2592	net/minecraft/world/level/block/entity/BlockEntityType$Builder
net/minecraft/class_2591$class_5559	net/minecraft/world/level/block/entity/BlockEntityType$BlockEntitySupplier
net/minecraft/class_2593	net/minecraft/world/level/block/entity/CommandBlockEntity
net/minecraft/class_2593$1	net/minecraft/world/level/block/entity/CommandBlockEntity$1
net/minecraft/class_2593$class_2594	net/minecraft/world/level/block/entity/CommandBlockEntity$Mode
net/minecraft/class_2595	net/minecraft/world/level/block/entity/ChestBlockEntity
net/minecraft/class_2595$1	net/minecraft/world/level/block/entity/ChestBlockEntity$1
net/minecraft/class_2596	net/minecraft/network/protocol/Packet
net/minecraft/class_2597	net/minecraft/world/level/block/entity/ConduitBlockEntity
net/minecraft/class_2598	net/minecraft/network/protocol/PacketFlow
net/minecraft/class_2599	net/minecraft/world/level/block/entity/ComparatorBlockEntity
net/minecraft/class_26	net/minecraft/world/level/storage/DimensionDataStorage
net/minecraft/class_2600	net/minecraft/network/protocol/PacketUtils
net/minecraft/class_2601	net/minecraft/world/level/block/entity/DispenserBlockEntity
net/minecraft/class_2602	net/minecraft/network/protocol/game/ClientGamePacketListener
net/minecraft/class_2603	net/minecraft/world/level/block/entity/DaylightDetectorBlockEntity
net/minecraft/class_2604	net/minecraft/network/protocol/game/ClientboundAddEntityPacket
net/minecraft/class_2605	net/minecraft/world/level/block/entity/EnchantmentTableBlockEntity
net/minecraft/class_2606	net/minecraft/network/protocol/game/ClientboundAddExperienceOrbPacket
net/minecraft/class_2608	net/minecraft/world/level/block/entity/DropperBlockEntity
net/minecraft/class_2609	net/minecraft/world/level/block/entity/AbstractFurnaceBlockEntity
net/minecraft/class_2609$1	net/minecraft/world/level/block/entity/AbstractFurnaceBlockEntity$1
net/minecraft/class_261	net/minecraft/world/phys/shapes/OffsetDoubleList
net/minecraft/class_2611	net/minecraft/world/level/block/entity/EnderChestBlockEntity
net/minecraft/class_2611$1	net/minecraft/world/level/block/entity/EnderChestBlockEntity$1
net/minecraft/class_2613	net/minecraft/network/protocol/game/ClientboundAddPlayerPacket
net/minecraft/class_2614	net/minecraft/world/level/block/entity/HopperBlockEntity
net/minecraft/class_2615	net/minecraft/world/level/block/entity/Hopper
net/minecraft/class_2616	net/minecraft/network/protocol/game/ClientboundAnimatePacket
net/minecraft/class_2617	net/minecraft/network/protocol/game/ClientboundAwardStatsPacket
net/minecraft/class_2618	net/minecraft/world/level/block/entity/LidBlockEntity
net/minecraft/class_2619	net/minecraft/world/level/block/entity/JukeboxBlockEntity
net/minecraft/class_262	net/minecraft/world/phys/shapes/SubShape
net/minecraft/class_2620	net/minecraft/network/protocol/game/ClientboundBlockDestructionPacket
net/minecraft/class_2621	net/minecraft/world/level/block/entity/RandomizableContainerBlockEntity
net/minecraft/class_2622	net/minecraft/network/protocol/game/ClientboundBlockEntityDataPacket
net/minecraft/class_2623	net/minecraft/network/protocol/game/ClientboundBlockEventPacket
net/minecraft/class_2624	net/minecraft/world/level/block/entity/BaseContainerBlockEntity
net/minecraft/class_2625	net/minecraft/world/level/block/entity/SignBlockEntity
net/minecraft/class_2626	net/minecraft/network/protocol/game/ClientboundBlockUpdatePacket
net/minecraft/class_2627	net/minecraft/world/level/block/entity/ShulkerBoxBlockEntity
net/minecraft/class_2627$1	net/minecraft/world/level/block/entity/ShulkerBoxBlockEntity$1
net/minecraft/class_2627$class_2628	net/minecraft/world/level/block/entity/ShulkerBoxBlockEntity$AnimationStatus
net/minecraft/class_2629	net/minecraft/network/protocol/game/ClientboundBossEventPacket
net/minecraft/class_2629$1	net/minecraft/network/protocol/game/ClientboundBossEventPacket$1
net/minecraft/class_2629$class_5880	net/minecraft/network/protocol/game/ClientboundBossEventPacket$AddOperation
net/minecraft/class_2629$class_5881	net/minecraft/network/protocol/game/ClientboundBossEventPacket$Handler
net/minecraft/class_2629$class_5882	net/minecraft/network/protocol/game/ClientboundBossEventPacket$Operation
net/minecraft/class_2629$class_5883	net/minecraft/network/protocol/game/ClientboundBossEventPacket$OperationType
net/minecraft/class_2629$class_5884	net/minecraft/network/protocol/game/ClientboundBossEventPacket$UpdateNameOperation
net/minecraft/class_2629$class_5885	net/minecraft/network/protocol/game/ClientboundBossEventPacket$UpdateProgressOperation
net/minecraft/class_2629$class_5886	net/minecraft/network/protocol/game/ClientboundBossEventPacket$UpdatePropertiesOperation
net/minecraft/class_2629$class_5887	net/minecraft/network/protocol/game/ClientboundBossEventPacket$UpdateStyleOperation
net/minecraft/class_263	net/minecraft/world/phys/shapes/SliceShape
net/minecraft/class_2631	net/minecraft/world/level/block/entity/SkullBlockEntity
net/minecraft/class_2632	net/minecraft/network/protocol/game/ClientboundChangeDifficultyPacket
net/minecraft/class_2633	net/minecraft/world/level/block/entity/StructureBlockEntity
net/minecraft/class_2633$class_2634	net/minecraft/world/level/block/entity/StructureBlockEntity$UpdateType
net/minecraft/class_2636	net/minecraft/world/level/block/entity/SpawnerBlockEntity
net/minecraft/class_2636$1	net/minecraft/world/level/block/entity/SpawnerBlockEntity$1
net/minecraft/class_2637	net/minecraft/network/protocol/game/ClientboundSectionBlocksUpdatePacket
net/minecraft/class_2639	net/minecraft/network/protocol/game/ClientboundCommandSuggestionsPacket
net/minecraft/class_2640	net/minecraft/world/level/block/entity/TheEndPortalBlockEntity
net/minecraft/class_2641	net/minecraft/network/protocol/game/ClientboundCommandsPacket
net/minecraft/class_2641$class_2642	net/minecraft/network/protocol/game/ClientboundCommandsPacket$Entry
net/minecraft/class_2641$class_7232	net/minecraft/network/protocol/game/ClientboundCommandsPacket$ArgumentNodeStub
net/minecraft/class_2641$class_7233	net/minecraft/network/protocol/game/ClientboundCommandsPacket$LiteralNodeStub
net/minecraft/class_2641$class_7234	net/minecraft/network/protocol/game/ClientboundCommandsPacket$NodeResolver
net/minecraft/class_2641$class_7235	net/minecraft/network/protocol/game/ClientboundCommandsPacket$NodeStub
net/minecraft/class_2643	net/minecraft/world/level/block/entity/TheEndGatewayBlockEntity
net/minecraft/class_2645	net/minecraft/network/protocol/game/ClientboundContainerClosePacket
net/minecraft/class_2646	net/minecraft/world/level/block/entity/TrappedChestBlockEntity
net/minecraft/class_2647	net/minecraft/world/level/block/grower/AbstractTreeGrower
net/minecraft/class_2648	net/minecraft/network/protocol/game/ClientboundHorseScreenOpenPacket
net/minecraft/class_2649	net/minecraft/network/protocol/game/ClientboundContainerSetContentPacket
net/minecraft/class_265	net/minecraft/world/phys/shapes/VoxelShape
net/minecraft/class_2650	net/minecraft/world/level/block/grower/AbstractMegaTreeGrower
net/minecraft/class_2651	net/minecraft/network/protocol/game/ClientboundContainerSetDataPacket
net/minecraft/class_2652	net/minecraft/world/level/block/grower/BirchTreeGrower
net/minecraft/class_2653	net/minecraft/network/protocol/game/ClientboundContainerSetSlotPacket
net/minecraft/class_2654	net/minecraft/world/level/block/grower/AcaciaTreeGrower
net/minecraft/class_2655	net/minecraft/world/level/block/grower/JungleTreeGrower
net/minecraft/class_2656	net/minecraft/network/protocol/game/ClientboundCooldownPacket
net/minecraft/class_2657	net/minecraft/world/level/block/grower/DarkOakTreeGrower
net/minecraft/class_2658	net/minecraft/network/protocol/game/ClientboundCustomPayloadPacket
net/minecraft/class_2659	net/minecraft/world/level/block/grower/SpruceTreeGrower
net/minecraft/class_266	net/minecraft/world/scores/Objective
net/minecraft/class_2661	net/minecraft/network/protocol/game/ClientboundDisconnectPacket
net/minecraft/class_2662	net/minecraft/world/level/block/grower/OakTreeGrower
net/minecraft/class_2663	net/minecraft/network/protocol/game/ClientboundEntityEventPacket
net/minecraft/class_2664	net/minecraft/network/protocol/game/ClientboundExplodePacket
net/minecraft/class_2665	net/minecraft/world/level/block/piston/PistonBaseBlock
net/minecraft/class_2665$1	net/minecraft/world/level/block/piston/PistonBaseBlock$1
net/minecraft/class_2666	net/minecraft/network/protocol/game/ClientboundForgetLevelChunkPacket
net/minecraft/class_2667	net/minecraft/world/level/block/piston/MovingPistonBlock
net/minecraft/class_2668	net/minecraft/network/protocol/game/ClientboundGameEventPacket
net/minecraft/class_2668$class_5402	net/minecraft/network/protocol/game/ClientboundGameEventPacket$Type
net/minecraft/class_2669	net/minecraft/world/level/block/piston/PistonMovingBlockEntity
net/minecraft/class_2669$1	net/minecraft/world/level/block/piston/PistonMovingBlockEntity$1
net/minecraft/class_267	net/minecraft/world/scores/Score
net/minecraft/class_2670	net/minecraft/network/protocol/game/ClientboundKeepAlivePacket
net/minecraft/class_2671	net/minecraft/world/level/block/piston/PistonHeadBlock
net/minecraft/class_2671$1	net/minecraft/world/level/block/piston/PistonHeadBlock$1
net/minecraft/class_2672	net/minecraft/network/protocol/game/ClientboundLevelChunkWithLightPacket
net/minecraft/class_2673	net/minecraft/network/protocol/game/ClientboundLevelEventPacket
net/minecraft/class_2674	net/minecraft/world/level/block/piston/PistonStructureResolver
net/minecraft/class_2675	net/minecraft/network/protocol/game/ClientboundLevelParticlesPacket
net/minecraft/class_2676	net/minecraft/network/protocol/game/ClientboundLightUpdatePacket
net/minecraft/class_2678	net/minecraft/network/protocol/game/ClientboundLoginPacket
net/minecraft/class_268	net/minecraft/world/scores/PlayerTeam
net/minecraft/class_2680	net/minecraft/world/level/block/state/BlockState
net/minecraft/class_2682	net/minecraft/world/level/EmptyBlockGetter
net/minecraft/class_2683	net/minecraft/network/protocol/game/ClientboundMapItemDataPacket
net/minecraft/class_2684	net/minecraft/network/protocol/game/ClientboundMoveEntityPacket
net/minecraft/class_2684$class_2685	net/minecraft/network/protocol/game/ClientboundMoveEntityPacket$Pos
net/minecraft/class_2684$class_2686	net/minecraft/network/protocol/game/ClientboundMoveEntityPacket$PosRot
net/minecraft/class_2684$class_2687	net/minecraft/network/protocol/game/ClientboundMoveEntityPacket$Rot
net/minecraft/class_2688	net/minecraft/world/level/block/state/StateHolder
net/minecraft/class_2688$1	net/minecraft/world/level/block/state/StateHolder$1
net/minecraft/class_2689	net/minecraft/world/level/block/state/StateDefinition
net/minecraft/class_2689$class_2690	net/minecraft/world/level/block/state/StateDefinition$Builder
net/minecraft/class_2689$class_2691	net/minecraft/world/level/block/state/StateDefinition$Factory
net/minecraft/class_269	net/minecraft/world/scores/Scoreboard
net/minecraft/class_2692	net/minecraft/network/protocol/game/ClientboundMoveVehiclePacket
net/minecraft/class_2693	net/minecraft/network/protocol/game/ClientboundOpenSignEditorPacket
net/minecraft/class_2694	net/minecraft/world/level/block/state/pattern/BlockInWorld
net/minecraft/class_2695	net/minecraft/network/protocol/game/ClientboundPlaceGhostRecipePacket
net/minecraft/class_2696	net/minecraft/network/protocol/game/ClientboundPlayerAbilitiesPacket
net/minecraft/class_2697	net/minecraft/world/level/block/state/pattern/BlockPatternBuilder
net/minecraft/class_27	net/minecraft/world/level/storage/DerivedLevelData
net/minecraft/class_270	net/minecraft/world/scores/Team
net/minecraft/class_270$class_271	net/minecraft/world/scores/Team$CollisionRule
net/minecraft/class_270$class_272	net/minecraft/world/scores/Team$Visibility
net/minecraft/class_2700	net/minecraft/world/level/block/state/pattern/BlockPattern
net/minecraft/class_2700$class_2701	net/minecraft/world/level/block/state/pattern/BlockPattern$BlockCacheLoader
net/minecraft/class_2700$class_2702	net/minecraft/world/level/block/state/pattern/BlockPattern$BlockPatternMatch
net/minecraft/class_2703	net/minecraft/network/protocol/game/ClientboundPlayerInfoUpdatePacket
net/minecraft/class_2703$class_2705	net/minecraft/network/protocol/game/ClientboundPlayerInfoUpdatePacket$Entry
net/minecraft/class_2703$class_5893	net/minecraft/network/protocol/game/ClientboundPlayerInfoUpdatePacket$Action
net/minecraft/class_2703$class_5893$class_7829	net/minecraft/network/protocol/game/ClientboundPlayerInfoUpdatePacket$Action$Reader
net/minecraft/class_2703$class_5893$class_7830	net/minecraft/network/protocol/game/ClientboundPlayerInfoUpdatePacket$Action$Writer
net/minecraft/class_2703$class_7831	net/minecraft/network/protocol/game/ClientboundPlayerInfoUpdatePacket$EntryBuilder
net/minecraft/class_2707	net/minecraft/network/protocol/game/ClientboundPlayerLookAtPacket
net/minecraft/class_2708	net/minecraft/network/protocol/game/ClientboundPlayerPositionPacket
net/minecraft/class_2709	net/minecraft/world/entity/RelativeMovement
net/minecraft/class_2713	net/minecraft/network/protocol/game/ClientboundRecipePacket
net/minecraft/class_2713$class_2714	net/minecraft/network/protocol/game/ClientboundRecipePacket$State
net/minecraft/class_2715	net/minecraft/world/level/block/state/predicate/BlockStatePredicate
net/minecraft/class_2716	net/minecraft/network/protocol/game/ClientboundRemoveEntitiesPacket
net/minecraft/class_2717	net/minecraft/world/level/block/state/predicate/BlockPredicate
net/minecraft/class_2718	net/minecraft/network/protocol/game/ClientboundRemoveMobEffectPacket
net/minecraft/class_2720	net/minecraft/network/protocol/game/ClientboundResourcePackPacket
net/minecraft/class_2724	net/minecraft/network/protocol/game/ClientboundRespawnPacket
net/minecraft/class_2726	net/minecraft/network/protocol/game/ClientboundRotateHeadPacket
net/minecraft/class_2729	net/minecraft/network/protocol/game/ClientboundSelectAdvancementsTabPacket
net/minecraft/class_273	net/minecraft/world/scores/ScoreboardSaveData
net/minecraft/class_2734	net/minecraft/network/protocol/game/ClientboundSetCameraPacket
net/minecraft/class_2735	net/minecraft/network/protocol/game/ClientboundSetCarriedItemPacket
net/minecraft/class_2736	net/minecraft/network/protocol/game/ClientboundSetDisplayObjectivePacket
net/minecraft/class_2737	net/minecraft/world/level/block/state/properties/BambooLeaves
net/minecraft/class_2738	net/minecraft/world/level/block/state/properties/AttachFace
net/minecraft/class_2739	net/minecraft/network/protocol/game/ClientboundSetEntityDataPacket
net/minecraft/class_274	net/minecraft/world/scores/criteria/ObjectiveCriteria
net/minecraft/class_274$class_275	net/minecraft/world/scores/criteria/ObjectiveCriteria$RenderType
net/minecraft/class_2740	net/minecraft/network/protocol/game/ClientboundSetEntityLinkPacket
net/minecraft/class_2741	net/minecraft/world/level/block/state/properties/BlockStateProperties
net/minecraft/class_2742	net/minecraft/world/level/block/state/properties/BedPart
net/minecraft/class_2743	net/minecraft/network/protocol/game/ClientboundSetEntityMotionPacket
net/minecraft/class_2744	net/minecraft/network/protocol/game/ClientboundSetEquipmentPacket
net/minecraft/class_2745	net/minecraft/world/level/block/state/properties/ChestType
net/minecraft/class_2745$1	net/minecraft/world/level/block/state/properties/ChestType$1
net/minecraft/class_2746	net/minecraft/world/level/block/state/properties/BooleanProperty
net/minecraft/class_2747	net/minecraft/world/level/block/state/properties/ComparatorMode
net/minecraft/class_2748	net/minecraft/network/protocol/game/ClientboundSetExperiencePacket
net/minecraft/class_2749	net/minecraft/network/protocol/game/ClientboundSetHealthPacket
net/minecraft/class_2750	net/minecraft/world/level/block/state/properties/DoorHingeSide
net/minecraft/class_2751	net/minecraft/network/protocol/game/ClientboundSetObjectivePacket
net/minecraft/class_2752	net/minecraft/network/protocol/game/ClientboundSetPassengersPacket
net/minecraft/class_2753	net/minecraft/world/level/block/state/properties/DirectionProperty
net/minecraft/class_2754	net/minecraft/world/level/block/state/properties/EnumProperty
net/minecraft/class_2756	net/minecraft/world/level/block/state/properties/DoubleBlockHalf
net/minecraft/class_2757	net/minecraft/network/protocol/game/ClientboundSetScorePacket
net/minecraft/class_2758	net/minecraft/world/level/block/state/properties/IntegerProperty
net/minecraft/class_2759	net/minecraft/network/protocol/game/ClientboundSetDefaultSpawnPositionPacket
net/minecraft/class_276	com/mojang/blaze3d/pipeline/RenderTarget
net/minecraft/class_2760	net/minecraft/world/level/block/state/properties/Half
net/minecraft/class_2761	net/minecraft/network/protocol/game/ClientboundSetTimePacket
net/minecraft/class_2764	net/minecraft/world/level/block/state/properties/PistonType
net/minecraft/class_2765	net/minecraft/network/protocol/game/ClientboundSoundEntityPacket
net/minecraft/class_2766	net/minecraft/world/level/block/state/properties/NoteBlockInstrument
net/minecraft/class_2766$class_7994	net/minecraft/world/level/block/state/properties/NoteBlockInstrument$Type
net/minecraft/class_2767	net/minecraft/network/protocol/game/ClientboundSoundPacket
net/minecraft/class_2768	net/minecraft/world/level/block/state/properties/RailShape
net/minecraft/class_2769	net/minecraft/world/level/block/state/properties/Property
net/minecraft/class_2769$class_4933	net/minecraft/world/level/block/state/properties/Property$Value
net/minecraft/class_277	com/mojang/blaze3d/shaders/BlendMode
net/minecraft/class_2770	net/minecraft/network/protocol/game/ClientboundStopSoundPacket
net/minecraft/class_2771	net/minecraft/world/level/block/state/properties/SlabType
net/minecraft/class_2772	net/minecraft/network/protocol/game/ClientboundTabListPacket
net/minecraft/class_2773	net/minecraft/world/level/block/state/properties/RedstoneSide
net/minecraft/class_2774	net/minecraft/network/protocol/game/ClientboundTagQueryPacket
net/minecraft/class_2775	net/minecraft/network/protocol/game/ClientboundTakeItemEntityPacket
net/minecraft/class_2776	net/minecraft/world/level/block/state/properties/StructureMode
net/minecraft/class_2777	net/minecraft/network/protocol/game/ClientboundTeleportEntityPacket
net/minecraft/class_2778	net/minecraft/world/level/block/state/properties/StairsShape
net/minecraft/class_2779	net/minecraft/network/protocol/game/ClientboundUpdateAdvancementsPacket
net/minecraft/class_278	com/mojang/blaze3d/shaders/AbstractUniform
net/minecraft/class_2780	net/minecraft/world/level/border/BorderChangeListener
net/minecraft/class_2780$class_3976	net/minecraft/world/level/border/BorderChangeListener$DelegateBorderChangeListener
net/minecraft/class_2781	net/minecraft/network/protocol/game/ClientboundUpdateAttributesPacket
net/minecraft/class_2781$class_2782	net/minecraft/network/protocol/game/ClientboundUpdateAttributesPacket$AttributeSnapshot
net/minecraft/class_2783	net/minecraft/network/protocol/game/ClientboundUpdateMobEffectPacket
net/minecraft/class_2784	net/minecraft/world/level/border/WorldBorder
net/minecraft/class_2784$class_2785	net/minecraft/world/level/border/WorldBorder$BorderExtent
net/minecraft/class_2784$class_2786	net/minecraft/world/level/border/WorldBorder$MovingBorderExtent
net/minecraft/class_2784$class_2787	net/minecraft/world/level/border/WorldBorder$StaticBorderExtent
net/minecraft/class_2784$class_5200	net/minecraft/world/level/border/WorldBorder$Settings
net/minecraft/class_2788	net/minecraft/network/protocol/game/ClientboundUpdateRecipesPacket
net/minecraft/class_2789	net/minecraft/world/level/border/BorderStatus
net/minecraft/class_279	net/minecraft/client/renderer/PostChain
net/minecraft/class_2790	net/minecraft/network/protocol/game/ClientboundUpdateTagsPacket
net/minecraft/class_2791	net/minecraft/world/level/chunk/ChunkAccess
net/minecraft/class_2791$class_6745	net/minecraft/world/level/chunk/ChunkAccess$TicksToSave
net/minecraft/class_2792	net/minecraft/network/protocol/game/ServerGamePacketListener
net/minecraft/class_2793	net/minecraft/network/protocol/game/ServerboundAcceptTeleportationPacket
net/minecraft/class_2794	net/minecraft/world/level/chunk/ChunkGenerator
net/minecraft/class_2795	net/minecraft/network/protocol/game/ServerboundBlockEntityTagQuery
net/minecraft/class_2797	net/minecraft/network/protocol/game/ServerboundChatPacket
net/minecraft/class_2799	net/minecraft/network/protocol/game/ServerboundClientCommandPacket
net/minecraft/class_2799$class_2800	net/minecraft/network/protocol/game/ServerboundClientCommandPacket$Action
net/minecraft/class_280	net/minecraft/client/renderer/EffectInstance
net/minecraft/class_2802	net/minecraft/world/level/chunk/ChunkSource
net/minecraft/class_2803	net/minecraft/network/protocol/game/ServerboundClientInformationPacket
net/minecraft/class_2804	net/minecraft/world/level/chunk/DataLayer
net/minecraft/class_2805	net/minecraft/network/protocol/game/ServerboundCommandSuggestionPacket
net/minecraft/class_2806	net/minecraft/world/level/chunk/ChunkStatus
net/minecraft/class_2806$class_2807	net/minecraft/world/level/chunk/ChunkStatus$GenerationTask
net/minecraft/class_2806$class_2808	net/minecraft/world/level/chunk/ChunkStatus$ChunkType
net/minecraft/class_2806$class_3768	net/minecraft/world/level/chunk/ChunkStatus$SimpleGenerationTask
net/minecraft/class_2806$class_4305	net/minecraft/world/level/chunk/ChunkStatus$LoadingTask
net/minecraft/class_281	com/mojang/blaze3d/shaders/Program
net/minecraft/class_281$class_282	com/mojang/blaze3d/shaders/Program$Type
net/minecraft/class_2810	net/minecraft/world/level/chunk/StructureAccess
net/minecraft/class_2811	net/minecraft/network/protocol/game/ServerboundContainerButtonClickPacket
net/minecraft/class_2812	net/minecraft/world/level/chunk/EmptyLevelChunk
net/minecraft/class_2813	net/minecraft/network/protocol/game/ServerboundContainerClickPacket
net/minecraft/class_2814	net/minecraft/world/level/chunk/HashMapPalette
net/minecraft/class_2815	net/minecraft/network/protocol/game/ServerboundContainerClosePacket
net/minecraft/class_2816	net/minecraft/world/level/chunk/GlobalPalette
net/minecraft/class_2817	net/minecraft/network/protocol/game/ServerboundCustomPayloadPacket
net/minecraft/class_2818	net/minecraft/world/level/chunk/LevelChunk
net/minecraft/class_2818$1	net/minecraft/world/level/chunk/LevelChunk$1
net/minecraft/class_2818$class_2819	net/minecraft/world/level/chunk/LevelChunk$EntityCreationType
net/minecraft/class_2818$class_5563	net/minecraft/world/level/chunk/LevelChunk$BoundTickingBlockEntity
net/minecraft/class_2818$class_5564	net/minecraft/world/level/chunk/LevelChunk$RebindableTickingBlockEntityWrapper
net/minecraft/class_2818$class_6829	net/minecraft/world/level/chunk/LevelChunk$PostLoadProcessor
net/minecraft/class_2820	net/minecraft/network/protocol/game/ServerboundEditBookPacket
net/minecraft/class_2821	net/minecraft/world/level/chunk/ImposterProtoChunk
net/minecraft/class_2822	net/minecraft/network/protocol/game/ServerboundEntityTagQuery
net/minecraft/class_2823	net/minecraft/world/level/chunk/LightChunkGetter
net/minecraft/class_2824	net/minecraft/network/protocol/game/ServerboundInteractPacket
net/minecraft/class_2824$1	net/minecraft/network/protocol/game/ServerboundInteractPacket$1
net/minecraft/class_2824$class_5906	net/minecraft/network/protocol/game/ServerboundInteractPacket$Action
net/minecraft/class_2824$class_5907	net/minecraft/network/protocol/game/ServerboundInteractPacket$ActionType
net/minecraft/class_2824$class_5908	net/minecraft/network/protocol/game/ServerboundInteractPacket$Handler
net/minecraft/class_2824$class_5909	net/minecraft/network/protocol/game/ServerboundInteractPacket$InteractionAction
net/minecraft/class_2824$class_5910	net/minecraft/network/protocol/game/ServerboundInteractPacket$InteractionAtLocationAction
net/minecraft/class_2826	net/minecraft/world/level/chunk/LevelChunkSection
net/minecraft/class_2826$class_6869	net/minecraft/world/level/chunk/LevelChunkSection$1BlockCounter
net/minecraft/class_2827	net/minecraft/network/protocol/game/ServerboundKeepAlivePacket
net/minecraft/class_2828	net/minecraft/network/protocol/game/ServerboundMovePlayerPacket
net/minecraft/class_2828$class_2829	net/minecraft/network/protocol/game/ServerboundMovePlayerPacket$Pos
net/minecraft/class_2828$class_2830	net/minecraft/network/protocol/game/ServerboundMovePlayerPacket$PosRot
net/minecraft/class_2828$class_2831	net/minecraft/network/protocol/game/ServerboundMovePlayerPacket$Rot
net/minecraft/class_2828$class_5911	net/minecraft/network/protocol/game/ServerboundMovePlayerPacket$StatusOnly
net/minecraft/class_283	net/minecraft/client/renderer/PostPass
net/minecraft/class_2833	net/minecraft/network/protocol/game/ServerboundMoveVehiclePacket
net/minecraft/class_2834	net/minecraft/world/level/chunk/LinearPalette
net/minecraft/class_2835	net/minecraft/world/level/chunk/PaletteResize
net/minecraft/class_2836	net/minecraft/network/protocol/game/ServerboundPaddleBoatPacket
net/minecraft/class_2837	net/minecraft/world/level/chunk/Palette
net/minecraft/class_2837$class_6559	net/minecraft/world/level/chunk/Palette$Factory
net/minecraft/class_2838	net/minecraft/network/protocol/game/ServerboundPickItemPacket
net/minecraft/class_2839	net/minecraft/world/level/chunk/ProtoChunk
net/minecraft/class_284	com/mojang/blaze3d/shaders/Uniform
net/minecraft/class_2840	net/minecraft/network/protocol/game/ServerboundPlaceRecipePacket
net/minecraft/class_2841	net/minecraft/world/level/chunk/PalettedContainer
net/minecraft/class_2841$class_4464	net/minecraft/world/level/chunk/PalettedContainer$CountConsumer
net/minecraft/class_2841$class_6560	net/minecraft/world/level/chunk/PalettedContainer$Configuration
net/minecraft/class_2841$class_6561	net/minecraft/world/level/chunk/PalettedContainer$Data
net/minecraft/class_2841$class_6563	net/minecraft/world/level/chunk/PalettedContainer$Strategy
net/minecraft/class_2841$class_6563$1	net/minecraft/world/level/chunk/PalettedContainer$Strategy$1
net/minecraft/class_2841$class_6563$2	net/minecraft/world/level/chunk/PalettedContainer$Strategy$2
net/minecraft/class_2842	net/minecraft/network/protocol/game/ServerboundPlayerAbilitiesPacket
net/minecraft/class_2843	net/minecraft/world/level/chunk/UpgradeData
net/minecraft/class_2843$class_2844	net/minecraft/world/level/chunk/UpgradeData$BlockFixer
net/minecraft/class_2843$class_2845	net/minecraft/world/level/chunk/UpgradeData$BlockFixers
net/minecraft/class_2843$class_2845$1	net/minecraft/world/level/chunk/UpgradeData$BlockFixers$1
net/minecraft/class_2843$class_2845$2	net/minecraft/world/level/chunk/UpgradeData$BlockFixers$2
net/minecraft/class_2843$class_2845$3	net/minecraft/world/level/chunk/UpgradeData$BlockFixers$3
net/minecraft/class_2843$class_2845$4	net/minecraft/world/level/chunk/UpgradeData$BlockFixers$4
net/minecraft/class_2843$class_2845$5	net/minecraft/world/level/chunk/UpgradeData$BlockFixers$5
net/minecraft/class_2846	net/minecraft/network/protocol/game/ServerboundPlayerActionPacket
net/minecraft/class_2846$class_2847	net/minecraft/network/protocol/game/ServerboundPlayerActionPacket$Action
net/minecraft/class_2848	net/minecraft/network/protocol/game/ServerboundPlayerCommandPacket
net/minecraft/class_2848$class_2849	net/minecraft/network/protocol/game/ServerboundPlayerCommandPacket$Action
net/minecraft/class_285	com/mojang/blaze3d/shaders/ProgramManager
net/minecraft/class_2851	net/minecraft/network/protocol/game/ServerboundPlayerInputPacket
net/minecraft/class_2852	net/minecraft/world/level/chunk/storage/ChunkSerializer
net/minecraft/class_2853	net/minecraft/network/protocol/game/ServerboundRecipeBookSeenRecipePacket
net/minecraft/class_2855	net/minecraft/network/protocol/game/ServerboundRenameItemPacket
net/minecraft/class_2856	net/minecraft/network/protocol/game/ServerboundResourcePackPacket
net/minecraft/class_2856$class_2857	net/minecraft/network/protocol/game/ServerboundResourcePackPacket$Action
net/minecraft/class_2859	net/minecraft/network/protocol/game/ServerboundSeenAdvancementsPacket
net/minecraft/class_2859$class_2860	net/minecraft/network/protocol/game/ServerboundSeenAdvancementsPacket$Action
net/minecraft/class_286	com/mojang/blaze3d/vertex/BufferUploader
net/minecraft/class_2861	net/minecraft/world/level/chunk/storage/RegionFile
net/minecraft/class_2861$class_2862	net/minecraft/world/level/chunk/storage/RegionFile$ChunkBuffer
net/minecraft/class_2861$class_4549	net/minecraft/world/level/chunk/storage/RegionFile$CommitOp
net/minecraft/class_2863	net/minecraft/network/protocol/game/ServerboundSelectTradePacket
net/minecraft/class_2866	net/minecraft/network/protocol/game/ServerboundSetBeaconPacket
net/minecraft/class_2867	net/minecraft/world/level/chunk/storage/RegionFileStorage
net/minecraft/class_2868	net/minecraft/network/protocol/game/ServerboundSetCarriedItemPacket
net/minecraft/class_287	com/mojang/blaze3d/vertex/BufferBuilder
net/minecraft/class_287$1	com/mojang/blaze3d/vertex/BufferBuilder$1
net/minecraft/class_287$class_4574	com/mojang/blaze3d/vertex/BufferBuilder$DrawState
net/minecraft/class_287$class_5594	com/mojang/blaze3d/vertex/BufferBuilder$SortState
net/minecraft/class_287$class_7433	com/mojang/blaze3d/vertex/BufferBuilder$RenderedBuffer
net/minecraft/class_2870	net/minecraft/network/protocol/game/ServerboundSetCommandBlockPacket
net/minecraft/class_2871	net/minecraft/network/protocol/game/ServerboundSetCommandMinecartPacket
net/minecraft/class_2873	net/minecraft/network/protocol/game/ServerboundSetCreativeModeSlotPacket
net/minecraft/class_2874	net/minecraft/world/level/dimension/DimensionType
net/minecraft/class_2874$class_7512	net/minecraft/world/level/dimension/DimensionType$MonsterSettings
net/minecraft/class_2875	net/minecraft/network/protocol/game/ServerboundSetStructureBlockPacket
net/minecraft/class_2876	net/minecraft/world/level/dimension/end/DragonRespawnAnimation
net/minecraft/class_2876$1	net/minecraft/world/level/dimension/end/DragonRespawnAnimation$1
net/minecraft/class_2876$2	net/minecraft/world/level/dimension/end/DragonRespawnAnimation$2
net/minecraft/class_2876$3	net/minecraft/world/level/dimension/end/DragonRespawnAnimation$3
net/minecraft/class_2876$4	net/minecraft/world/level/dimension/end/DragonRespawnAnimation$4
net/minecraft/class_2876$5	net/minecraft/world/level/dimension/end/DragonRespawnAnimation$5
net/minecraft/class_2877	net/minecraft/network/protocol/game/ServerboundSignUpdatePacket
net/minecraft/class_2879	net/minecraft/network/protocol/game/ServerboundSwingPacket
net/minecraft/class_2881	net/minecraft/world/level/dimension/end/EndDragonFight
net/minecraft/class_2881$class_8576	net/minecraft/world/level/dimension/end/EndDragonFight$Data
net/minecraft/class_2884	net/minecraft/network/protocol/game/ServerboundTeleportToEntityPacket
net/minecraft/class_2885	net/minecraft/network/protocol/game/ServerboundUseItemOnPacket
net/minecraft/class_2886	net/minecraft/network/protocol/game/ServerboundUseItemPacket
net/minecraft/class_2889	net/minecraft/network/protocol/handshake/ClientIntentionPacket
net/minecraft/class_289	com/mojang/blaze3d/vertex/Tesselator
net/minecraft/class_2890	net/minecraft/network/protocol/handshake/ServerHandshakePacketListener
net/minecraft/class_2891	net/minecraft/world/level/levelgen/DebugLevelSource
net/minecraft/class_2893	net/minecraft/world/level/levelgen/GenerationStep
net/minecraft/class_2893$class_2894	net/minecraft/world/level/levelgen/GenerationStep$Carving
net/minecraft/class_2893$class_2895	net/minecraft/world/level/levelgen/GenerationStep$Decoration
net/minecraft/class_2896	net/minecraft/network/protocol/login/ClientLoginPacketListener
net/minecraft/class_2897	net/minecraft/world/level/levelgen/FlatLevelSource
net/minecraft/class_2899	net/minecraft/network/protocol/login/ClientboundCustomQueryPacket
net/minecraft/class_29	net/minecraft/world/level/storage/PlayerDataStorage
net/minecraft/class_290	com/mojang/blaze3d/vertex/DefaultVertexFormat
net/minecraft/class_2901	net/minecraft/network/protocol/login/ClientboundGameProfilePacket
net/minecraft/class_2902	net/minecraft/world/level/levelgen/Heightmap
net/minecraft/class_2902$class_2903	net/minecraft/world/level/levelgen/Heightmap$Types
net/minecraft/class_2902$class_2904	net/minecraft/world/level/levelgen/Heightmap$Usage
net/minecraft/class_2905	net/minecraft/network/protocol/login/ClientboundHelloPacket
net/minecraft/class_2907	net/minecraft/network/protocol/login/ClientboundLoginCompressionPacket
net/minecraft/class_2909	net/minecraft/network/protocol/login/ClientboundLoginDisconnectPacket
net/minecraft/class_291	com/mojang/blaze3d/vertex/VertexBuffer
net/minecraft/class_291$class_8555	com/mojang/blaze3d/vertex/VertexBuffer$Usage
net/minecraft/class_2910	net/minecraft/world/level/levelgen/PhantomSpawner
net/minecraft/class_2911	net/minecraft/network/protocol/login/ServerLoginPacketListener
net/minecraft/class_2913	net/minecraft/network/protocol/login/ServerboundCustomQueryPacket
net/minecraft/class_2915	net/minecraft/network/protocol/login/ServerboundHelloPacket
net/minecraft/class_2917	net/minecraft/network/protocol/login/ServerboundKeyPacket
net/minecraft/class_2919	net/minecraft/world/level/levelgen/WorldgenRandom
net/minecraft/class_2919$class_6675	net/minecraft/world/level/levelgen/WorldgenRandom$Algorithm
net/minecraft/class_2921	net/minecraft/network/protocol/status/ClientStatusPacketListener
net/minecraft/class_2922	net/minecraft/world/level/levelgen/carver/ConfiguredWorldCarver
net/minecraft/class_2923	net/minecraft/network/protocol/status/ClientboundPongResponsePacket
net/minecraft/class_2924	net/minecraft/network/protocol/status/ClientboundStatusResponsePacket
net/minecraft/class_2925	net/minecraft/world/level/levelgen/carver/CaveWorldCarver
net/minecraft/class_2926	net/minecraft/network/protocol/status/ServerStatus
net/minecraft/class_2926$class_2927	net/minecraft/network/protocol/status/ServerStatus$Players
net/minecraft/class_2926$class_2930	net/minecraft/network/protocol/status/ServerStatus$Version
net/minecraft/class_2926$class_8145	net/minecraft/network/protocol/status/ServerStatus$Favicon
net/minecraft/class_293	com/mojang/blaze3d/vertex/VertexFormat
net/minecraft/class_293$1	com/mojang/blaze3d/vertex/VertexFormat$1
net/minecraft/class_293$class_5595	com/mojang/blaze3d/vertex/VertexFormat$IndexType
net/minecraft/class_293$class_5596	com/mojang/blaze3d/vertex/VertexFormat$Mode
net/minecraft/class_2933	net/minecraft/network/protocol/status/ServerStatusPacketListener
net/minecraft/class_2934	net/minecraft/world/level/levelgen/carver/NetherWorldCarver
net/minecraft/class_2935	net/minecraft/network/protocol/status/ServerboundPingRequestPacket
net/minecraft/class_2937	net/minecraft/network/protocol/status/ServerboundStatusRequestPacket
net/minecraft/class_2939	net/minecraft/world/level/levelgen/carver/WorldCarver
net/minecraft/class_2939$class_5874	net/minecraft/world/level/levelgen/carver/WorldCarver$CarveSkipChecker
net/minecraft/class_2940	net/minecraft/network/syncher/EntityDataAccessor
net/minecraft/class_2941	net/minecraft/network/syncher/EntityDataSerializer
net/minecraft/class_2941$1	net/minecraft/network/syncher/EntityDataSerializer$1
net/minecraft/class_2941$class_7394	net/minecraft/network/syncher/EntityDataSerializer$ForValueType
net/minecraft/class_2942	net/minecraft/world/level/levelgen/feature/BambooFeature
net/minecraft/class_2943	net/minecraft/network/syncher/EntityDataSerializers
net/minecraft/class_2943$1	net/minecraft/network/syncher/EntityDataSerializers$1
net/minecraft/class_2943$2	net/minecraft/network/syncher/EntityDataSerializers$2
net/minecraft/class_2943$3	net/minecraft/network/syncher/EntityDataSerializers$3
net/minecraft/class_2943$4	net/minecraft/network/syncher/EntityDataSerializers$4
net/minecraft/class_2943$5	net/minecraft/network/syncher/EntityDataSerializers$5
net/minecraft/class_2943$6	net/minecraft/network/syncher/EntityDataSerializers$6
net/minecraft/class_2943$7	net/minecraft/network/syncher/EntityDataSerializers$7
net/minecraft/class_2944	net/minecraft/world/level/levelgen/feature/TreeFeature
net/minecraft/class_2944$1	net/minecraft/world/level/levelgen/feature/TreeFeature$1
net/minecraft/class_2945	net/minecraft/network/syncher/SynchedEntityData
net/minecraft/class_2945$class_2946	net/minecraft/network/syncher/SynchedEntityData$DataItem
net/minecraft/class_2945$class_7834	net/minecraft/network/syncher/SynchedEntityData$DataValue
net/minecraft/class_2950	net/minecraft/world/level/levelgen/feature/BlockBlobFeature
net/minecraft/class_2952	net/minecraft/recipebook/PlaceRecipe
net/minecraft/class_2953	net/minecraft/world/level/levelgen/feature/BonusChestFeature
net/minecraft/class_2954	net/minecraft/world/level/levelgen/feature/BlueIceFeature
net/minecraft/class_2955	net/minecraft/recipebook/ServerPlaceRecipe
net/minecraft/class_2956	net/minecraft/world/level/levelgen/structure/structures/BuriedTreasureStructure
net/minecraft/class_296	com/mojang/blaze3d/vertex/VertexFormatElement
net/minecraft/class_296$class_297	com/mojang/blaze3d/vertex/VertexFormatElement$Type
net/minecraft/class_296$class_298	com/mojang/blaze3d/vertex/VertexFormatElement$Usage
net/minecraft/class_296$class_298$class_4575	com/mojang/blaze3d/vertex/VertexFormatElement$Usage$SetupState
net/minecraft/class_296$class_298$class_5938	com/mojang/blaze3d/vertex/VertexFormatElement$Usage$ClearState
net/minecraft/class_2960	net/minecraft/resources/ResourceLocation
net/minecraft/class_2960$class_2961	net/minecraft/resources/ResourceLocation$Serializer
net/minecraft/class_2960$class_7658	net/minecraft/resources/ResourceLocation$Dummy
net/minecraft/class_2963	net/minecraft/world/level/levelgen/feature/configurations/BlockStateConfiguration
net/minecraft/class_2964	net/minecraft/world/level/levelgen/feature/ChorusPlantFeature
net/minecraft/class_2965	net/minecraft/core/dispenser/AbstractProjectileDispenseBehavior
net/minecraft/class_2966	net/minecraft/server/Bootstrap
net/minecraft/class_2966$1	net/minecraft/server/Bootstrap$1
net/minecraft/class_2967	net/minecraft/core/dispenser/BoatDispenseItemBehavior
net/minecraft/class_2968	net/minecraft/world/item/context/DirectionalPlaceContext
net/minecraft/class_2968$1	net/minecraft/world/item/context/DirectionalPlaceContext$1
net/minecraft/class_2969	net/minecraft/core/dispenser/OptionalDispenseItemBehavior
net/minecraft/class_2970	net/minecraft/core/dispenser/ShulkerBoxDispenseBehavior
net/minecraft/class_2972	net/minecraft/world/level/levelgen/feature/CoralClawFeature
net/minecraft/class_2973	net/minecraft/server/ChainedJsonException
net/minecraft/class_2973$class_2974	net/minecraft/server/ChainedJsonException$Entry
net/minecraft/class_2975	net/minecraft/world/level/levelgen/feature/ConfiguredFeature
net/minecraft/class_2976	net/minecraft/server/ConsoleInput
net/minecraft/class_2977	net/minecraft/world/level/levelgen/feature/CoralMushroomFeature
net/minecraft/class_2978	net/minecraft/world/level/levelgen/feature/CoralFeature
net/minecraft/class_2979	net/minecraft/world/level/levelgen/feature/CoralTreeFeature
net/minecraft/class_2980	net/minecraft/server/DebugLoggedPrintStream
net/minecraft/class_2981	net/minecraft/server/Eula
net/minecraft/class_2983	net/minecraft/server/LoggedPrintStream
net/minecraft/class_2984	net/minecraft/world/level/levelgen/feature/configurations/CountConfiguration
net/minecraft/class_2985	net/minecraft/server/PlayerAdvancements
net/minecraft/class_2985$1	net/minecraft/server/PlayerAdvancements$1
net/minecraft/class_2987	net/minecraft/server/RunningOnDifferentThreadException
net/minecraft/class_2989	net/minecraft/server/ServerAdvancementManager
net/minecraft/class_299	net/minecraft/client/ClientRecipeBook
net/minecraft/class_299$1	net/minecraft/client/ClientRecipeBook$1
net/minecraft/class_2991	net/minecraft/server/ServerFunctionManager
net/minecraft/class_2991$class_2992	net/minecraft/server/ServerFunctionManager$QueuedCommand
net/minecraft/class_2991$class_6345	net/minecraft/server/ServerFunctionManager$ExecutionContext
net/minecraft/class_2991$class_6345$class_8502	net/minecraft/server/ServerFunctionManager$ExecutionContext$AbortingReturnValueConsumer
net/minecraft/class_2991$class_6346	net/minecraft/server/ServerFunctionManager$TraceCallbacks
net/minecraft/class_2994	net/minecraft/server/ServerInterface
net/minecraft/class_2995	net/minecraft/server/ServerScoreboard
net/minecraft/class_2995$class_2996	net/minecraft/server/ServerScoreboard$Method
net/minecraft/class_300	net/minecraft/client/DebugQueryHandler
net/minecraft/class_3002	net/minecraft/server/bossevents/CustomBossEvent
net/minecraft/class_3003	net/minecraft/world/level/levelgen/placement/NoiseThresholdCountPlacement
net/minecraft/class_3004	net/minecraft/server/bossevents/CustomBossEvents
net/minecraft/class_3005	net/minecraft/world/level/levelgen/feature/DesertWellFeature
net/minecraft/class_3006	net/minecraft/world/level/levelgen/structure/structures/DesertPyramidStructure
net/minecraft/class_3008	net/minecraft/server/commands/AdvancementCommands
net/minecraft/class_3008$class_3009	net/minecraft/server/commands/AdvancementCommands$Action
net/minecraft/class_3008$class_3009$1	net/minecraft/server/commands/AdvancementCommands$Action$1
net/minecraft/class_3008$class_3009$2	net/minecraft/server/commands/AdvancementCommands$Action$2
net/minecraft/class_3008$class_3010	net/minecraft/server/commands/AdvancementCommands$Mode
net/minecraft/class_301	com/mojang/blaze3d/platform/DebugMemoryUntracker
net/minecraft/class_3011	net/minecraft/world/level/levelgen/feature/DiskFeature
net/minecraft/class_3012	net/minecraft/server/commands/BanIpCommands
net/minecraft/class_3014	net/minecraft/server/commands/BanListCommands
net/minecraft/class_3016	net/minecraft/server/commands/BanPlayerCommands
net/minecraft/class_3018	net/minecraft/world/level/levelgen/feature/configurations/EndGatewayConfiguration
net/minecraft/class_3019	net/minecraft/server/commands/BossBarCommands
net/minecraft/class_302	net/minecraft/client/HotbarManager
net/minecraft/class_3020	net/minecraft/server/commands/ClearInventoryCommands
net/minecraft/class_3021	net/minecraft/world/level/levelgen/structure/structures/EndCityStructure
net/minecraft/class_3023	net/minecraft/server/commands/CloneCommands
net/minecraft/class_3023$class_3024	net/minecraft/server/commands/CloneCommands$CloneBlockInfo
net/minecraft/class_3023$class_3025	net/minecraft/server/commands/CloneCommands$Mode
net/minecraft/class_3023$class_8009	net/minecraft/server/commands/CloneCommands$CommandFunction
net/minecraft/class_3023$class_8010	net/minecraft/server/commands/CloneCommands$DimensionAndPosition
net/minecraft/class_3026	net/minecraft/world/level/levelgen/feature/EndIslandFeature
net/minecraft/class_3027	net/minecraft/server/commands/DataPackCommand
net/minecraft/class_3027$class_3028	net/minecraft/server/commands/DataPackCommand$Inserter
net/minecraft/class_3029	net/minecraft/world/level/levelgen/feature/EndGatewayFeature
net/minecraft/class_303	net/minecraft/client/GuiMessage
net/minecraft/class_303$class_7590	net/minecraft/client/GuiMessage$Line
net/minecraft/class_3030	net/minecraft/server/commands/DeOpCommands
net/minecraft/class_3031	net/minecraft/world/level/levelgen/feature/Feature
net/minecraft/class_3032	net/minecraft/server/commands/DebugCommand
net/minecraft/class_3032$class_6347	net/minecraft/server/commands/DebugCommand$Tracer
net/minecraft/class_3033	net/minecraft/world/level/levelgen/feature/EndPodiumFeature
net/minecraft/class_3035	net/minecraft/server/commands/DefaultGameModeCommands
net/minecraft/class_3036	net/minecraft/server/commands/DifficultyCommand
net/minecraft/class_3037	net/minecraft/world/level/levelgen/feature/configurations/FeatureConfiguration
net/minecraft/class_3039	net/minecraft/server/commands/LootCommand
net/minecraft/class_3039$class_3040	net/minecraft/server/commands/LootCommand$Callback
net/minecraft/class_3039$class_3041	net/minecraft/server/commands/LootCommand$DropConsumer
net/minecraft/class_3039$class_3042	net/minecraft/server/commands/LootCommand$TailProvider
net/minecraft/class_304	net/minecraft/client/KeyMapping
net/minecraft/class_3043	net/minecraft/server/commands/EffectCommands
net/minecraft/class_3044	net/minecraft/world/level/levelgen/feature/FossilFeature
net/minecraft/class_3045	net/minecraft/server/commands/EmoteCommands
net/minecraft/class_3047	net/minecraft/world/level/levelgen/feature/GlowstoneFeature
net/minecraft/class_3048	net/minecraft/server/commands/EnchantCommand
net/minecraft/class_3050	net/minecraft/server/commands/ExecuteCommand
net/minecraft/class_3050$class_3051	net/minecraft/server/commands/ExecuteCommand$CommandNumericPredicate
net/minecraft/class_3050$class_3052	net/minecraft/server/commands/ExecuteCommand$CommandPredicate
net/minecraft/class_3054	net/minecraft/server/commands/ExperienceCommand
net/minecraft/class_3054$class_3055	net/minecraft/server/commands/ExperienceCommand$Type
net/minecraft/class_3057	net/minecraft/server/commands/FillCommand
net/minecraft/class_3057$class_3058	net/minecraft/server/commands/FillCommand$Mode
net/minecraft/class_3059	net/minecraft/world/level/levelgen/feature/HugeBrownMushroomFeature
net/minecraft/class_3060	net/minecraft/server/commands/ForceLoadCommand
net/minecraft/class_3062	net/minecraft/server/commands/FunctionCommand
net/minecraft/class_3064	net/minecraft/server/commands/GameModeCommand
net/minecraft/class_3065	net/minecraft/server/commands/GameRuleCommand
net/minecraft/class_3065$1	net/minecraft/server/commands/GameRuleCommand$1
net/minecraft/class_3066	net/minecraft/world/level/levelgen/feature/HugeRedMushroomFeature
net/minecraft/class_3068	net/minecraft/server/commands/GiveCommand
net/minecraft/class_3069	net/minecraft/server/commands/HelpCommand
net/minecraft/class_3070	net/minecraft/world/level/levelgen/feature/IceSpikeFeature
net/minecraft/class_3071	net/minecraft/world/level/levelgen/structure/structures/IglooStructure
net/minecraft/class_3073	net/minecraft/server/commands/KickCommand
net/minecraft/class_3074	net/minecraft/world/level/levelgen/feature/IcebergFeature
net/minecraft/class_3075	net/minecraft/server/commands/KillCommand
net/minecraft/class_3076	net/minecraft/world/level/levelgen/structure/structures/JungleTempleStructure
net/minecraft/class_3078	net/minecraft/server/commands/ListPlayersCommand
net/minecraft/class_3079	net/minecraft/server/commands/LocateCommand
net/minecraft/class_308	com/mojang/blaze3d/platform/Lighting
net/minecraft/class_3081	net/minecraft/world/level/levelgen/feature/KelpFeature
net/minecraft/class_3082	net/minecraft/server/commands/MsgCommand
net/minecraft/class_3083	net/minecraft/server/commands/OpCommand
net/minecraft/class_3085	net/minecraft/world/level/levelgen/feature/LakeFeature
net/minecraft/class_3085$class_6788	net/minecraft/world/level/levelgen/feature/LakeFeature$Configuration
net/minecraft/class_3086	net/minecraft/server/commands/PardonCommand
net/minecraft/class_3088	net/minecraft/server/commands/PardonIpCommand
net/minecraft/class_3089	net/minecraft/server/commands/ParticleCommand
net/minecraft/class_309	net/minecraft/client/KeyboardHandler
net/minecraft/class_309$1	net/minecraft/client/KeyboardHandler$1
net/minecraft/class_3091	net/minecraft/server/commands/PlaySoundCommand
net/minecraft/class_3093	net/minecraft/server/commands/PublishCommand
net/minecraft/class_3095	net/minecraft/server/commands/RecipeCommand
net/minecraft/class_3097	net/minecraft/server/commands/ReloadCommand
net/minecraft/class_3098	net/minecraft/world/level/levelgen/structure/structures/MineshaftStructure
net/minecraft/class_3098$class_3100	net/minecraft/world/level/levelgen/structure/structures/MineshaftStructure$Type
net/minecraft/class_31	net/minecraft/world/level/storage/PrimaryLevelData
net/minecraft/class_31$class_7729	net/minecraft/world/level/storage/PrimaryLevelData$SpecialWorldProperty
net/minecraft/class_310	net/minecraft/client/Minecraft
net/minecraft/class_310$1	net/minecraft/client/Minecraft$1
net/minecraft/class_310$class_5859	net/minecraft/client/Minecraft$ChatStatus
net/minecraft/class_310$class_5859$1	net/minecraft/client/Minecraft$ChatStatus$1
net/minecraft/class_310$class_5859$2	net/minecraft/client/Minecraft$ChatStatus$2
net/minecraft/class_310$class_5859$3	net/minecraft/client/Minecraft$ChatStatus$3
net/minecraft/class_310$class_5859$4	net/minecraft/client/Minecraft$ChatStatus$4
net/minecraft/class_3103	net/minecraft/world/level/levelgen/feature/MonsterRoomFeature
net/minecraft/class_3104	net/minecraft/server/commands/SaveAllCommand
net/minecraft/class_3106	net/minecraft/server/commands/SaveOffCommand
net/minecraft/class_3107	net/minecraft/server/commands/SaveOnCommand
net/minecraft/class_3108	net/minecraft/world/level/levelgen/structure/structures/NetherFortressStructure
net/minecraft/class_311	com/mojang/blaze3d/platform/MemoryTracker
net/minecraft/class_3110	net/minecraft/server/commands/SayCommand
net/minecraft/class_3111	net/minecraft/world/level/levelgen/feature/configurations/NoneFeatureConfiguration
net/minecraft/class_3112	net/minecraft/server/commands/ScheduleCommand
net/minecraft/class_3115	net/minecraft/server/commands/ScoreboardCommand
net/minecraft/class_3116	net/minecraft/world/level/levelgen/structure/structures/OceanMonumentStructure
net/minecraft/class_3118	net/minecraft/server/commands/SeedCommand
net/minecraft/class_3119	net/minecraft/server/commands/SetBlockCommand
net/minecraft/class_3119$class_3120	net/minecraft/server/commands/SetBlockCommand$Filter
net/minecraft/class_3119$class_3121	net/minecraft/server/commands/SetBlockCommand$Mode
net/minecraft/class_312	net/minecraft/client/MouseHandler
net/minecraft/class_3122	net/minecraft/world/level/levelgen/feature/OreFeature
net/minecraft/class_3123	net/minecraft/server/commands/SetPlayerIdleTimeoutCommand
net/minecraft/class_3124	net/minecraft/world/level/levelgen/feature/configurations/OreConfiguration
net/minecraft/class_3124$class_5876	net/minecraft/world/level/levelgen/feature/configurations/OreConfiguration$TargetBlockState
net/minecraft/class_3127	net/minecraft/server/commands/SetSpawnCommand
net/minecraft/class_3128	net/minecraft/server/commands/SetWorldSpawnCommand
net/minecraft/class_313	com/mojang/blaze3d/platform/Monitor
net/minecraft/class_3131	net/minecraft/server/commands/SpreadPlayersCommand
net/minecraft/class_3131$class_3132	net/minecraft/server/commands/SpreadPlayersCommand$Position
net/minecraft/class_3133	net/minecraft/world/level/levelgen/feature/configurations/ProbabilityFeatureConfiguration
net/minecraft/class_3134	net/minecraft/server/commands/StopCommand
net/minecraft/class_3135	net/minecraft/world/level/levelgen/feature/RandomBooleanSelectorFeature
net/minecraft/class_3136	net/minecraft/server/commands/StopSoundCommand
net/minecraft/class_3137	net/minecraft/world/level/levelgen/feature/configurations/RandomBooleanFeatureConfiguration
net/minecraft/class_3138	net/minecraft/server/commands/SummonCommand
net/minecraft/class_314	net/minecraft/client/RecipeBookCategories
net/minecraft/class_314$1	net/minecraft/client/RecipeBookCategories$1
net/minecraft/class_3140	net/minecraft/server/commands/TagCommand
net/minecraft/class_3141	net/minecraft/world/level/levelgen/feature/configurations/RandomFeatureConfiguration
net/minecraft/class_3142	net/minecraft/server/commands/TeamCommand
net/minecraft/class_3143	net/minecraft/server/commands/TeleportCommand
net/minecraft/class_3143$class_3144	net/minecraft/server/commands/TeleportCommand$LookAt
net/minecraft/class_3146	net/minecraft/server/commands/TellRawCommand
net/minecraft/class_3149	net/minecraft/server/commands/TimeCommand
net/minecraft/class_315	net/minecraft/client/Options
net/minecraft/class_315$1	net/minecraft/client/Options$1
net/minecraft/class_315$2	net/minecraft/client/Options$2
net/minecraft/class_315$3	net/minecraft/client/Options$3
net/minecraft/class_315$4	net/minecraft/client/Options$4
net/minecraft/class_315$class_5823	net/minecraft/client/Options$FieldAccess
net/minecraft/class_3150	net/minecraft/world/level/levelgen/feature/RandomSelectorFeature
net/minecraft/class_3151	net/minecraft/server/commands/TitleCommand
net/minecraft/class_3152	net/minecraft/world/level/levelgen/feature/ReplaceBlockFeature
net/minecraft/class_3153	net/minecraft/server/commands/TriggerCommand
net/minecraft/class_3154	net/minecraft/world/level/levelgen/feature/configurations/ReplaceBlockConfiguration
net/minecraft/class_3155	net/minecraft/server/commands/WeatherCommand
net/minecraft/class_3156	net/minecraft/server/commands/WhitelistCommand
net/minecraft/class_3158	net/minecraft/server/commands/WorldBorderCommand
net/minecraft/class_3160	net/minecraft/world/level/levelgen/feature/SeaPickleFeature
net/minecraft/class_3161	net/minecraft/server/commands/data/BlockDataAccessor
net/minecraft/class_3161$1	net/minecraft/server/commands/data/BlockDataAccessor$1
net/minecraft/class_3162	net/minecraft/server/commands/data/DataAccessor
net/minecraft/class_3164	net/minecraft/server/commands/data/DataCommands
net/minecraft/class_3164$class_3165	net/minecraft/server/commands/data/DataCommands$DataManipulator
net/minecraft/class_3164$class_3166	net/minecraft/server/commands/data/DataCommands$DataManipulatorDecorator
net/minecraft/class_3164$class_3167	net/minecraft/server/commands/data/DataCommands$DataProvider
net/minecraft/class_3164$class_8569	net/minecraft/server/commands/data/DataCommands$StringProcessor
net/minecraft/class_3168	net/minecraft/world/level/levelgen/feature/SeagrassFeature
net/minecraft/class_3169	net/minecraft/server/commands/data/EntityDataAccessor
net/minecraft/class_3169$1	net/minecraft/server/commands/data/EntityDataAccessor$1
net/minecraft/class_317	net/minecraft/client/Timer
net/minecraft/class_3170	net/minecraft/world/level/levelgen/structure/structures/ShipwreckStructure
net/minecraft/class_3173	net/minecraft/world/level/levelgen/feature/SimpleBlockFeature
net/minecraft/class_3174	net/minecraft/server/dedicated/DedicatedPlayerList
net/minecraft/class_3175	net/minecraft/world/level/levelgen/feature/configurations/SimpleBlockConfiguration
net/minecraft/class_3176	net/minecraft/server/dedicated/DedicatedServer
net/minecraft/class_3176$1	net/minecraft/server/dedicated/DedicatedServer$1
net/minecraft/class_3177	net/minecraft/world/level/levelgen/feature/SimpleRandomSelectorFeature
net/minecraft/class_3178	net/minecraft/server/dedicated/ServerWatchdog
net/minecraft/class_3178$1	net/minecraft/server/dedicated/ServerWatchdog$1
net/minecraft/class_3179	net/minecraft/world/level/levelgen/feature/configurations/SimpleRandomFeatureConfiguration
net/minecraft/class_318	net/minecraft/client/Screenshot
net/minecraft/class_3182	net/minecraft/server/gui/MinecraftServerGui
net/minecraft/class_3182$1	net/minecraft/server/gui/MinecraftServerGui$1
net/minecraft/class_3182$2	net/minecraft/server/gui/MinecraftServerGui$2
net/minecraft/class_3183	net/minecraft/world/level/levelgen/feature/SnowAndFreezeFeature
net/minecraft/class_3184	net/minecraft/server/gui/PlayerListComponent
net/minecraft/class_3185	net/minecraft/world/level/levelgen/feature/SpringFeature
net/minecraft/class_3186	net/minecraft/server/gui/StatsComponent
net/minecraft/class_3188	net/minecraft/world/level/levelgen/structure/structures/StrongholdStructure
net/minecraft/class_319	com/mojang/blaze3d/platform/VideoMode
net/minecraft/class_3191	net/minecraft/server/level/BlockDestructionProgress
net/minecraft/class_3193	net/minecraft/server/level/ChunkHolder
net/minecraft/class_3193$1	net/minecraft/server/level/ChunkHolder$1
net/minecraft/class_3193$class_3724	net/minecraft/server/level/ChunkHolder$ChunkLoadingFailure
net/minecraft/class_3193$class_3724$1	net/minecraft/server/level/ChunkHolder$ChunkLoadingFailure$1
net/minecraft/class_3193$class_3896	net/minecraft/server/level/ChunkHolder$LevelChangeListener
net/minecraft/class_3193$class_3897	net/minecraft/server/level/ChunkHolder$PlayerProvider
net/minecraft/class_3193$class_5830	net/minecraft/server/level/ChunkHolder$ChunkSaveDebug
net/minecraft/class_3194	net/minecraft/server/level/FullChunkStatus
net/minecraft/class_3195	net/minecraft/world/level/levelgen/structure/Structure
net/minecraft/class_3195$class_7149	net/minecraft/world/level/levelgen/structure/Structure$GenerationContext
net/minecraft/class_3195$class_7150	net/minecraft/world/level/levelgen/structure/Structure$GenerationStub
net/minecraft/class_3195$class_7302	net/minecraft/world/level/levelgen/structure/Structure$StructureSettings
net/minecraft/class_3196	net/minecraft/server/level/ChunkTracker
net/minecraft/class_3197	net/minecraft/world/level/levelgen/structure/structures/SwampHutStructure
net/minecraft/class_32	net/minecraft/world/level/storage/LevelStorageSource
net/minecraft/class_32$class_5143	net/minecraft/world/level/storage/LevelStorageSource$LevelStorageAccess
net/minecraft/class_32$class_5143$1	net/minecraft/world/level/storage/LevelStorageSource$LevelStorageAccess$1
net/minecraft/class_32$class_5143$2	net/minecraft/world/level/storage/LevelStorageSource$LevelStorageAccess$2
net/minecraft/class_32$class_7410	net/minecraft/world/level/storage/LevelStorageSource$LevelCandidates
net/minecraft/class_32$class_7411	net/minecraft/world/level/storage/LevelStorageSource$LevelDirectory
net/minecraft/class_320	net/minecraft/client/User
net/minecraft/class_320$class_321	net/minecraft/client/User$Type
net/minecraft/class_3201	net/minecraft/server/level/DemoMode
net/minecraft/class_3204	net/minecraft/server/level/DistanceManager
net/minecraft/class_3204$class_3205	net/minecraft/server/level/DistanceManager$FixedPlayerDistanceChunkTracker
net/minecraft/class_3204$class_3948	net/minecraft/server/level/DistanceManager$PlayerTicketTracker
net/minecraft/class_3204$class_4077	net/minecraft/server/level/DistanceManager$ChunkTicketTracker
net/minecraft/class_3210	net/minecraft/server/level/PlayerMap
net/minecraft/class_3213	net/minecraft/server/level/ServerBossEvent
net/minecraft/class_3215	net/minecraft/server/level/ServerChunkCache
net/minecraft/class_3215$class_4212	net/minecraft/server/level/ServerChunkCache$MainThreadExecutor
net/minecraft/class_3215$class_6635	net/minecraft/server/level/ServerChunkCache$ChunkAndHolder
net/minecraft/class_3217	net/minecraft/world/level/levelgen/feature/VoidStartPlatformFeature
net/minecraft/class_3218	net/minecraft/server/level/ServerLevel
net/minecraft/class_3218$class_5526	net/minecraft/server/level/ServerLevel$EntityCallbacks
net/minecraft/class_3219	net/minecraft/world/level/levelgen/feature/VinesFeature
net/minecraft/class_322	net/minecraft/client/color/block/BlockColor
net/minecraft/class_3222	net/minecraft/server/level/ServerPlayer
net/minecraft/class_3222$1	net/minecraft/server/level/ServerPlayer$1
net/minecraft/class_3222$2	net/minecraft/server/level/ServerPlayer$2
net/minecraft/class_3223	net/minecraft/world/level/levelgen/structure/structures/WoodlandMansionStructure
net/minecraft/class_3225	net/minecraft/server/level/ServerPlayerGameMode
net/minecraft/class_3226	net/minecraft/world/level/levelgen/feature/WeightedPlacedFeature
net/minecraft/class_3227	net/minecraft/server/level/ThreadedLevelLightEngine
net/minecraft/class_3227$class_3901	net/minecraft/server/level/ThreadedLevelLightEngine$TaskType
net/minecraft/class_3228	net/minecraft/server/level/Ticket
net/minecraft/class_3229	net/minecraft/world/level/levelgen/flat/FlatLayerInfo
net/minecraft/class_323	com/mojang/blaze3d/platform/ScreenManager
net/minecraft/class_3230	net/minecraft/server/level/TicketType
net/minecraft/class_3231	net/minecraft/server/level/ServerEntity
net/minecraft/class_3232	net/minecraft/world/level/levelgen/flat/FlatLevelGeneratorSettings
net/minecraft/class_3233	net/minecraft/server/level/WorldGenRegion
net/minecraft/class_3235	net/minecraft/world/ticks/WorldGenTickAccess
net/minecraft/class_3238	net/minecraft/server/network/LegacyQueryHandler
net/minecraft/class_324	net/minecraft/client/color/block/BlockColors
net/minecraft/class_3240	net/minecraft/server/network/MemoryServerHandshakePacketListenerImpl
net/minecraft/class_3242	net/minecraft/server/network/ServerConnectionListener
net/minecraft/class_3242$1	net/minecraft/server/network/ServerConnectionListener$1
net/minecraft/class_3242$2	net/minecraft/server/network/ServerConnectionListener$2
net/minecraft/class_3242$class_5980	net/minecraft/server/network/ServerConnectionListener$LatencySimulator
net/minecraft/class_3242$class_5980$class_5981	net/minecraft/server/network/ServerConnectionListener$LatencySimulator$DelayedMessage
net/minecraft/class_3244	net/minecraft/server/network/ServerGamePacketListenerImpl
net/minecraft/class_3244$1	net/minecraft/server/network/ServerGamePacketListenerImpl$1
net/minecraft/class_3244$2	net/minecraft/server/network/ServerGamePacketListenerImpl$2
net/minecraft/class_3244$class_5860	net/minecraft/server/network/ServerGamePacketListenerImpl$EntityInteraction
net/minecraft/class_3246	net/minecraft/server/network/ServerHandshakePacketListenerImpl
net/minecraft/class_3246$1	net/minecraft/server/network/ServerHandshakePacketListenerImpl$1
net/minecraft/class_3248	net/minecraft/server/network/ServerLoginPacketListenerImpl
net/minecraft/class_3248$1	net/minecraft/server/network/ServerLoginPacketListenerImpl$1
net/minecraft/class_3248$class_3249	net/minecraft/server/network/ServerLoginPacketListenerImpl$State
net/minecraft/class_325	net/minecraft/client/color/item/ItemColors
net/minecraft/class_3251	net/minecraft/server/network/ServerStatusPacketListenerImpl
net/minecraft/class_3255	net/minecraft/server/packs/AbstractPackResources
net/minecraft/class_3258	net/minecraft/server/packs/FilePackResources
net/minecraft/class_3259	net/minecraft/server/packs/PathPackResources
net/minecraft/class_326	net/minecraft/client/color/item/ItemColor
net/minecraft/class_3262	net/minecraft/server/packs/PackResources
net/minecraft/class_3262$class_7664	net/minecraft/server/packs/PackResources$ResourceOutput
net/minecraft/class_3264	net/minecraft/server/packs/PackType
net/minecraft/class_3268	net/minecraft/server/packs/VanillaPackResources
net/minecraft/class_327	net/minecraft/client/gui/Font
net/minecraft/class_327$class_5232	net/minecraft/client/gui/Font$StringRenderOutput
net/minecraft/class_327$class_6415	net/minecraft/client/gui/Font$DisplayMode
net/minecraft/class_3270	net/minecraft/server/packs/metadata/MetadataSectionSerializer
net/minecraft/class_3272	net/minecraft/server/packs/metadata/pack/PackMetadataSection
net/minecraft/class_3274	net/minecraft/server/packs/metadata/pack/PackMetadataSectionSerializer
net/minecraft/class_3275	net/minecraft/world/level/levelgen/placement/NoiseBasedCountPlacement
net/minecraft/class_3279	net/minecraft/server/packs/repository/FolderRepositorySource
net/minecraft/class_3281	net/minecraft/server/packs/repository/PackCompatibility
net/minecraft/class_3283	net/minecraft/server/packs/repository/PackRepository
net/minecraft/class_3285	net/minecraft/server/packs/repository/RepositorySource
net/minecraft/class_3286	net/minecraft/server/packs/repository/ServerPacksSource
net/minecraft/class_3288	net/minecraft/server/packs/repository/Pack
net/minecraft/class_3288$class_3289	net/minecraft/server/packs/repository/Pack$Position
net/minecraft/class_3288$class_7679	net/minecraft/server/packs/repository/Pack$Info
net/minecraft/class_3288$class_7680	net/minecraft/server/packs/repository/Pack$ResourcesSupplier
net/minecraft/class_329	net/minecraft/client/gui/Gui
net/minecraft/class_329$class_6411	net/minecraft/client/gui/Gui$HeartType
net/minecraft/class_3294	net/minecraft/server/packs/resources/FallbackResourceManager
net/minecraft/class_3294$class_3295	net/minecraft/server/packs/resources/FallbackResourceManager$LeakedResourceWarningInputStream
net/minecraft/class_3294$class_7081	net/minecraft/server/packs/resources/FallbackResourceManager$EntryStack
net/minecraft/class_3294$class_7082	net/minecraft/server/packs/resources/FallbackResourceManager$PackEntry
net/minecraft/class_3294$class_7681	net/minecraft/server/packs/resources/FallbackResourceManager$1ResourceWithSourceAndIndex
net/minecraft/class_3294$class_7682	net/minecraft/server/packs/resources/FallbackResourceManager$ResourceWithSource
net/minecraft/class_3298	net/minecraft/server/packs/resources/Resource
net/minecraft/class_33	net/minecraft/world/level/storage/LevelStorageException
net/minecraft/class_330	net/minecraft/client/gui/MapRenderer
net/minecraft/class_330$class_331	net/minecraft/client/gui/MapRenderer$MapInstance
net/minecraft/class_3300	net/minecraft/server/packs/resources/ResourceManager
net/minecraft/class_3300$class_5353	net/minecraft/server/packs/resources/ResourceManager$Empty
net/minecraft/class_3302	net/minecraft/server/packs/resources/PreparableReloadListener
net/minecraft/class_3302$class_4045	net/minecraft/server/packs/resources/PreparableReloadListener$PreparationBarrier
net/minecraft/class_3304	net/minecraft/server/packs/resources/ReloadableResourceManager
net/minecraft/class_3309	net/minecraft/server/players/BanListEntry
net/minecraft/class_3310	net/minecraft/world/level/levelgen/feature/SpikeFeature
net/minecraft/class_3310$class_3181	net/minecraft/world/level/levelgen/feature/SpikeFeature$EndSpike
net/minecraft/class_3310$class_3311	net/minecraft/world/level/levelgen/feature/SpikeFeature$SpikeCacheLoader
net/minecraft/class_3312	net/minecraft/server/players/GameProfileCache
net/minecraft/class_3312$1	net/minecraft/server/players/GameProfileCache$1
net/minecraft/class_3312$class_3313	net/minecraft/server/players/GameProfileCache$GameProfileInfo
net/minecraft/class_3317	net/minecraft/server/players/IpBanList
net/minecraft/class_332	net/minecraft/client/gui/GuiGraphics
net/minecraft/class_332$class_8214	net/minecraft/client/gui/GuiGraphics$ScissorStack
net/minecraft/class_3320	net/minecraft/server/players/IpBanListEntry
net/minecraft/class_3321	net/minecraft/server/players/OldUsersConverter
net/minecraft/class_3321$1	net/minecraft/server/players/OldUsersConverter$1
net/minecraft/class_3321$2	net/minecraft/server/players/OldUsersConverter$2
net/minecraft/class_3321$3	net/minecraft/server/players/OldUsersConverter$3
net/minecraft/class_3321$4	net/minecraft/server/players/OldUsersConverter$4
net/minecraft/class_3321$5	net/minecraft/server/players/OldUsersConverter$5
net/minecraft/class_3321$class_3322	net/minecraft/server/players/OldUsersConverter$ConversionError
net/minecraft/class_3324	net/minecraft/server/players/PlayerList
net/minecraft/class_3324$1	net/minecraft/server/players/PlayerList$1
net/minecraft/class_3326	net/minecraft/server/players/ServerOpList
net/minecraft/class_3327	net/minecraft/server/players/ServerOpListEntry
net/minecraft/class_333	net/minecraft/client/GameNarrator
net/minecraft/class_333$class_8571	net/minecraft/client/GameNarrator$NarratorInitException
net/minecraft/class_3330	net/minecraft/server/players/StoredUserEntry
net/minecraft/class_3331	net/minecraft/server/players/StoredUserList
net/minecraft/class_3335	net/minecraft/server/players/UserBanList
net/minecraft/class_3336	net/minecraft/server/players/UserBanListEntry
net/minecraft/class_3337	net/minecraft/server/players/UserWhiteList
net/minecraft/class_3340	net/minecraft/server/players/UserWhiteListEntry
net/minecraft/class_3341	net/minecraft/world/level/levelgen/structure/BoundingBox
net/minecraft/class_3341$1	net/minecraft/world/level/levelgen/structure/BoundingBox$1
net/minecraft/class_3342	net/minecraft/world/level/levelgen/structure/structures/EndCityPieces
net/minecraft/class_3342$1	net/minecraft/world/level/levelgen/structure/structures/EndCityPieces$1
net/minecraft/class_3342$2	net/minecraft/world/level/levelgen/structure/structures/EndCityPieces$2
net/minecraft/class_3342$3	net/minecraft/world/level/levelgen/structure/structures/EndCityPieces$3
net/minecraft/class_3342$4	net/minecraft/world/level/levelgen/structure/structures/EndCityPieces$4
net/minecraft/class_3342$class_3343	net/minecraft/world/level/levelgen/structure/structures/EndCityPieces$EndCityPiece
net/minecraft/class_3342$class_3344	net/minecraft/world/level/levelgen/structure/structures/EndCityPieces$SectionGenerator
net/minecraft/class_3345	net/minecraft/server/rcon/NetworkDataOutputStream
net/minecraft/class_3346	net/minecraft/world/level/levelgen/structure/structures/DesertPyramidPiece
net/minecraft/class_3347	net/minecraft/server/rcon/PktUtils
net/minecraft/class_3348	net/minecraft/world/level/levelgen/structure/structures/JungleTemplePiece
net/minecraft/class_3348$class_3349	net/minecraft/world/level/levelgen/structure/structures/JungleTemplePiece$MossStoneSelector
net/minecraft/class_3350	net/minecraft/server/rcon/RconConsoleSource
net/minecraft/class_3351	net/minecraft/world/level/levelgen/structure/structures/IglooPieces
net/minecraft/class_3351$class_3352	net/minecraft/world/level/levelgen/structure/structures/IglooPieces$IglooPiece
net/minecraft/class_3353	net/minecraft/world/level/levelgen/structure/structures/MineshaftPieces
net/minecraft/class_3353$1	net/minecraft/world/level/levelgen/structure/structures/MineshaftPieces$1
net/minecraft/class_3353$class_3354	net/minecraft/world/level/levelgen/structure/structures/MineshaftPieces$MineShaftCorridor
net/minecraft/class_3353$class_3355	net/minecraft/world/level/levelgen/structure/structures/MineshaftPieces$MineShaftCrossing
net/minecraft/class_3353$class_3356	net/minecraft/world/level/levelgen/structure/structures/MineshaftPieces$MineShaftPiece
net/minecraft/class_3353$class_3357	net/minecraft/world/level/levelgen/structure/structures/MineshaftPieces$MineShaftRoom
net/minecraft/class_3353$class_3358	net/minecraft/world/level/levelgen/structure/structures/MineshaftPieces$MineShaftStairs
net/minecraft/class_3359	net/minecraft/server/rcon/thread/GenericThread
net/minecraft/class_3360	net/minecraft/world/level/levelgen/structure/LegacyStructureDataHandler
net/minecraft/class_3364	net/minecraft/server/rcon/thread/QueryThreadGs4
net/minecraft/class_3364$class_3365	net/minecraft/server/rcon/thread/QueryThreadGs4$RequestChallenge
net/minecraft/class_3366	net/minecraft/world/level/levelgen/structure/structures/OceanMonumentPieces
net/minecraft/class_3366$1	net/minecraft/world/level/levelgen/structure/structures/OceanMonumentPieces$1
net/minecraft/class_3366$class_3367	net/minecraft/world/level/levelgen/structure/structures/OceanMonumentPieces$FitDoubleXRoom
net/minecraft/class_3366$class_3368	net/minecraft/world/level/levelgen/structure/structures/OceanMonumentPieces$FitDoubleXYRoom
net/minecraft/class_3366$class_3369	net/minecraft/world/level/levelgen/structure/structures/OceanMonumentPieces$FitDoubleYRoom
net/minecraft/class_3366$class_3370	net/minecraft/world/level/levelgen/structure/structures/OceanMonumentPieces$FitDoubleYZRoom
net/minecraft/class_3366$class_3371	net/minecraft/world/level/levelgen/structure/structures/OceanMonumentPieces$FitDoubleZRoom
net/minecraft/class_3366$class_3372	net/minecraft/world/level/levelgen/structure/structures/OceanMonumentPieces$FitSimpleRoom
net/minecraft/class_3366$class_3373	net/minecraft/world/level/levelgen/structure/structures/OceanMonumentPieces$FitSimpleTopRoom
net/minecraft/class_3366$class_3374	net/minecraft/world/level/levelgen/structure/structures/OceanMonumentPieces$MonumentBuilding
net/minecraft/class_3366$class_3375	net/minecraft/world/level/levelgen/structure/structures/OceanMonumentPieces$MonumentRoomFitter
net/minecraft/class_3366$class_3376	net/minecraft/world/level/levelgen/structure/structures/OceanMonumentPieces$OceanMonumentCoreRoom
net/minecraft/class_3366$class_3377	net/minecraft/world/level/levelgen/structure/structures/OceanMonumentPieces$OceanMonumentDoubleXRoom
net/minecraft/class_3366$class_3378	net/minecraft/world/level/levelgen/structure/structures/OceanMonumentPieces$OceanMonumentDoubleXYRoom
net/minecraft/class_3366$class_3379	net/minecraft/world/level/levelgen/structure/structures/OceanMonumentPieces$OceanMonumentDoubleYRoom
net/minecraft/class_3366$class_3380	net/minecraft/world/level/levelgen/structure/structures/OceanMonumentPieces$OceanMonumentDoubleYZRoom
net/minecraft/class_3366$class_3381	net/minecraft/world/level/levelgen/structure/structures/OceanMonumentPieces$OceanMonumentDoubleZRoom
net/minecraft/class_3366$class_3382	net/minecraft/world/level/levelgen/structure/structures/OceanMonumentPieces$OceanMonumentEntryRoom
net/minecraft/class_3366$class_3383	net/minecraft/world/level/levelgen/structure/structures/OceanMonumentPieces$OceanMonumentPenthouse
net/minecraft/class_3366$class_3384	net/minecraft/world/level/levelgen/structure/structures/OceanMonumentPieces$OceanMonumentPiece
net/minecraft/class_3366$class_3385	net/minecraft/world/level/levelgen/structure/structures/OceanMonumentPieces$OceanMonumentSimpleRoom
net/minecraft/class_3366$class_3386	net/minecraft/world/level/levelgen/structure/structures/OceanMonumentPieces$OceanMonumentSimpleTopRoom
net/minecraft/class_3366$class_3387	net/minecraft/world/level/levelgen/structure/structures/OceanMonumentPieces$OceanMonumentWingRoom
net/minecraft/class_3366$class_3388	net/minecraft/world/level/levelgen/structure/structures/OceanMonumentPieces$RoomDefinition
net/minecraft/class_337	net/minecraft/client/gui/components/BossHealthOverlay
net/minecraft/class_337$1	net/minecraft/client/gui/components/BossHealthOverlay$1
net/minecraft/class_338	net/minecraft/client/gui/components/ChatComponent
net/minecraft/class_338$class_7731	net/minecraft/client/gui/components/ChatComponent$DelayedMessageDeletion
net/minecraft/class_3389	net/minecraft/server/rcon/thread/RconClient
net/minecraft/class_339	net/minecraft/client/gui/components/AbstractWidget
net/minecraft/class_3390	net/minecraft/world/level/levelgen/structure/structures/NetherFortressPieces
net/minecraft/class_3390$1	net/minecraft/world/level/levelgen/structure/structures/NetherFortressPieces$1
net/minecraft/class_3390$class_3391	net/minecraft/world/level/levelgen/structure/structures/NetherFortressPieces$BridgeCrossing
net/minecraft/class_3390$class_3392	net/minecraft/world/level/levelgen/structure/structures/NetherFortressPieces$BridgeEndFiller
net/minecraft/class_3390$class_3393	net/minecraft/world/level/levelgen/structure/structures/NetherFortressPieces$BridgeStraight
net/minecraft/class_3390$class_3394	net/minecraft/world/level/levelgen/structure/structures/NetherFortressPieces$CastleCorridorStairsPiece
net/minecraft/class_3390$class_3395	net/minecraft/world/level/levelgen/structure/structures/NetherFortressPieces$CastleCorridorTBalconyPiece
net/minecraft/class_3390$class_3396	net/minecraft/world/level/levelgen/structure/structures/NetherFortressPieces$CastleEntrance
net/minecraft/class_3390$class_3397	net/minecraft/world/level/levelgen/structure/structures/NetherFortressPieces$CastleSmallCorridorCrossingPiece
net/minecraft/class_3390$class_3398	net/minecraft/world/level/levelgen/structure/structures/NetherFortressPieces$CastleSmallCorridorLeftTurnPiece
net/minecraft/class_3390$class_3399	net/minecraft/world/level/levelgen/structure/structures/NetherFortressPieces$CastleSmallCorridorPiece
net/minecraft/class_3390$class_3400	net/minecraft/world/level/levelgen/structure/structures/NetherFortressPieces$CastleSmallCorridorRightTurnPiece
net/minecraft/class_3390$class_3401	net/minecraft/world/level/levelgen/structure/structures/NetherFortressPieces$CastleStalkRoom
net/minecraft/class_3390$class_3402	net/minecraft/world/level/levelgen/structure/structures/NetherFortressPieces$MonsterThrone
net/minecraft/class_3390$class_3403	net/minecraft/world/level/levelgen/structure/structures/NetherFortressPieces$NetherBridgePiece
net/minecraft/class_3390$class_3404	net/minecraft/world/level/levelgen/structure/structures/NetherFortressPieces$PieceWeight
net/minecraft/class_3390$class_3405	net/minecraft/world/level/levelgen/structure/structures/NetherFortressPieces$RoomCrossing
net/minecraft/class_3390$class_3406	net/minecraft/world/level/levelgen/structure/structures/NetherFortressPieces$StairsRoom
net/minecraft/class_3390$class_3407	net/minecraft/world/level/levelgen/structure/structures/NetherFortressPieces$StartPiece
net/minecraft/class_34	net/minecraft/world/level/storage/LevelSummary
net/minecraft/class_34$class_5781	net/minecraft/world/level/storage/LevelSummary$BackupStatus
net/minecraft/class_34$class_8578	net/minecraft/world/level/storage/LevelSummary$SymlinkLevelSummary
net/minecraft/class_340	net/minecraft/client/gui/components/DebugScreenOverlay
net/minecraft/class_340$1	net/minecraft/client/gui/components/DebugScreenOverlay$1
net/minecraft/class_340$class_7412	net/minecraft/client/gui/components/DebugScreenOverlay$AllocationRateCalculator
net/minecraft/class_3408	net/minecraft/server/rcon/thread/RconThread
net/minecraft/class_3409	net/minecraft/world/level/levelgen/structure/structures/OceanRuinPieces
net/minecraft/class_3409$1	net/minecraft/world/level/levelgen/structure/structures/OceanRuinPieces$1
net/minecraft/class_3409$class_3410	net/minecraft/world/level/levelgen/structure/structures/OceanRuinPieces$OceanRuinPiece
net/minecraft/class_341	net/minecraft/client/gui/components/ComponentRenderUtils
net/minecraft/class_3411	net/minecraft/world/level/levelgen/structure/structures/OceanRuinStructure
net/minecraft/class_3411$class_3413	net/minecraft/world/level/levelgen/structure/structures/OceanRuinStructure$Type
net/minecraft/class_3414	net/minecraft/sounds/SoundEvent
net/minecraft/class_3415	net/minecraft/world/level/levelgen/structure/structures/ShipwreckPieces
net/minecraft/class_3415$class_3416	net/minecraft/world/level/levelgen/structure/structures/ShipwreckPieces$ShipwreckPiece
net/minecraft/class_3417	net/minecraft/sounds/SoundEvents
net/minecraft/class_3418	net/minecraft/world/level/levelgen/structure/ScatteredFeaturePiece
net/minecraft/class_3419	net/minecraft/sounds/SoundSource
net/minecraft/class_342	net/minecraft/client/gui/components/EditBox
net/minecraft/class_3421	net/minecraft/world/level/levelgen/structure/structures/StrongholdPieces
net/minecraft/class_3421$1	net/minecraft/world/level/levelgen/structure/structures/StrongholdPieces$1
net/minecraft/class_3421$2	net/minecraft/world/level/levelgen/structure/structures/StrongholdPieces$2
net/minecraft/class_3421$3	net/minecraft/world/level/levelgen/structure/structures/StrongholdPieces$3
net/minecraft/class_3421$class_3422	net/minecraft/world/level/levelgen/structure/structures/StrongholdPieces$ChestCorridor
net/minecraft/class_3421$class_3423	net/minecraft/world/level/levelgen/structure/structures/StrongholdPieces$FillerCorridor
net/minecraft/class_3421$class_3424	net/minecraft/world/level/levelgen/structure/structures/StrongholdPieces$FiveCrossing
net/minecraft/class_3421$class_3425	net/minecraft/world/level/levelgen/structure/structures/StrongholdPieces$LeftTurn
net/minecraft/class_3421$class_3426	net/minecraft/world/level/levelgen/structure/structures/StrongholdPieces$Library
net/minecraft/class_3421$class_3427	net/minecraft/world/level/levelgen/structure/structures/StrongholdPieces$PieceWeight
net/minecraft/class_3421$class_3428	net/minecraft/world/level/levelgen/structure/structures/StrongholdPieces$PortalRoom
net/minecraft/class_3421$class_3429	net/minecraft/world/level/levelgen/structure/structures/StrongholdPieces$PrisonHall
net/minecraft/class_3421$class_3430	net/minecraft/world/level/levelgen/structure/structures/StrongholdPieces$RightTurn
net/minecraft/class_3421$class_3431	net/minecraft/world/level/levelgen/structure/structures/StrongholdPieces$RoomCrossing
net/minecraft/class_3421$class_3432	net/minecraft/world/level/levelgen/structure/structures/StrongholdPieces$SmoothStoneSelector
net/minecraft/class_3421$class_3433	net/minecraft/world/level/levelgen/structure/structures/StrongholdPieces$StairsDown
net/minecraft/class_3421$class_3434	net/minecraft/world/level/levelgen/structure/structures/StrongholdPieces$StartPiece
net/minecraft/class_3421$class_3435	net/minecraft/world/level/levelgen/structure/structures/StrongholdPieces$Straight
net/minecraft/class_3421$class_3436	net/minecraft/world/level/levelgen/structure/structures/StrongholdPieces$StraightStairsDown
net/minecraft/class_3421$class_3437	net/minecraft/world/level/levelgen/structure/structures/StrongholdPieces$StrongholdPiece
net/minecraft/class_3421$class_3437$class_3438	net/minecraft/world/level/levelgen/structure/structures/StrongholdPieces$StrongholdPiece$SmallDoorType
net/minecraft/class_3421$class_3466	net/minecraft/world/level/levelgen/structure/structures/StrongholdPieces$Turn
net/minecraft/class_3439	net/minecraft/stats/RecipeBook
net/minecraft/class_344	net/minecraft/client/gui/components/ImageButton
net/minecraft/class_3440	net/minecraft/world/level/levelgen/structure/StructureFeatureIndexSavedData
net/minecraft/class_3441	net/minecraft/stats/ServerRecipeBook
net/minecraft/class_3442	net/minecraft/stats/ServerStatsCounter
net/minecraft/class_3443	net/minecraft/world/level/levelgen/structure/StructurePiece
net/minecraft/class_3443$1	net/minecraft/world/level/levelgen/structure/StructurePiece$1
net/minecraft/class_3443$class_3444	net/minecraft/world/level/levelgen/structure/StructurePiece$BlockSelector
net/minecraft/class_3445	net/minecraft/stats/Stat
net/minecraft/class_3446	net/minecraft/stats/StatFormatter
net/minecraft/class_3447	net/minecraft/world/level/levelgen/structure/structures/SwampHutPiece
net/minecraft/class_3448	net/minecraft/stats/StatType
net/minecraft/class_3449	net/minecraft/world/level/levelgen/structure/StructureStart
net/minecraft/class_345	net/minecraft/client/gui/components/LerpingBossEvent
net/minecraft/class_3468	net/minecraft/stats/Stats
net/minecraft/class_3469	net/minecraft/stats/StatsCounter
net/minecraft/class_347	net/minecraft/client/gui/components/LockIconButton
net/minecraft/class_347$class_348	net/minecraft/client/gui/components/LockIconButton$Icon
net/minecraft/class_3470	net/minecraft/world/level/levelgen/structure/TemplateStructurePiece
net/minecraft/class_3471	net/minecraft/world/level/levelgen/structure/structures/WoodlandMansionPieces
net/minecraft/class_3471$class_3472	net/minecraft/world/level/levelgen/structure/structures/WoodlandMansionPieces$FirstFloorRoomCollection
net/minecraft/class_3471$class_3473	net/minecraft/world/level/levelgen/structure/structures/WoodlandMansionPieces$FloorRoomCollection
net/minecraft/class_3471$class_3474	net/minecraft/world/level/levelgen/structure/structures/WoodlandMansionPieces$MansionGrid
net/minecraft/class_3471$class_3475	net/minecraft/world/level/levelgen/structure/structures/WoodlandMansionPieces$MansionPiecePlacer
net/minecraft/class_3471$class_3476	net/minecraft/world/level/levelgen/structure/structures/WoodlandMansionPieces$PlacementData
net/minecraft/class_3471$class_3477	net/minecraft/world/level/levelgen/structure/structures/WoodlandMansionPieces$SecondFloorRoomCollection
net/minecraft/class_3471$class_3478	net/minecraft/world/level/levelgen/structure/structures/WoodlandMansionPieces$SimpleGrid
net/minecraft/class_3471$class_3479	net/minecraft/world/level/levelgen/structure/structures/WoodlandMansionPieces$ThirdFloorRoomCollection
net/minecraft/class_3471$class_3480	net/minecraft/world/level/levelgen/structure/structures/WoodlandMansionPieces$WoodlandMansionPiece
net/minecraft/class_3481	net/minecraft/tags/BlockTags
net/minecraft/class_3483	net/minecraft/tags/EntityTypeTags
net/minecraft/class_3485	net/minecraft/world/level/levelgen/structure/templatesystem/StructureTemplateManager
net/minecraft/class_3485$class_7513	net/minecraft/world/level/levelgen/structure/templatesystem/StructureTemplateManager$InputStreamOpener
net/minecraft/class_3485$class_7514	net/minecraft/world/level/levelgen/structure/templatesystem/StructureTemplateManager$Source
net/minecraft/class_3486	net/minecraft/tags/FluidTags
net/minecraft/class_3488	net/minecraft/world/level/levelgen/structure/templatesystem/BlockRotProcessor
net/minecraft/class_3489	net/minecraft/tags/ItemTags
net/minecraft/class_3491	net/minecraft/world/level/levelgen/structure/templatesystem/StructureProcessor
net/minecraft/class_3492	net/minecraft/world/level/levelgen/structure/templatesystem/StructurePlaceSettings
net/minecraft/class_3495	net/minecraft/tags/TagBuilder
net/minecraft/class_3497	net/minecraft/tags/TagEntry
net/minecraft/class_3497$class_7474	net/minecraft/tags/TagEntry$Lookup
net/minecraft/class_3499	net/minecraft/world/level/levelgen/structure/templatesystem/StructureTemplate
net/minecraft/class_3499$1	net/minecraft/world/level/levelgen/structure/templatesystem/StructureTemplate$1
net/minecraft/class_3499$class_3500	net/minecraft/world/level/levelgen/structure/templatesystem/StructureTemplate$SimplePalette
net/minecraft/class_3499$class_3501	net/minecraft/world/level/levelgen/structure/templatesystem/StructureTemplate$StructureBlockInfo
net/minecraft/class_3499$class_3502	net/minecraft/world/level/levelgen/structure/templatesystem/StructureTemplate$StructureEntityInfo
net/minecraft/class_3499$class_5162	net/minecraft/world/level/levelgen/structure/templatesystem/StructureTemplate$Palette
net/minecraft/class_350	net/minecraft/client/gui/components/AbstractSelectionList
net/minecraft/class_350$1	net/minecraft/client/gui/components/AbstractSelectionList$1
net/minecraft/class_350$class_351	net/minecraft/client/gui/components/AbstractSelectionList$Entry
net/minecraft/class_350$class_352	net/minecraft/client/gui/components/AbstractSelectionList$TrackedList
net/minecraft/class_3503	net/minecraft/tags/TagLoader
net/minecraft/class_3503$1	net/minecraft/tags/TagLoader$1
net/minecraft/class_3503$class_5145	net/minecraft/tags/TagLoader$EntryWithSource
net/minecraft/class_3503$class_8522	net/minecraft/tags/TagLoader$SortingEntry
net/minecraft/class_3505	net/minecraft/tags/TagManager
net/minecraft/class_3505$class_6863	net/minecraft/tags/TagManager$LoadResult
net/minecraft/class_3508	net/minecraft/util/SimpleBitStorage
net/minecraft/class_3508$class_6685	net/minecraft/util/SimpleBitStorage$InitializationException
net/minecraft/class_3509	net/minecraft/util/ClassInstanceMultiMap
net/minecraft/class_3513	net/minecraft/util/CrudeIncrementalIntIdentityHashBiMap
net/minecraft/class_3515	net/minecraft/util/Crypt
net/minecraft/class_3515$class_7424	net/minecraft/util/Crypt$ByteArrayToKeyFunction
net/minecraft/class_3515$class_7425	net/minecraft/util/Crypt$SaltSignaturePair
net/minecraft/class_3515$class_7426	net/minecraft/util/Crypt$SaltSupplier
net/minecraft/class_3517	net/minecraft/util/FrameTimer
net/minecraft/class_3518	net/minecraft/util/GsonHelper
net/minecraft/class_3521	net/minecraft/util/HttpUtil
net/minecraft/class_3528	net/minecraft/util/LazyLoadedValue
net/minecraft/class_353	net/minecraft/client/gui/components/OptionsList
net/minecraft/class_353$class_354	net/minecraft/client/gui/components/OptionsList$Entry
net/minecraft/class_3530	net/minecraft/util/LowerCaseEnumTypeAdapterFactory
net/minecraft/class_3530$1	net/minecraft/util/LowerCaseEnumTypeAdapterFactory$1
net/minecraft/class_3532	net/minecraft/util/Mth
net/minecraft/class_3533	net/minecraft/util/profiling/ActiveProfiler
net/minecraft/class_3533$class_4746	net/minecraft/util/profiling/ActiveProfiler$PathEntry
net/minecraft/class_3534	net/minecraft/util/profiling/ResultField
net/minecraft/class_3536	net/minecraft/util/ProgressListener
net/minecraft/class_3537	net/minecraft/world/level/levelgen/synth/PerlinNoise
net/minecraft/class_3540	net/minecraft/util/SmoothDouble
net/minecraft/class_3541	net/minecraft/world/level/levelgen/synth/SimplexNoise
net/minecraft/class_3542	net/minecraft/util/StringRepresentable
net/minecraft/class_3542$1	net/minecraft/util/StringRepresentable$1
net/minecraft/class_3542$class_7292	net/minecraft/util/StringRepresentable$EnumCodec
net/minecraft/class_3543	net/minecraft/world/level/levelgen/synth/PerlinSimplexNoise
net/minecraft/class_3544	net/minecraft/util/StringUtil
net/minecraft/class_3545	net/minecraft/util/Tuple
net/minecraft/class_3547	net/minecraft/world/level/lighting/BlockLightSectionStorage
net/minecraft/class_3547$class_3548	net/minecraft/world/level/lighting/BlockLightSectionStorage$BlockDataLayerStorageMap
net/minecraft/class_355	net/minecraft/client/gui/components/PlayerTabOverlay
net/minecraft/class_355$class_7732	net/minecraft/client/gui/components/PlayerTabOverlay$HealthState
net/minecraft/class_3551	net/minecraft/util/datafix/DataFixers
net/minecraft/class_3551$1	net/minecraft/util/datafix/DataFixers$1
net/minecraft/class_3551$2	net/minecraft/util/datafix/DataFixers$2
net/minecraft/class_3552	net/minecraft/world/level/lighting/BlockLightEngine
net/minecraft/class_3553	net/minecraft/util/datafix/fixes/AddNewChoices
net/minecraft/class_3554	net/minecraft/world/level/lighting/DynamicGraphMinFixedPoint
net/minecraft/class_3554$1	net/minecraft/world/level/lighting/DynamicGraphMinFixedPoint$1
net/minecraft/class_3555	net/minecraft/util/datafix/fixes/AdvancementsFix
net/minecraft/class_3556	net/minecraft/world/level/lighting/DataLayerStorageMap
net/minecraft/class_3557	net/minecraft/util/datafix/fixes/ChunkBedBlockEntityInjecterFix
net/minecraft/class_3558	net/minecraft/world/level/lighting/LightEngine
net/minecraft/class_3558$class_8531	net/minecraft/world/level/lighting/LightEngine$QueueEntry
net/minecraft/class_3559	net/minecraft/util/datafix/fixes/BedItemColorFix
net/minecraft/class_3560	net/minecraft/world/level/lighting/LayerLightSectionStorage
net/minecraft/class_3560$class_8529	net/minecraft/world/level/lighting/LayerLightSectionStorage$SectionState
net/minecraft/class_3560$class_8530	net/minecraft/world/level/lighting/LayerLightSectionStorage$SectionType
net/minecraft/class_3561	net/minecraft/util/datafix/fixes/BiomeFix
net/minecraft/class_3562	net/minecraft/world/level/lighting/LayerLightEventListener
net/minecraft/class_3562$class_3563	net/minecraft/world/level/lighting/LayerLightEventListener$DummyLightLayerEventListener
net/minecraft/class_3564	net/minecraft/util/datafix/fixes/BlockEntityBannerColorFix
net/minecraft/class_3565	net/minecraft/world/level/lighting/LightEventListener
net/minecraft/class_3566	net/minecraft/util/datafix/fixes/BlockEntityBlockStateFix
net/minecraft/class_3567	net/minecraft/util/datafix/fixes/BlockEntityCustomNameToComponentFix
net/minecraft/class_3568	net/minecraft/world/level/lighting/LevelLightEngine
net/minecraft/class_3569	net/minecraft/world/level/lighting/SkyLightSectionStorage
net/minecraft/class_3569$class_3570	net/minecraft/world/level/lighting/SkyLightSectionStorage$SkyDataLayerStorageMap
net/minecraft/class_357	net/minecraft/client/gui/components/AbstractSliderButton
net/minecraft/class_3571	net/minecraft/util/datafix/fixes/BlockEntityIdFix
net/minecraft/class_3572	net/minecraft/world/level/lighting/SkyLightEngine
net/minecraft/class_3572$1	net/minecraft/world/level/lighting/SkyLightEngine$1
net/minecraft/class_3573	net/minecraft/util/datafix/fixes/BlockEntityJukeboxFix
net/minecraft/class_3574	net/minecraft/util/datafix/fixes/BlockEntityKeepPacked
net/minecraft/class_3575	net/minecraft/util/datafix/fixes/BlockEntityShulkerBoxColorFix
net/minecraft/class_3576	net/minecraft/world/level/material/EmptyFluid
net/minecraft/class_3577	net/minecraft/util/datafix/fixes/BlockEntitySignTextStrictJsonFix
net/minecraft/class_3577$1	net/minecraft/util/datafix/fixes/BlockEntitySignTextStrictJsonFix$1
net/minecraft/class_3578	net/minecraft/util/datafix/fixes/BlockNameFlatteningFix
net/minecraft/class_3579	net/minecraft/util/datafix/fixes/BlockRenameFix
net/minecraft/class_3579$1	net/minecraft/util/datafix/fixes/BlockRenameFix$1
net/minecraft/class_3580	net/minecraft/util/datafix/fixes/BlockStateData
net/minecraft/class_3581	net/minecraft/util/datafix/fixes/BlockStateStructureTemplateFix
net/minecraft/class_3582	net/minecraft/util/datafix/fixes/ChunkPalettedStorageFix
net/minecraft/class_3582$1	net/minecraft/util/datafix/fixes/ChunkPalettedStorageFix$1
net/minecraft/class_3582$class_3583	net/minecraft/util/datafix/fixes/ChunkPalettedStorageFix$DataLayer
net/minecraft/class_3582$class_3584	net/minecraft/util/datafix/fixes/ChunkPalettedStorageFix$Direction
net/minecraft/class_3582$class_3584$class_3585	net/minecraft/util/datafix/fixes/ChunkPalettedStorageFix$Direction$Axis
net/minecraft/class_3582$class_3584$class_3586	net/minecraft/util/datafix/fixes/ChunkPalettedStorageFix$Direction$AxisDirection
net/minecraft/class_3582$class_3587	net/minecraft/util/datafix/fixes/ChunkPalettedStorageFix$Section
net/minecraft/class_3582$class_3588	net/minecraft/util/datafix/fixes/ChunkPalettedStorageFix$UpgradeChunk
net/minecraft/class_3589	net/minecraft/util/datafix/fixes/ChunkStatusFix
net/minecraft/class_359	net/minecraft/client/gui/components/SubtitleOverlay
net/minecraft/class_359$class_360	net/minecraft/client/gui/components/SubtitleOverlay$Subtitle
net/minecraft/class_3590	net/minecraft/util/datafix/fixes/ChunkStructuresTemplateRenameFix
net/minecraft/class_3591	net/minecraft/util/datafix/fixes/ChunkToProtochunkFix
net/minecraft/class_3592	net/minecraft/util/datafix/fixes/ColorlessShulkerEntityFix
net/minecraft/class_3593	net/minecraft/util/datafix/fixes/DyeItemRenameFix
net/minecraft/class_3594	net/minecraft/util/datafix/fixes/EntityArmorStandSilentFix
net/minecraft/class_3595	net/minecraft/util/datafix/fixes/EntityBlockStateFix
net/minecraft/class_3596	net/minecraft/util/datafix/fixes/EntityCodSalmonFix
net/minecraft/class_3597	net/minecraft/util/datafix/fixes/EntityCustomNameToComponentFix
net/minecraft/class_3598	net/minecraft/util/datafix/fixes/EntityElderGuardianSplitFix
net/minecraft/class_3599	net/minecraft/util/datafix/fixes/EntityEquipmentToArmorAndHandFix
net/minecraft/class_3600	net/minecraft/util/datafix/fixes/EntityHealthFix
net/minecraft/class_3601	net/minecraft/util/datafix/fixes/EntityHorseSaddleFix
net/minecraft/class_3602	net/minecraft/util/datafix/fixes/EntityHorseSplitFix
net/minecraft/class_3603	net/minecraft/util/datafix/fixes/EntityIdFix
net/minecraft/class_3604	net/minecraft/util/datafix/fixes/EntityItemFrameDirectionFix
net/minecraft/class_3605	net/minecraft/util/datafix/fixes/EntityMinecartIdentifiersFix
net/minecraft/class_3606	net/minecraft/util/datafix/fixes/EntityPaintingItemFrameDirectionFix
net/minecraft/class_3607	net/minecraft/util/datafix/fixes/EntityPaintingMotiveFix
net/minecraft/class_3608	net/minecraft/util/datafix/fixes/EntityPufferfishRenameFix
net/minecraft/class_3609	net/minecraft/world/level/material/FlowingFluid
net/minecraft/class_3609$1	net/minecraft/world/level/material/FlowingFluid$1
net/minecraft/class_361	net/minecraft/client/gui/components/StateSwitchingButton
net/minecraft/class_3610	net/minecraft/world/level/material/FluidState
net/minecraft/class_3611	net/minecraft/world/level/material/Fluid
net/minecraft/class_3612	net/minecraft/world/level/material/Fluids
net/minecraft/class_3616	net/minecraft/world/level/material/LavaFluid
net/minecraft/class_3616$class_3617	net/minecraft/world/level/material/LavaFluid$Flowing
net/minecraft/class_3616$class_3618	net/minecraft/world/level/material/LavaFluid$Source
net/minecraft/class_3619	net/minecraft/world/level/material/PushReaction
net/minecraft/class_362	net/minecraft/client/gui/components/events/AbstractContainerEventHandler
net/minecraft/class_3620	net/minecraft/world/level/material/MapColor
net/minecraft/class_3620$class_6594	net/minecraft/world/level/material/MapColor$Brightness
net/minecraft/class_3621	net/minecraft/world/level/material/WaterFluid
net/minecraft/class_3621$class_3622	net/minecraft/world/level/material/WaterFluid$Flowing
net/minecraft/class_3621$class_3623	net/minecraft/world/level/material/WaterFluid$Source
net/minecraft/class_364	net/minecraft/client/gui/components/events/GuiEventListener
net/minecraft/class_365	net/minecraft/client/gui/components/spectator/SpectatorGui
net/minecraft/class_366	net/minecraft/client/gui/components/toasts/RecipeToast
net/minecraft/class_3665	net/minecraft/client/resources/model/ModelState
net/minecraft/class_3666	net/minecraft/world/level/levelgen/feature/configurations/SpikeConfiguration
net/minecraft/class_3668	net/minecraft/world/level/storage/loot/functions/FillPlayerHead
net/minecraft/class_3668$class_3669	net/minecraft/world/level/storage/loot/functions/FillPlayerHead$Serializer
net/minecraft/class_367	net/minecraft/client/gui/components/toasts/AdvancementToast
net/minecraft/class_3670	net/minecraft/world/level/storage/loot/functions/SetNameFunction
net/minecraft/class_3670$class_147	net/minecraft/world/level/storage/loot/functions/SetNameFunction$Serializer
net/minecraft/class_3671	net/minecraft/world/level/storage/loot/functions/SetLoreFunction
net/minecraft/class_3671$class_3672	net/minecraft/world/level/storage/loot/functions/SetLoreFunction$Serializer
net/minecraft/class_3671$class_6159	net/minecraft/world/level/storage/loot/functions/SetLoreFunction$Builder
net/minecraft/class_3673	com/mojang/blaze3d/Blaze3D
net/minecraft/class_3674	com/mojang/blaze3d/platform/ClipboardManager
net/minecraft/class_3675	com/mojang/blaze3d/platform/InputConstants
net/minecraft/class_3675$class_306	com/mojang/blaze3d/platform/InputConstants$Key
net/minecraft/class_3675$class_307	com/mojang/blaze3d/platform/InputConstants$Type
net/minecraft/class_3676	com/mojang/blaze3d/platform/MonitorCreator
net/minecraft/class_3678	com/mojang/blaze3d/platform/WindowEventHandler
net/minecraft/class_3679	com/mojang/blaze3d/shaders/Shader
net/minecraft/class_368	net/minecraft/client/gui/components/toasts/Toast
net/minecraft/class_368$class_369	net/minecraft/client/gui/components/toasts/Toast$Visibility
net/minecraft/class_3680	net/minecraft/client/model/CatModel
net/minecraft/class_3682	net/minecraft/client/renderer/VirtualScreen
net/minecraft/class_3683	net/minecraft/client/renderer/entity/OcelotRenderer
net/minecraft/class_3684	net/minecraft/client/renderer/entity/layers/CatCollarLayer
net/minecraft/class_3685	net/minecraft/client/resources/LegacyStuffWrapper
net/minecraft/class_3686	net/minecraft/util/datafix/schemas/V1904
net/minecraft/class_3687	net/minecraft/util/datafix/schemas/V1906
net/minecraft/class_3688	net/minecraft/util/profiling/EmptyProfileResults
net/minecraft/class_3692	net/minecraft/util/profiling/FilledProfileResults
net/minecraft/class_3692$1	net/minecraft/util/profiling/FilledProfileResults$1
net/minecraft/class_3692$class_4747	net/minecraft/util/profiling/FilledProfileResults$CounterCollector
net/minecraft/class_3693	net/minecraft/util/profiling/ProfileCollector
net/minecraft/class_3694	net/minecraft/util/profiling/InactiveProfiler
net/minecraft/class_3695	net/minecraft/util/profiling/ProfilerFiller
net/minecraft/class_3695$1	net/minecraft/util/profiling/ProfilerFiller$1
net/minecraft/class_3696	net/minecraft/util/profiling/ProfileResults
net/minecraft/class_3697	net/minecraft/world/entity/ai/goal/CatLieOnBedGoal
net/minecraft/class_370	net/minecraft/client/gui/components/toasts/SystemToast
net/minecraft/class_370$class_371	net/minecraft/client/gui/components/toasts/SystemToast$SystemToastIds
net/minecraft/class_3701	net/minecraft/world/entity/animal/Ocelot
net/minecraft/class_3701$class_3702	net/minecraft/world/entity/animal/Ocelot$OcelotAvoidEntityGoal
net/minecraft/class_3701$class_3703	net/minecraft/world/entity/animal/Ocelot$OcelotTemptGoal
net/minecraft/class_3705	net/minecraft/world/inventory/BlastFurnaceMenu
net/minecraft/class_3706	net/minecraft/world/inventory/SmokerMenu
net/minecraft/class_3708	net/minecraft/world/level/block/BarrelBlock
net/minecraft/class_3709	net/minecraft/world/level/block/BellBlock
net/minecraft/class_3709$1	net/minecraft/world/level/block/BellBlock$1
net/minecraft/class_3710	net/minecraft/world/level/block/BlastFurnaceBlock
net/minecraft/class_3711	net/minecraft/world/level/block/CartographyTableBlock
net/minecraft/class_3712	net/minecraft/world/level/block/FletchingTableBlock
net/minecraft/class_3713	net/minecraft/world/level/block/GrindstoneBlock
net/minecraft/class_3713$1	net/minecraft/world/level/block/GrindstoneBlock$1
net/minecraft/class_3714	net/minecraft/data/loot/packs/VanillaGiftLoot
net/minecraft/class_3715	net/minecraft/world/level/block/LecternBlock
net/minecraft/class_3715$1	net/minecraft/world/level/block/LecternBlock$1
net/minecraft/class_3716	net/minecraft/world/level/block/SmokerBlock
net/minecraft/class_3717	net/minecraft/world/level/block/SmithingTableBlock
net/minecraft/class_3718	net/minecraft/world/level/block/StonecutterBlock
net/minecraft/class_3719	net/minecraft/world/level/block/entity/BarrelBlockEntity
net/minecraft/class_3719$1	net/minecraft/world/level/block/entity/BarrelBlockEntity$1
net/minecraft/class_372	net/minecraft/client/gui/components/toasts/TutorialToast
net/minecraft/class_372$class_373	net/minecraft/client/gui/components/toasts/TutorialToast$Icons
net/minecraft/class_3720	net/minecraft/world/level/block/entity/BlastFurnaceBlockEntity
net/minecraft/class_3721	net/minecraft/world/level/block/entity/BellBlockEntity
net/minecraft/class_3721$class_5557	net/minecraft/world/level/block/entity/BellBlockEntity$ResonationEndAction
net/minecraft/class_3722	net/minecraft/world/level/block/entity/LecternBlockEntity
net/minecraft/class_3722$1	net/minecraft/world/level/block/entity/LecternBlockEntity$1
net/minecraft/class_3722$2	net/minecraft/world/level/block/entity/LecternBlockEntity$2
net/minecraft/class_3723	net/minecraft/world/level/block/entity/SmokerBlockEntity
net/minecraft/class_3725	net/minecraft/util/datafix/fixes/EntityCatSplitFix
net/minecraft/class_3726	net/minecraft/world/phys/shapes/CollisionContext
net/minecraft/class_3727	net/minecraft/world/phys/shapes/EntityCollisionContext
net/minecraft/class_3727$1	net/minecraft/world/phys/shapes/EntityCollisionContext$1
net/minecraft/class_3728	net/minecraft/client/gui/font/TextFieldHelper
net/minecraft/class_3728$1	net/minecraft/client/gui/font/TextFieldHelper$1
net/minecraft/class_3728$class_7279	net/minecraft/client/gui/font/TextFieldHelper$CursorStep
net/minecraft/class_3729	net/minecraft/client/renderer/entity/IllagerRenderer
net/minecraft/class_3730	net/minecraft/world/entity/MobSpawnType
net/minecraft/class_3732	net/minecraft/world/entity/monster/PatrollingMonster
net/minecraft/class_3732$class_3733	net/minecraft/world/entity/monster/PatrollingMonster$LongDistancePatrolGoal
net/minecraft/class_3734	net/minecraft/world/item/ScaffoldingBlockItem
net/minecraft/class_3735	net/minecraft/advancements/critereon/EntityEquipmentPredicate
net/minecraft/class_3735$class_5278	net/minecraft/advancements/critereon/EntityEquipmentPredicate$Builder
net/minecraft/class_3736	net/minecraft/world/level/block/ScaffoldingBlock
net/minecraft/class_3737	net/minecraft/world/level/block/SimpleWaterloggedBlock
net/minecraft/class_3738	net/minecraft/server/TickTask
net/minecraft/class_374	net/minecraft/client/gui/components/toasts/ToastComponent
net/minecraft/class_374$class_375	net/minecraft/client/gui/components/toasts/ToastComponent$ToastInstance
net/minecraft/class_3742	net/minecraft/client/gui/screens/inventory/JigsawBlockEditScreen
net/minecraft/class_3742$1	net/minecraft/client/gui/screens/inventory/JigsawBlockEditScreen$1
net/minecraft/class_3743	net/minecraft/util/datafix/schemas/V1909
net/minecraft/class_3745	net/minecraft/world/entity/monster/CrossbowAttackMob
net/minecraft/class_3746	net/minecraft/world/level/LevelSimulatedReader
net/minecraft/class_3747	net/minecraft/world/level/LevelSimulatedRW
net/minecraft/class_3748	net/minecraft/world/level/block/JigsawBlock
net/minecraft/class_3749	net/minecraft/world/level/block/LanternBlock
net/minecraft/class_3751	net/minecraft/world/level/block/entity/JigsawBlockEntity
net/minecraft/class_3751$class_4991	net/minecraft/world/level/block/entity/JigsawBlockEntity$JointType
net/minecraft/class_3753	net/minecraft/network/protocol/game/ServerboundSetJigsawBlockPacket
net/minecraft/class_3754	net/minecraft/world/level/levelgen/NoiseBasedChunkGenerator
net/minecraft/class_3755	net/minecraft/util/datafix/fixes/ChunkLightRemoveFix
net/minecraft/class_3756	net/minecraft/world/level/levelgen/synth/ImprovedNoise
net/minecraft/class_3759	net/minecraft/world/entity/ai/goal/PathfindToRaidGoal
net/minecraft/class_376	net/minecraft/client/gui/font/AllMissingGlyphProvider
net/minecraft/class_3760	net/minecraft/world/entity/ai/goal/target/NearestAttackableWitchTargetGoal
net/minecraft/class_3763	net/minecraft/world/entity/raid/Raider
net/minecraft/class_3763$class_3764	net/minecraft/world/entity/raid/Raider$ObtainRaidLeaderBannerGoal
net/minecraft/class_3763$class_4223	net/minecraft/world/entity/raid/Raider$HoldGroundAttackGoal
net/minecraft/class_3763$class_4260	net/minecraft/world/entity/raid/Raider$RaiderCelebration
net/minecraft/class_3763$class_4261	net/minecraft/world/entity/raid/Raider$RaiderMoveThroughVillageGoal
net/minecraft/class_3765	net/minecraft/world/entity/raid/Raid
net/minecraft/class_3765$1	net/minecraft/world/entity/raid/Raid$1
net/minecraft/class_3765$class_3766	net/minecraft/world/entity/raid/Raid$RaiderType
net/minecraft/class_3765$class_4259	net/minecraft/world/entity/raid/Raid$RaidStatus
net/minecraft/class_3767	net/minecraft/world/entity/raid/Raids
net/minecraft/class_3769	net/minecraft/world/level/levelgen/PatrolSpawner
net/minecraft/class_377	net/minecraft/client/gui/font/FontSet
net/minecraft/class_377$class_7647	net/minecraft/client/gui/font/FontSet$GlyphInfoFilter
net/minecraft/class_3773	net/minecraft/world/level/levelgen/structure/pieces/StructurePieceType
net/minecraft/class_3773$class_6615	net/minecraft/world/level/levelgen/structure/pieces/StructurePieceType$ContextlessType
net/minecraft/class_3773$class_6616	net/minecraft/world/level/levelgen/structure/pieces/StructurePieceType$StructureTemplateType
net/minecraft/class_3776	net/minecraft/world/level/levelgen/structure/pools/FeaturePoolElement
net/minecraft/class_3777	net/minecraft/world/level/levelgen/structure/pools/EmptyPoolElement
net/minecraft/class_3778	net/minecraft/world/level/levelgen/structure/pools/JigsawPlacement
net/minecraft/class_3778$class_4181	net/minecraft/world/level/levelgen/structure/pools/JigsawPlacement$PieceState
net/minecraft/class_3778$class_4182	net/minecraft/world/level/levelgen/structure/pools/JigsawPlacement$Placer
net/minecraft/class_378	net/minecraft/client/gui/font/FontManager
net/minecraft/class_378$class_8534	net/minecraft/client/gui/font/FontManager$BuilderId
net/minecraft/class_378$class_8535	net/minecraft/client/gui/font/FontManager$BuilderResult
net/minecraft/class_378$class_8536	net/minecraft/client/gui/font/FontManager$Preparation
net/minecraft/class_378$class_8537	net/minecraft/client/gui/font/FontManager$UnresolvedBuilderBundle
net/minecraft/class_378$class_8556	net/minecraft/client/gui/font/FontManager$FontDefinitionFile
net/minecraft/class_3780	net/minecraft/world/level/levelgen/structure/pools/JigsawJunction
net/minecraft/class_3781	net/minecraft/world/level/levelgen/structure/pools/SinglePoolElement
net/minecraft/class_3782	net/minecraft/world/level/levelgen/structure/pools/ListPoolElement
net/minecraft/class_3784	net/minecraft/world/level/levelgen/structure/pools/StructurePoolElement
net/minecraft/class_3785	net/minecraft/world/level/levelgen/structure/pools/StructureTemplatePool
net/minecraft/class_3785$class_3786	net/minecraft/world/level/levelgen/structure/pools/StructureTemplatePool$Projection
net/minecraft/class_3788	net/minecraft/util/datafix/fixes/ChunkStatusFix2
net/minecraft/class_3789	net/minecraft/world/level/levelgen/structure/structures/BuriedTreasurePieces
net/minecraft/class_3789$class_3339	net/minecraft/world/level/levelgen/structure/structures/BuriedTreasurePieces$BuriedTreasurePiece
net/minecraft/class_379	com/mojang/blaze3d/font/GlyphInfo
net/minecraft/class_379$class_7167	com/mojang/blaze3d/font/GlyphInfo$SpaceGlyphInfo
net/minecraft/class_3790	net/minecraft/world/level/levelgen/structure/PoolElementStructurePiece
net/minecraft/class_3791	net/minecraft/data/worldgen/PillagerOutpostPools
net/minecraft/class_3793	net/minecraft/world/level/levelgen/structure/templatesystem/BlockIgnoreProcessor
net/minecraft/class_3794	net/minecraft/world/level/levelgen/structure/templatesystem/JigsawReplacementProcessor
net/minecraft/class_3795	net/minecraft/world/level/levelgen/structure/templatesystem/GravityProcessor
net/minecraft/class_3797	net/minecraft/DetectedVersion
net/minecraft/class_3798	net/minecraft/world/level/levelgen/structure/templatesystem/TagMatchTest
net/minecraft/class_380	net/minecraft/client/gui/font/FontTexture
net/minecraft/class_380$class_381	net/minecraft/client/gui/font/FontTexture$Node
net/minecraft/class_3802	net/minecraft/client/gui/screens/inventory/GrindstoneScreen
net/minecraft/class_3803	net/minecraft/world/inventory/GrindstoneMenu
net/minecraft/class_3803$1	net/minecraft/world/inventory/GrindstoneMenu$1
net/minecraft/class_3803$2	net/minecraft/world/inventory/GrindstoneMenu$2
net/minecraft/class_3803$3	net/minecraft/world/inventory/GrindstoneMenu$3
net/minecraft/class_3803$4	net/minecraft/world/inventory/GrindstoneMenu$4
net/minecraft/class_3805	net/minecraft/world/level/levelgen/feature/BlockPileFeature
net/minecraft/class_3806	net/minecraft/server/dedicated/DedicatedServerProperties
net/minecraft/class_3806$class_7044	net/minecraft/server/dedicated/DedicatedServerProperties$WorldDimensionData
net/minecraft/class_3807	net/minecraft/server/dedicated/DedicatedServerSettings
net/minecraft/class_3808	net/minecraft/server/dedicated/Settings
net/minecraft/class_3808$class_3809	net/minecraft/server/dedicated/Settings$MutableValue
net/minecraft/class_3813	net/minecraft/data/worldgen/VillagePools
net/minecraft/class_3815	net/minecraft/data/worldgen/PlainVillagePools
net/minecraft/class_3816	net/minecraft/world/level/levelgen/structure/pools/StructurePoolElementType
net/minecraft/class_3818	net/minecraft/world/level/levelgen/structure/templatesystem/AlwaysTrueTest
net/minecraft/class_3819	net/minecraft/world/level/levelgen/structure/templatesystem/BlockMatchTest
net/minecraft/class_382	net/minecraft/client/gui/font/glyphs/BakedGlyph
net/minecraft/class_382$class_328	net/minecraft/client/gui/font/glyphs/BakedGlyph$Effect
net/minecraft/class_3820	net/minecraft/world/level/levelgen/structure/templatesystem/BlockStateMatchTest
net/minecraft/class_3821	net/minecraft/world/level/levelgen/structure/templatesystem/ProcessorRule
net/minecraft/class_3822	net/minecraft/world/level/levelgen/structure/templatesystem/NopProcessor
net/minecraft/class_3823	net/minecraft/world/level/levelgen/structure/templatesystem/RandomBlockStateMatchTest
net/minecraft/class_3824	net/minecraft/world/level/levelgen/structure/templatesystem/RandomBlockMatchTest
net/minecraft/class_3825	net/minecraft/world/level/levelgen/structure/templatesystem/RuleTest
net/minecraft/class_3826	net/minecraft/world/level/levelgen/structure/templatesystem/RuleProcessor
net/minecraft/class_3827	net/minecraft/world/level/levelgen/structure/templatesystem/RuleTestType
net/minecraft/class_3828	net/minecraft/world/level/levelgen/structure/templatesystem/StructureProcessorType
net/minecraft/class_3829	net/minecraft/world/Clearable
net/minecraft/class_383	com/mojang/blaze3d/font/SheetGlyphInfo
net/minecraft/class_3830	net/minecraft/world/level/block/SweetBerryBushBlock
net/minecraft/class_3834	net/minecraft/data/worldgen/SavannaVillagePools
net/minecraft/class_3836	net/minecraft/data/worldgen/SnowyVillagePools
net/minecraft/class_3837	net/minecraft/world/level/storage/loot/functions/CopyNbtFunction
net/minecraft/class_3837$class_3838	net/minecraft/world/level/storage/loot/functions/CopyNbtFunction$Builder
net/minecraft/class_3837$class_3839	net/minecraft/world/level/storage/loot/functions/CopyNbtFunction$CopyOperation
net/minecraft/class_3837$class_3841	net/minecraft/world/level/storage/loot/functions/CopyNbtFunction$MergeStrategy
net/minecraft/class_3837$class_3841$1	net/minecraft/world/level/storage/loot/functions/CopyNbtFunction$MergeStrategy$1
net/minecraft/class_3837$class_3841$2	net/minecraft/world/level/storage/loot/functions/CopyNbtFunction$MergeStrategy$2
net/minecraft/class_3837$class_3841$3	net/minecraft/world/level/storage/loot/functions/CopyNbtFunction$MergeStrategy$3
net/minecraft/class_3837$class_3842	net/minecraft/world/level/storage/loot/functions/CopyNbtFunction$Serializer
net/minecraft/class_384	net/minecraft/client/gui/font/glyphs/EmptyGlyph
net/minecraft/class_3843	net/minecraft/data/structures/StructureUpdater
net/minecraft/class_3845	net/minecraft/util/datafix/fixes/VillagerDataFix
net/minecraft/class_3846	net/minecraft/util/thread/ProcessorMailbox
net/minecraft/class_3847	net/minecraft/util/thread/StrictQueue
net/minecraft/class_3847$class_3848	net/minecraft/util/thread/StrictQueue$FixedPriorityQueue
net/minecraft/class_3847$class_3849	net/minecraft/util/thread/StrictQueue$QueueStrictQueue
net/minecraft/class_3847$class_3907	net/minecraft/util/thread/StrictQueue$IntRunnable
net/minecraft/class_3850	net/minecraft/world/entity/npc/VillagerData
net/minecraft/class_3851	net/minecraft/world/entity/npc/VillagerDataHolder
net/minecraft/class_3852	net/minecraft/world/entity/npc/VillagerProfession
net/minecraft/class_3853	net/minecraft/world/entity/npc/VillagerTrades
net/minecraft/class_3853$class_1648	net/minecraft/world/entity/npc/VillagerTrades$EnchantBookForEmeralds
net/minecraft/class_3853$class_1652	net/minecraft/world/entity/npc/VillagerTrades$ItemListing
net/minecraft/class_3853$class_1654	net/minecraft/world/entity/npc/VillagerTrades$TreasureMapForEmeralds
net/minecraft/class_3853$class_4160	net/minecraft/world/entity/npc/VillagerTrades$DyedArmorForEmeralds
net/minecraft/class_3853$class_4161	net/minecraft/world/entity/npc/VillagerTrades$EmeraldForItems
net/minecraft/class_3853$class_4162	net/minecraft/world/entity/npc/VillagerTrades$EmeraldsForVillagerTypeItem
net/minecraft/class_3853$class_4163	net/minecraft/world/entity/npc/VillagerTrades$EnchantedItemForEmeralds
net/minecraft/class_3853$class_4164	net/minecraft/world/entity/npc/VillagerTrades$ItemsAndEmeraldsToItems
net/minecraft/class_3853$class_4165	net/minecraft/world/entity/npc/VillagerTrades$ItemsForEmeralds
net/minecraft/class_3853$class_4166	net/minecraft/world/entity/npc/VillagerTrades$SuspiciousStewForEmerald
net/minecraft/class_3853$class_4167	net/minecraft/world/entity/npc/VillagerTrades$TippedArrowForItemsAndEmeralds
net/minecraft/class_3854	net/minecraft/world/entity/npc/VillagerType
net/minecraft/class_3855	net/minecraft/world/entity/projectile/Fireball
net/minecraft/class_3856	net/minecraft/world/entity/projectile/ItemSupplier
net/minecraft/class_3857	net/minecraft/world/entity/projectile/ThrowableItemProjectile
net/minecraft/class_3858	net/minecraft/world/inventory/FurnaceMenu
net/minecraft/class_3859	net/minecraft/world/item/crafting/BlastingRecipe
net/minecraft/class_386	net/minecraft/client/gui/font/providers/BitmapProvider
net/minecraft/class_386$class_387	net/minecraft/client/gui/font/providers/BitmapProvider$Definition
net/minecraft/class_386$class_388	net/minecraft/client/gui/font/providers/BitmapProvider$Glyph
net/minecraft/class_386$class_388$1	net/minecraft/client/gui/font/providers/BitmapProvider$Glyph$1
net/minecraft/class_3861	net/minecraft/world/item/crafting/SmeltingRecipe
net/minecraft/class_3862	net/minecraft/world/item/crafting/SmokingRecipe
net/minecraft/class_3864	net/minecraft/data/worldgen/BiomeDefaultFeatures
net/minecraft/class_3865	net/minecraft/world/level/block/FurnaceBlock
net/minecraft/class_3866	net/minecraft/world/level/block/entity/FurnaceBlockEntity
net/minecraft/class_3867	net/minecraft/world/level/block/state/properties/BellAttachType
net/minecraft/class_3868	net/minecraft/data/worldgen/DesertVillagePools
net/minecraft/class_3870	net/minecraft/data/worldgen/TaigaVillagePools
net/minecraft/class_3871	net/minecraft/client/gui/screens/inventory/BlastFurnaceScreen
net/minecraft/class_3872	net/minecraft/client/gui/screens/inventory/BookViewScreen
net/minecraft/class_3872$1	net/minecraft/client/gui/screens/inventory/BookViewScreen$1
net/minecraft/class_3872$class_3931	net/minecraft/client/gui/screens/inventory/BookViewScreen$BookAccess
net/minecraft/class_3872$class_3932	net/minecraft/client/gui/screens/inventory/BookViewScreen$WritableBookAccess
net/minecraft/class_3872$class_3933	net/minecraft/client/gui/screens/inventory/BookViewScreen$WrittenBookAccess
net/minecraft/class_3873	net/minecraft/client/gui/screens/inventory/FurnaceScreen
net/minecraft/class_3874	net/minecraft/client/gui/screens/inventory/SmokerScreen
net/minecraft/class_3875	net/minecraft/client/gui/screens/recipebook/BlastingRecipeBookComponent
net/minecraft/class_3876	net/minecraft/client/gui/screens/recipebook/SmeltingRecipeBookComponent
net/minecraft/class_3877	net/minecraft/client/gui/screens/recipebook/SmokingRecipeBookComponent
net/minecraft/class_3879	net/minecraft/client/model/Model
net/minecraft/class_3880	net/minecraft/client/renderer/blockentity/BellRenderer
net/minecraft/class_3881	net/minecraft/client/model/ArmedModel
net/minecraft/class_3882	net/minecraft/client/model/HeadedModel
net/minecraft/class_3883	net/minecraft/client/renderer/entity/RenderLayerParent
net/minecraft/class_3884	net/minecraft/client/model/VillagerHeadModel
net/minecraft/class_3885	net/minecraft/client/renderer/entity/layers/VillagerProfessionLayer
net/minecraft/class_3886	net/minecraft/client/renderer/entity/ZombieRenderer
net/minecraft/class_3887	net/minecraft/client/renderer/entity/layers/RenderLayer
net/minecraft/class_3888	net/minecraft/client/resources/metadata/animation/VillagerMetaDataSection
net/minecraft/class_3888$class_3889	net/minecraft/client/resources/metadata/animation/VillagerMetaDataSection$Hat
net/minecraft/class_389	net/minecraft/client/gui/font/providers/GlyphProviderDefinition
net/minecraft/class_389$class_8539	net/minecraft/client/gui/font/providers/GlyphProviderDefinition$Loader
net/minecraft/class_389$class_8540	net/minecraft/client/gui/font/providers/GlyphProviderDefinition$Reference
net/minecraft/class_3890	net/minecraft/client/resources/metadata/animation/VillagerMetadataSectionSerializer
net/minecraft/class_3895	net/minecraft/network/protocol/game/ClientboundOpenBookPacket
net/minecraft/class_3898	net/minecraft/server/level/ChunkMap
net/minecraft/class_3898$1	net/minecraft/server/level/ChunkMap$1
net/minecraft/class_3898$2	net/minecraft/server/level/ChunkMap$2
net/minecraft/class_3898$class_3208	net/minecraft/server/level/ChunkMap$TrackedEntity
net/minecraft/class_3898$class_3216	net/minecraft/server/level/ChunkMap$DistanceManager
net/minecraft/class_3899	net/minecraft/server/level/ChunkTaskPriorityQueue
net/minecraft/class_39	net/minecraft/world/level/storage/loot/BuiltInLootTables
net/minecraft/class_390	com/mojang/blaze3d/font/GlyphProvider
net/minecraft/class_3900	net/minecraft/server/level/ChunkTaskPriorityQueueSorter
net/minecraft/class_3900$class_3946	net/minecraft/server/level/ChunkTaskPriorityQueueSorter$Message
net/minecraft/class_3900$class_3947	net/minecraft/server/level/ChunkTaskPriorityQueueSorter$Release
net/minecraft/class_3902	net/minecraft/util/Unit
net/minecraft/class_3903	net/minecraft/util/datafix/fixes/CatTypeFix
net/minecraft/class_3904	net/minecraft/util/datafix/fixes/NewVillageFix
net/minecraft/class_3905	net/minecraft/util/datafix/schemas/V1920
net/minecraft/class_3906	net/minecraft/util/thread/ProcessorHandle
net/minecraft/class_3906$1	net/minecraft/util/thread/ProcessorHandle$1
net/minecraft/class_3908	net/minecraft/world/MenuProvider
net/minecraft/class_3909	net/minecraft/world/entity/ai/goal/target/NearestHealableRaiderTargetGoal
net/minecraft/class_391	net/minecraft/client/gui/font/providers/UnihexProvider
net/minecraft/class_391$class_392	net/minecraft/client/gui/font/providers/UnihexProvider$Definition
net/minecraft/class_391$class_393	net/minecraft/client/gui/font/providers/UnihexProvider$Glyph
net/minecraft/class_391$class_393$1	net/minecraft/client/gui/font/providers/UnihexProvider$Glyph$1
net/minecraft/class_391$class_7736	net/minecraft/client/gui/font/providers/UnihexProvider$ByteContents
net/minecraft/class_391$class_8542	net/minecraft/client/gui/font/providers/UnihexProvider$Dimensions
net/minecraft/class_391$class_8543	net/minecraft/client/gui/font/providers/UnihexProvider$IntContents
net/minecraft/class_391$class_8544	net/minecraft/client/gui/font/providers/UnihexProvider$LineData
net/minecraft/class_391$class_8545	net/minecraft/client/gui/font/providers/UnihexProvider$OverrideRange
net/minecraft/class_391$class_8546	net/minecraft/client/gui/font/providers/UnihexProvider$ReaderOutput
net/minecraft/class_391$class_8547	net/minecraft/client/gui/font/providers/UnihexProvider$ShortContents
net/minecraft/class_3910	net/minecraft/world/inventory/CartographyTableMenu
net/minecraft/class_3910$1	net/minecraft/world/inventory/CartographyTableMenu$1
net/minecraft/class_3910$2	net/minecraft/world/inventory/CartographyTableMenu$2
net/minecraft/class_3910$3	net/minecraft/world/inventory/CartographyTableMenu$3
net/minecraft/class_3910$4	net/minecraft/world/inventory/CartographyTableMenu$4
net/minecraft/class_3910$5	net/minecraft/world/inventory/CartographyTableMenu$5
net/minecraft/class_3913	net/minecraft/world/inventory/ContainerData
net/minecraft/class_3914	net/minecraft/world/inventory/ContainerLevelAccess
net/minecraft/class_3914$1	net/minecraft/world/inventory/ContainerLevelAccess$1
net/minecraft/class_3914$2	net/minecraft/world/inventory/ContainerLevelAccess$2
net/minecraft/class_3915	net/minecraft/world/inventory/DataSlot
net/minecraft/class_3915$1	net/minecraft/world/inventory/DataSlot$1
net/minecraft/class_3915$2	net/minecraft/world/inventory/DataSlot$2
net/minecraft/class_3915$3	net/minecraft/world/inventory/DataSlot$3
net/minecraft/class_3916	net/minecraft/world/inventory/LecternMenu
net/minecraft/class_3916$1	net/minecraft/world/inventory/LecternMenu$1
net/minecraft/class_3917	net/minecraft/world/inventory/MenuType
net/minecraft/class_3917$class_3918	net/minecraft/world/inventory/MenuType$MenuSupplier
net/minecraft/class_3919	net/minecraft/world/inventory/SimpleContainerData
net/minecraft/class_3920	net/minecraft/world/item/crafting/CampfireCookingRecipe
net/minecraft/class_3922	net/minecraft/world/level/block/CampfireBlock
net/minecraft/class_3924	net/minecraft/world/level/block/entity/CampfireBlockEntity
net/minecraft/class_3928	net/minecraft/client/gui/screens/LevelLoadingScreen
net/minecraft/class_3929	net/minecraft/client/gui/screens/MenuScreens
net/minecraft/class_3929$class_3930	net/minecraft/client/gui/screens/MenuScreens$ScreenConstructor
net/minecraft/class_3934	net/minecraft/client/gui/screens/inventory/CartographyTableScreen
net/minecraft/class_3935	net/minecraft/client/gui/screens/inventory/LecternScreen
net/minecraft/class_3935$1	net/minecraft/client/gui/screens/inventory/LecternScreen$1
net/minecraft/class_3936	net/minecraft/client/gui/screens/inventory/MenuAccess
net/minecraft/class_3937	net/minecraft/client/particle/CampfireSmokeParticle
net/minecraft/class_3937$class_3938	net/minecraft/client/particle/CampfireSmokeParticle$CosyProvider
net/minecraft/class_3937$class_3995	net/minecraft/client/particle/CampfireSmokeParticle$SignalProvider
net/minecraft/class_394	net/minecraft/client/gui/font/providers/GlyphProviderType
net/minecraft/class_3940	net/minecraft/client/particle/SingleQuadParticle
net/minecraft/class_3941	net/minecraft/client/renderer/blockentity/CampfireRenderer
net/minecraft/class_3942	net/minecraft/client/renderer/blockentity/LecternRenderer
net/minecraft/class_3943	net/minecraft/network/protocol/game/ClientboundMerchantOffersPacket
net/minecraft/class_3944	net/minecraft/network/protocol/game/ClientboundOpenScreenPacket
net/minecraft/class_3945	net/minecraft/server/commands/TeamMsgCommand
net/minecraft/class_3949	net/minecraft/server/level/progress/ChunkProgressListener
net/minecraft/class_395	com/mojang/blaze3d/font/TrueTypeGlyphProvider
net/minecraft/class_395$class_397	com/mojang/blaze3d/font/TrueTypeGlyphProvider$Glyph
net/minecraft/class_395$class_397$1	com/mojang/blaze3d/font/TrueTypeGlyphProvider$Glyph$1
net/minecraft/class_3950	net/minecraft/server/level/progress/ChunkProgressListenerFactory
net/minecraft/class_3951	net/minecraft/server/level/progress/LoggerChunkProgressListener
net/minecraft/class_3952	net/minecraft/server/level/progress/ProcessorChunkProgressListener
net/minecraft/class_3953	net/minecraft/server/level/progress/StoringChunkProgressListener
net/minecraft/class_3954	net/minecraft/world/WorldlyContainerHolder
net/minecraft/class_3955	net/minecraft/world/item/crafting/CraftingRecipe
net/minecraft/class_3956	net/minecraft/world/item/crafting/RecipeType
net/minecraft/class_3956$1	net/minecraft/world/item/crafting/RecipeType$1
net/minecraft/class_3957	net/minecraft/world/item/crafting/SimpleCookingSerializer
net/minecraft/class_3957$class_3958	net/minecraft/world/item/crafting/SimpleCookingSerializer$CookieBaker
net/minecraft/class_3959	net/minecraft/world/level/ClipContext
net/minecraft/class_3959$class_242	net/minecraft/world/level/ClipContext$Fluid
net/minecraft/class_3959$class_3960	net/minecraft/world/level/ClipContext$Block
net/minecraft/class_3959$class_3961	net/minecraft/world/level/ClipContext$ShapeGetter
net/minecraft/class_3962	net/minecraft/world/level/block/ComposterBlock
net/minecraft/class_3962$class_3925	net/minecraft/world/level/block/ComposterBlock$EmptyContainer
net/minecraft/class_3962$class_3963	net/minecraft/world/level/block/ComposterBlock$InputContainer
net/minecraft/class_3962$class_3964	net/minecraft/world/level/block/ComposterBlock$OutputContainer
net/minecraft/class_3965	net/minecraft/world/phys/BlockHitResult
net/minecraft/class_3966	net/minecraft/world/phys/EntityHitResult
net/minecraft/class_3968	net/minecraft/client/model/AbstractZombieModel
net/minecraft/class_3969	net/minecraft/client/model/GiantZombieModel
net/minecraft/class_3970	net/minecraft/util/datafix/fixes/MapIdFix
net/minecraft/class_3971	net/minecraft/world/inventory/StonecutterMenu
net/minecraft/class_3971$1	net/minecraft/world/inventory/StonecutterMenu$1
net/minecraft/class_3971$2	net/minecraft/world/inventory/StonecutterMenu$2
net/minecraft/class_3972	net/minecraft/world/item/crafting/SingleItemRecipe
net/minecraft/class_3972$class_3973	net/minecraft/world/item/crafting/SingleItemRecipe$Serializer
net/minecraft/class_3972$class_3973$class_3974	net/minecraft/world/item/crafting/SingleItemRecipe$Serializer$SingleItemMaker
net/minecraft/class_3975	net/minecraft/world/item/crafting/StonecutterRecipe
net/minecraft/class_3977	net/minecraft/world/level/chunk/storage/ChunkStorage
net/minecraft/class_3978	net/minecraft/world/level/saveddata/maps/MapIndex
net/minecraft/class_3979	net/minecraft/client/gui/screens/inventory/StonecutterScreen
net/minecraft/class_3980	net/minecraft/core/Cursor3D
net/minecraft/class_3981	net/minecraft/data/recipes/SingleItemRecipeBuilder
net/minecraft/class_3981$class_3982	net/minecraft/data/recipes/SingleItemRecipeBuilder$Result
net/minecraft/class_3983	net/minecraft/util/datafix/fixes/EntityRavagerRenameFix
net/minecraft/class_3984	net/minecraft/util/datafix/schemas/V1928
net/minecraft/class_3985	net/minecraft/util/datafix/schemas/V1929
net/minecraft/class_3986	net/minecraft/world/entity/animal/horse/TraderLlama
net/minecraft/class_3986$class_3987	net/minecraft/world/entity/animal/horse/TraderLlama$TraderLlamaDefendWanderingTraderGoal
net/minecraft/class_3988	net/minecraft/world/entity/npc/AbstractVillager
net/minecraft/class_3989	net/minecraft/world/entity/npc/WanderingTrader
net/minecraft/class_3989$class_3994	net/minecraft/world/entity/npc/WanderingTrader$WanderToPositionGoal
net/minecraft/class_3990	net/minecraft/world/entity/npc/WanderingTraderSpawner
net/minecraft/class_3992	net/minecraft/client/renderer/entity/WanderingTraderRenderer
net/minecraft/class_3993	net/minecraft/world/entity/ai/goal/UseItemGoal
net/minecraft/class_3998	net/minecraft/client/particle/NoRenderParticle
net/minecraft/class_3999	net/minecraft/client/particle/ParticleRenderType
net/minecraft/class_3999$1	net/minecraft/client/particle/ParticleRenderType$1
net/minecraft/class_3999$2	net/minecraft/client/particle/ParticleRenderType$2
net/minecraft/class_3999$3	net/minecraft/client/particle/ParticleRenderType$3
net/minecraft/class_3999$4	net/minecraft/client/particle/ParticleRenderType$4
net/minecraft/class_3999$5	net/minecraft/client/particle/ParticleRenderType$5
net/minecraft/class_3999$6	net/minecraft/client/particle/ParticleRenderType$6
net/minecraft/class_40	net/minecraft/world/level/storage/loot/providers/number/BinomialDistributionGenerator
net/minecraft/class_40$class_41	net/minecraft/world/level/storage/loot/providers/number/BinomialDistributionGenerator$Serializer
net/minecraft/class_4002	net/minecraft/client/particle/SpriteSet
net/minecraft/class_4003	net/minecraft/client/particle/TextureSheetParticle
net/minecraft/class_4004	net/minecraft/client/renderer/entity/layers/CrossedArmsItemLayer
net/minecraft/class_4005	net/minecraft/client/renderer/texture/PreloadedTexture
net/minecraft/class_4008	net/minecraft/client/resources/SplashManager
net/minecraft/class_4010	net/minecraft/server/packs/resources/ProfiledReloadInstance
net/minecraft/class_4010$class_4046	net/minecraft/server/packs/resources/ProfiledReloadInstance$State
net/minecraft/class_4011	net/minecraft/server/packs/resources/ReloadInstance
net/minecraft/class_4013	net/minecraft/server/packs/resources/ResourceManagerReloadListener
net/minecraft/class_4014	net/minecraft/server/packs/resources/SimpleReloadInstance
net/minecraft/class_4014$1	net/minecraft/server/packs/resources/SimpleReloadInstance$1
net/minecraft/class_4014$class_4047	net/minecraft/server/packs/resources/SimpleReloadInstance$StateFactory
net/minecraft/class_4016	net/minecraft/util/datafix/schemas/V1931
net/minecraft/class_4017	net/minecraft/world/entity/ai/goal/JumpGoal
net/minecraft/class_4018	net/minecraft/world/entity/ai/goal/StrollThroughVillageGoal
net/minecraft/class_4019	net/minecraft/world/entity/animal/Fox
net/minecraft/class_4019$class_4020	net/minecraft/world/entity/animal/Fox$DefendTrustedTargetGoal
net/minecraft/class_4019$class_4021	net/minecraft/world/entity/animal/Fox$FaceplantGoal
net/minecraft/class_4019$class_4022	net/minecraft/world/entity/animal/Fox$FoxAlertableEntitiesSelector
net/minecraft/class_4019$class_4023	net/minecraft/world/entity/animal/Fox$FoxBehaviorGoal
net/minecraft/class_4019$class_4024	net/minecraft/world/entity/animal/Fox$FoxBreedGoal
net/minecraft/class_4019$class_4025	net/minecraft/world/entity/animal/Fox$FoxEatBerriesGoal
net/minecraft/class_4019$class_4026	net/minecraft/world/entity/animal/Fox$FoxFloatGoal
net/minecraft/class_4019$class_4027	net/minecraft/world/entity/animal/Fox$FoxGroupData
net/minecraft/class_4019$class_4028	net/minecraft/world/entity/animal/Fox$FoxLookControl
net/minecraft/class_4019$class_4029	net/minecraft/world/entity/animal/Fox$FoxMeleeAttackGoal
net/minecraft/class_4019$class_4030	net/minecraft/world/entity/animal/Fox$FoxMoveControl
net/minecraft/class_4019$class_4031	net/minecraft/world/entity/animal/Fox$FoxStrollThroughVillageGoal
net/minecraft/class_4019$class_4032	net/minecraft/world/entity/animal/Fox$FoxPanicGoal
net/minecraft/class_4019$class_4033	net/minecraft/world/entity/animal/Fox$FoxPounceGoal
net/minecraft/class_4019$class_4034	net/minecraft/world/entity/animal/Fox$FoxSearchForItemsGoal
net/minecraft/class_4019$class_4035	net/minecraft/world/entity/animal/Fox$PerchAndSearchGoal
net/minecraft/class_4019$class_4036	net/minecraft/world/entity/animal/Fox$SeekShelterGoal
net/minecraft/class_4019$class_4037	net/minecraft/world/entity/animal/Fox$SleepGoal
net/minecraft/class_4019$class_4038	net/minecraft/world/entity/animal/Fox$StalkPreyGoal
net/minecraft/class_4019$class_4039	net/minecraft/world/entity/animal/Fox$Type
net/minecraft/class_4019$class_4052	net/minecraft/world/entity/animal/Fox$FoxFollowParentGoal
net/minecraft/class_4019$class_4292	net/minecraft/world/entity/animal/Fox$FoxLookAtPlayerGoal
net/minecraft/class_403	net/minecraft/client/gui/screens/AlertScreen
net/minecraft/class_404	net/minecraft/client/gui/screens/ChatOptionsScreen
net/minecraft/class_4041	net/minecraft/client/model/FoxModel
net/minecraft/class_4042	net/minecraft/client/renderer/entity/FoxRenderer
net/minecraft/class_4043	net/minecraft/client/renderer/entity/layers/FoxHeldItemLayer
net/minecraft/class_4044	net/minecraft/client/resources/PaintingTextureManager
net/minecraft/class_4048	net/minecraft/world/entity/EntityDimensions
net/minecraft/class_405	net/minecraft/client/gui/screens/BackupConfirmScreen
net/minecraft/class_405$class_406	net/minecraft/client/gui/screens/BackupConfirmScreen$Listener
net/minecraft/class_4050	net/minecraft/world/entity/Pose
net/minecraft/class_4051	net/minecraft/world/entity/ai/targeting/TargetingConditions
net/minecraft/class_4057	net/minecraft/world/item/DyeableArmorItem
net/minecraft/class_4058	net/minecraft/world/item/DyeableHorseArmorItem
net/minecraft/class_4059	net/minecraft/world/item/HorseArmorItem
net/minecraft/class_4061	net/minecraft/client/AttackIndicatorStatus
net/minecraft/class_4063	net/minecraft/client/CloudStatus
net/minecraft/class_4065	net/minecraft/client/NarratorStatus
net/minecraft/class_4066	net/minecraft/client/ParticleStatus
net/minecraft/class_4068	net/minecraft/client/gui/components/Renderable
net/minecraft/class_4069	net/minecraft/client/gui/components/events/ContainerEventHandler
net/minecraft/class_407	net/minecraft/client/gui/screens/ConfirmLinkScreen
net/minecraft/class_4071	net/minecraft/client/gui/screens/Overlay
net/minecraft/class_4073	net/minecraft/client/renderer/entity/layers/HorseArmorLayer
net/minecraft/class_4074	net/minecraft/client/resources/MobEffectTextureManager
net/minecraft/class_4075	net/minecraft/client/resources/TextureAtlasHolder
net/minecraft/class_4076	net/minecraft/core/SectionPos
net/minecraft/class_4076$1	net/minecraft/core/SectionPos$1
net/minecraft/class_4079	net/minecraft/server/level/SectionTracker
net/minecraft/class_408	net/minecraft/client/gui/screens/ChatScreen
net/minecraft/class_408$1	net/minecraft/client/gui/screens/ChatScreen$1
net/minecraft/class_4080	net/minecraft/server/packs/resources/SimplePreparableReloadListener
net/minecraft/class_4081	net/minecraft/world/effect/MobEffectCategory
net/minecraft/class_4089	net/minecraft/client/particle/ParticleDescription
net/minecraft/class_4092	net/minecraft/util/datafix/fixes/OptionsAddTextBackgroundFix
net/minecraft/class_4093	net/minecraft/util/thread/ReentrantBlockableEventLoop
net/minecraft/class_4094	net/minecraft/world/entity/ReputationEventHandler
net/minecraft/class_4095	net/minecraft/world/entity/ai/Brain
net/minecraft/class_4095$1	net/minecraft/world/entity/ai/Brain$1
net/minecraft/class_4095$class_5302	net/minecraft/world/entity/ai/Brain$MemoryValue
net/minecraft/class_4095$class_5303	net/minecraft/world/entity/ai/Brain$Provider
net/minecraft/class_4096	net/minecraft/world/entity/ai/behavior/AcquirePoi
net/minecraft/class_4096$class_5397	net/minecraft/world/entity/ai/behavior/AcquirePoi$JitteredLinearRetry
net/minecraft/class_4097	net/minecraft/world/entity/ai/behavior/Behavior
net/minecraft/class_4097$class_4098	net/minecraft/world/entity/ai/behavior/Behavior$Status
net/minecraft/class_4099	net/minecraft/world/entity/ai/behavior/BlockPosTracker
net/minecraft/class_410	net/minecraft/client/gui/screens/ConfirmScreen
net/minecraft/class_4100	net/minecraft/world/entity/ai/behavior/VillagerCalmDown
net/minecraft/class_4101	net/minecraft/world/entity/ai/behavior/DoNothing
net/minecraft/class_4102	net/minecraft/world/entity/ai/behavior/EntityTracker
net/minecraft/class_4103	net/minecraft/world/entity/ai/behavior/GateBehavior
net/minecraft/class_4103$class_4104	net/minecraft/world/entity/ai/behavior/GateBehavior$OrderPolicy
net/minecraft/class_4103$class_4216	net/minecraft/world/entity/ai/behavior/GateBehavior$RunningPolicy
net/minecraft/class_4103$class_4216$1	net/minecraft/world/entity/ai/behavior/GateBehavior$RunningPolicy$1
net/minecraft/class_4103$class_4216$2	net/minecraft/world/entity/ai/behavior/GateBehavior$RunningPolicy$2
net/minecraft/class_4106	net/minecraft/world/entity/ai/behavior/InteractWith
net/minecraft/class_4107	net/minecraft/world/entity/ai/behavior/InteractWithDoor
net/minecraft/class_4108	net/minecraft/world/entity/ai/behavior/LookAndFollowTradingPlayerSink
net/minecraft/class_4109	net/minecraft/world/entity/ai/behavior/SetLookAndInteract
net/minecraft/class_4110	net/minecraft/world/entity/ai/behavior/LookAtTargetSink
net/minecraft/class_4111	net/minecraft/world/entity/ai/behavior/VillagerMakeLove
net/minecraft/class_4112	net/minecraft/world/entity/ai/behavior/MoveToTargetSink
net/minecraft/class_4113	net/minecraft/world/entity/ai/behavior/VillagerPanicTrigger
net/minecraft/class_4114	net/minecraft/world/entity/ai/behavior/AssignProfessionFromJobSite
net/minecraft/class_4115	net/minecraft/world/entity/ai/behavior/PositionTracker
net/minecraft/class_4116	net/minecraft/world/entity/ai/behavior/StrollAroundPoi
net/minecraft/class_4117	net/minecraft/world/entity/ai/behavior/VillageBoundRandomStroll
net/minecraft/class_4118	net/minecraft/world/entity/ai/behavior/RunOne
net/minecraft/class_4119	net/minecraft/world/entity/ai/behavior/SetEntityLookTarget
net/minecraft/class_412	net/minecraft/client/gui/screens/ConnectScreen
net/minecraft/class_412$1	net/minecraft/client/gui/screens/ConnectScreen$1
net/minecraft/class_4120	net/minecraft/world/entity/ai/behavior/SetWalkTargetFromLookTarget
net/minecraft/class_4121	net/minecraft/world/entity/ai/behavior/SetWalkTargetAwayFrom
net/minecraft/class_4122	net/minecraft/world/entity/ai/behavior/SetWalkTargetFromBlockMemory
net/minecraft/class_4123	net/minecraft/world/entity/ai/behavior/SleepInBed
net/minecraft/class_4124	net/minecraft/world/entity/ai/behavior/SocializeAtBell
net/minecraft/class_4125	net/minecraft/world/entity/ai/behavior/Swim
net/minecraft/class_4126	net/minecraft/world/entity/ai/behavior/TradeWithVillager
net/minecraft/class_4127	net/minecraft/world/entity/ai/behavior/UpdateActivityFromSchedule
net/minecraft/class_4128	net/minecraft/world/entity/ai/behavior/ValidateNearbyPoi
net/minecraft/class_4129	net/minecraft/world/entity/ai/behavior/VillagerGoalPackages
net/minecraft/class_413	net/minecraft/client/gui/screens/CreateFlatWorldScreen
net/minecraft/class_413$class_4192	net/minecraft/client/gui/screens/CreateFlatWorldScreen$DetailsList
net/minecraft/class_413$class_4192$class_4193	net/minecraft/client/gui/screens/CreateFlatWorldScreen$DetailsList$Entry
net/minecraft/class_4130	net/minecraft/world/entity/ai/behavior/ShowTradesToPlayer
net/minecraft/class_4133	net/minecraft/world/entity/ai/behavior/WorkAtPoi
net/minecraft/class_4135	net/minecraft/world/entity/ai/goal/WrappedGoal
net/minecraft/class_4136	net/minecraft/world/entity/ai/gossip/GossipContainer
net/minecraft/class_4136$class_4137	net/minecraft/world/entity/ai/gossip/GossipContainer$EntityGossips
net/minecraft/class_4136$class_4138	net/minecraft/world/entity/ai/gossip/GossipContainer$GossipEntry
net/minecraft/class_4139	net/minecraft/world/entity/ai/gossip/GossipType
net/minecraft/class_4140	net/minecraft/world/entity/ai/memory/MemoryModuleType
net/minecraft/class_4141	net/minecraft/world/entity/ai/memory/MemoryStatus
net/minecraft/class_4142	net/minecraft/world/entity/ai/memory/WalkTarget
net/minecraft/class_4143	net/minecraft/world/entity/ai/sensing/DummySensor
net/minecraft/class_4144	net/minecraft/world/entity/ai/sensing/HurtBySensor
net/minecraft/class_4146	net/minecraft/world/entity/ai/sensing/NearestLivingEntitySensor
net/minecraft/class_4147	net/minecraft/world/entity/ai/sensing/PlayerSensor
net/minecraft/class_4148	net/minecraft/world/entity/ai/sensing/Sensor
net/minecraft/class_4149	net/minecraft/world/entity/ai/sensing/SensorType
net/minecraft/class_415	net/minecraft/client/gui/screens/CreateBuffetWorldScreen
net/minecraft/class_415$class_4190	net/minecraft/client/gui/screens/CreateBuffetWorldScreen$BiomeList
net/minecraft/class_415$class_4190$class_4191	net/minecraft/client/gui/screens/CreateBuffetWorldScreen$BiomeList$Entry
net/minecraft/class_4150	net/minecraft/world/entity/ai/sensing/VillagerHostilesSensor
net/minecraft/class_4151	net/minecraft/world/entity/ai/village/ReputationEventType
net/minecraft/class_4151$1	net/minecraft/world/entity/ai/village/ReputationEventType$1
net/minecraft/class_4153	net/minecraft/world/entity/ai/village/poi/PoiManager
net/minecraft/class_4153$class_4154	net/minecraft/world/entity/ai/village/poi/PoiManager$DistanceTracker
net/minecraft/class_4153$class_4155	net/minecraft/world/entity/ai/village/poi/PoiManager$Occupancy
net/minecraft/class_4156	net/minecraft/world/entity/ai/village/poi/PoiRecord
net/minecraft/class_4157	net/minecraft/world/entity/ai/village/poi/PoiSection
net/minecraft/class_4158	net/minecraft/world/entity/ai/village/poi/PoiType
net/minecraft/class_4168	net/minecraft/world/entity/schedule/Activity
net/minecraft/class_4169	net/minecraft/world/entity/schedule/Keyframe
net/minecraft/class_417	net/minecraft/client/gui/screens/DemoIntroScreen
net/minecraft/class_4170	net/minecraft/world/entity/schedule/Schedule
net/minecraft/class_4171	net/minecraft/world/entity/schedule/ScheduleBuilder
net/minecraft/class_4171$class_4172	net/minecraft/world/entity/schedule/ScheduleBuilder$ActivityTransition
net/minecraft/class_4173	net/minecraft/world/entity/schedule/Timeline
net/minecraft/class_4174	net/minecraft/world/food/FoodProperties
net/minecraft/class_4174$class_4175	net/minecraft/world/food/FoodProperties$Builder
net/minecraft/class_4176	net/minecraft/world/food/Foods
net/minecraft/class_418	net/minecraft/client/gui/screens/DeathScreen
net/minecraft/class_418$class_8183	net/minecraft/client/gui/screens/DeathScreen$TitleConfirmScreen
net/minecraft/class_4180	net/minecraft/world/level/chunk/storage/SectionStorage
net/minecraft/class_4184	net/minecraft/client/Camera
net/minecraft/class_4184$class_6355	net/minecraft/client/Camera$NearPlane
net/minecraft/class_4185	net/minecraft/client/gui/components/Button
net/minecraft/class_4185$class_4241	net/minecraft/client/gui/components/Button$OnPress
net/minecraft/class_4185$class_7840	net/minecraft/client/gui/components/Button$Builder
net/minecraft/class_4185$class_7841	net/minecraft/client/gui/components/Button$CreateNarration
net/minecraft/class_4189	net/minecraft/client/gui/screens/AccessibilityOptionsScreen
net/minecraft/class_419	net/minecraft/client/gui/screens/DisconnectedScreen
net/minecraft/class_42	net/minecraft/world/level/storage/loot/IntRange
net/minecraft/class_42$class_5638	net/minecraft/world/level/storage/loot/IntRange$IntChecker
net/minecraft/class_42$class_5639	net/minecraft/world/level/storage/loot/IntRange$IntLimiter
net/minecraft/class_42$class_62	net/minecraft/world/level/storage/loot/IntRange$Serializer
net/minecraft/class_420	net/minecraft/client/gui/screens/DirectJoinServerScreen
net/minecraft/class_4205	net/minecraft/client/renderer/debug/GoalSelectorDebugRenderer
net/minecraft/class_4205$class_4206	net/minecraft/client/renderer/debug/GoalSelectorDebugRenderer$DebugGoal
net/minecraft/class_4207	net/minecraft/client/renderer/debug/BrainDebugRenderer
net/minecraft/class_4207$class_4232	net/minecraft/client/renderer/debug/BrainDebugRenderer$BrainDump
net/minecraft/class_4207$class_4233	net/minecraft/client/renderer/debug/BrainDebugRenderer$PoiInfo
net/minecraft/class_4208	net/minecraft/core/GlobalPos
net/minecraft/class_4209	net/minecraft/network/protocol/game/DebugPackets
net/minecraft/class_421	net/minecraft/client/gui/screens/ErrorScreen
net/minecraft/class_4210	net/minecraft/network/protocol/game/ServerboundChangeDifficultyPacket
net/minecraft/class_4211	net/minecraft/network/protocol/game/ServerboundLockDifficultyPacket
net/minecraft/class_4214	net/minecraft/world/entity/ai/behavior/WakeUp
net/minecraft/class_4215	net/minecraft/world/entity/ai/behavior/BehaviorUtils
net/minecraft/class_4217	net/minecraft/world/entity/ai/behavior/HarvestFarmland
net/minecraft/class_4218	net/minecraft/world/entity/ai/behavior/PlayTagWithOtherKids
net/minecraft/class_4219	net/minecraft/world/entity/ai/behavior/StrollToPoi
net/minecraft/class_422	net/minecraft/client/gui/screens/EditServerScreen
net/minecraft/class_4220	net/minecraft/world/entity/ai/behavior/StrollToPoiList
net/minecraft/class_4221	net/minecraft/world/entity/ai/sensing/SecondaryPoiSensor
net/minecraft/class_4224	com/mojang/blaze3d/audio/Channel
net/minecraft/class_4225	com/mojang/blaze3d/audio/Library
net/minecraft/class_4225$1	com/mojang/blaze3d/audio/Library$1
net/minecraft/class_4225$class_4105	com/mojang/blaze3d/audio/Library$Pool
net/minecraft/class_4225$class_4226	com/mojang/blaze3d/audio/Library$CountingChannelPool
net/minecraft/class_4225$class_4276	com/mojang/blaze3d/audio/Library$ChannelPool
net/minecraft/class_4227	com/mojang/blaze3d/audio/Listener
net/minecraft/class_4228	com/mojang/blaze3d/audio/OggAudioStream
net/minecraft/class_4228$class_4229	com/mojang/blaze3d/audio/OggAudioStream$OutputConcat
net/minecraft/class_423	net/minecraft/client/gui/screens/InBedChatScreen
net/minecraft/class_4230	com/mojang/blaze3d/audio/OpenAlUtil
net/minecraft/class_4231	com/mojang/blaze3d/audio/SoundBuffer
net/minecraft/class_4234	net/minecraft/client/sounds/AudioStream
net/minecraft/class_4235	net/minecraft/client/sounds/ChannelAccess
net/minecraft/class_4235$class_4236	net/minecraft/client/sounds/ChannelAccess$ChannelHandle
net/minecraft/class_4237	net/minecraft/client/sounds/SoundBufferLibrary
net/minecraft/class_4238	net/minecraft/client/sounds/SoundEngineExecutor
net/minecraft/class_4239	net/minecraft/FileUtil
net/minecraft/class_424	net/minecraft/client/gui/screens/GenericDirtMessageScreen
net/minecraft/class_4242	net/minecraft/world/entity/ai/behavior/CelebrateVillagersSurvivedRaid
net/minecraft/class_4243	net/minecraft/world/entity/ai/behavior/GiveGiftToHero
net/minecraft/class_4245	net/minecraft/world/entity/ai/behavior/JumpOnBed
net/minecraft/class_4246	net/minecraft/world/entity/ai/behavior/LocateHidingPlace
net/minecraft/class_4248	net/minecraft/world/entity/ai/behavior/MoveToSkySeeingSpot
net/minecraft/class_4249	net/minecraft/world/entity/ai/behavior/ReactToBell
net/minecraft/class_425	net/minecraft/client/gui/screens/LoadingOverlay
net/minecraft/class_425$class_4070	net/minecraft/client/gui/screens/LoadingOverlay$LogoTexture
net/minecraft/class_4250	net/minecraft/world/entity/ai/behavior/ResetRaidStatus
net/minecraft/class_4251	net/minecraft/world/entity/ai/behavior/RingBell
net/minecraft/class_4252	net/minecraft/world/entity/ai/behavior/SetHiddenState
net/minecraft/class_4253	net/minecraft/world/entity/ai/behavior/SetRaidStatus
net/minecraft/class_4255	net/minecraft/world/entity/ai/goal/OpenDoorGoal
net/minecraft/class_4256	net/minecraft/world/entity/ai/sensing/NearestBedSensor
net/minecraft/class_4257	net/minecraft/world/entity/ai/sensing/VillagerBabiesSensor
net/minecraft/class_426	net/minecraft/client/gui/screens/LanguageSelectScreen
net/minecraft/class_426$class_4195	net/minecraft/client/gui/screens/LanguageSelectScreen$LanguageSelectionList
net/minecraft/class_426$class_4195$class_4194	net/minecraft/client/gui/screens/LanguageSelectScreen$LanguageSelectionList$Entry
net/minecraft/class_4262	net/minecraft/world/level/block/AbstractGlassBlock
net/minecraft/class_4264	net/minecraft/client/gui/components/AbstractButton
net/minecraft/class_4265	net/minecraft/client/gui/components/ContainerObjectSelectionList
net/minecraft/class_4265$1	net/minecraft/client/gui/components/ContainerObjectSelectionList$1
net/minecraft/class_4265$class_4266	net/minecraft/client/gui/components/ContainerObjectSelectionList$Entry
net/minecraft/class_4267	net/minecraft/client/gui/screens/multiplayer/ServerSelectionList
net/minecraft/class_4267$class_4268	net/minecraft/client/gui/screens/multiplayer/ServerSelectionList$LANHeader
net/minecraft/class_4267$class_4269	net/minecraft/client/gui/screens/multiplayer/ServerSelectionList$NetworkServerEntry
net/minecraft/class_4267$class_4270	net/minecraft/client/gui/screens/multiplayer/ServerSelectionList$OnlineServerEntry
net/minecraft/class_4267$class_504	net/minecraft/client/gui/screens/multiplayer/ServerSelectionList$Entry
net/minecraft/class_4273	net/minecraft/network/protocol/game/ClientboundSetChunkCacheRadiusPacket
net/minecraft/class_4274	net/minecraft/world/entity/npc/CatSpawner
net/minecraft/class_4275	net/minecraft/world/level/block/BeaconBeamBlock
net/minecraft/class_4277	net/minecraft/client/resources/sounds/BubbleColumnAmbientSoundHandler
net/minecraft/class_4278	net/minecraft/world/level/levelgen/feature/FillLayerFeature
net/minecraft/class_4279	net/minecraft/world/level/levelgen/feature/configurations/LayerConfiguration
net/minecraft/class_428	net/minecraft/client/gui/screens/OutOfMemoryScreen
net/minecraft/class_4280	net/minecraft/client/gui/components/ObjectSelectionList
net/minecraft/class_4280$class_4281	net/minecraft/client/gui/components/ObjectSelectionList$Entry
net/minecraft/class_4282	net/minecraft/network/protocol/game/ClientboundSetChunkCacheCenterPacket
net/minecraft/class_4284	net/minecraft/util/datafix/DataFixTypes
net/minecraft/class_4285	net/minecraft/util/datafix/fixes/ReorganizePoi
net/minecraft/class_4286	net/minecraft/client/gui/components/Checkbox
net/minecraft/class_4288	net/minecraft/client/gui/screens/MouseSettingsScreen
net/minecraft/class_4289	net/minecraft/world/entity/ai/behavior/InsideBrownianWalk
net/minecraft/class_429	net/minecraft/client/gui/screens/OptionsScreen
net/minecraft/class_4290	net/minecraft/world/entity/ai/behavior/SetClosestHomeAsWalkTarget
net/minecraft/class_4291	net/minecraft/world/entity/ai/goal/MoveBackToVillageGoal
net/minecraft/class_4294	net/minecraft/util/datafix/fixes/OminousBannerRenameFix
net/minecraft/class_4295	net/minecraft/world/entity/ai/behavior/ResetProfession
net/minecraft/class_4296	net/minecraft/world/ticks/ProtoChunkTicks
net/minecraft/class_4299	net/minecraft/util/datafix/fixes/OminousBannerBlockEntityRenameFix
net/minecraft/class_430	net/minecraft/client/gui/screens/PresetFlatWorldScreen
net/minecraft/class_430$class_4196	net/minecraft/client/gui/screens/PresetFlatWorldScreen$PresetsList
net/minecraft/class_430$class_4196$class_432	net/minecraft/client/gui/screens/PresetFlatWorldScreen$PresetsList$Entry
net/minecraft/class_4300	net/minecraft/util/datafix/fixes/VillagerRebuildLevelAndXpFix
net/minecraft/class_4301	net/minecraft/util/datafix/fixes/ZombieVillagerRebuildXpFix
net/minecraft/class_4304	net/minecraft/client/renderer/debug/RaidDebugRenderer
net/minecraft/class_4307	net/minecraft/world/entity/ai/sensing/GolemSensor
net/minecraft/class_4309	net/minecraft/server/packs/resources/SimpleJsonResourceReloadListener
net/minecraft/class_4317	net/minecraft/world/item/crafting/RepairItemRecipe
net/minecraft/class_4324	com/mojang/realmsclient/KeyCombo
net/minecraft/class_4325	com/mojang/realmsclient/RealmsMainScreen
net/minecraft/class_4325$1	com/mojang/realmsclient/RealmsMainScreen$1
net/minecraft/class_4325$2	com/mojang/realmsclient/RealmsMainScreen$2
net/minecraft/class_4325$3	com/mojang/realmsclient/RealmsMainScreen$3
net/minecraft/class_4325$4	com/mojang/realmsclient/RealmsMainScreen$4
net/minecraft/class_4325$5	com/mojang/realmsclient/RealmsMainScreen$5
net/minecraft/class_4325$class_4326	com/mojang/realmsclient/RealmsMainScreen$CloseButton
net/minecraft/class_4325$class_4327	com/mojang/realmsclient/RealmsMainScreen$NewsButton
net/minecraft/class_4325$class_4328	com/mojang/realmsclient/RealmsMainScreen$PendingInvitesButton
net/minecraft/class_4325$class_4329	com/mojang/realmsclient/RealmsMainScreen$RealmSelectionList
net/minecraft/class_4325$class_4330	com/mojang/realmsclient/RealmsMainScreen$ServerEntry
net/minecraft/class_4325$class_4331	com/mojang/realmsclient/RealmsMainScreen$TrialEntry
net/minecraft/class_4325$class_4866	com/mojang/realmsclient/RealmsMainScreen$Entry
net/minecraft/class_4325$class_8200	com/mojang/realmsclient/RealmsMainScreen$ButtonEntry
net/minecraft/class_4325$class_8201	com/mojang/realmsclient/RealmsMainScreen$CrossButton
net/minecraft/class_4325$class_8202	com/mojang/realmsclient/RealmsMainScreen$NotificationMessageEntry
net/minecraft/class_4325$class_8203	com/mojang/realmsclient/RealmsMainScreen$RealmsCall
net/minecraft/class_433	net/minecraft/client/gui/screens/PauseScreen
net/minecraft/class_4333	com/mojang/realmsclient/client/FileDownload
net/minecraft/class_4333$class_4334	com/mojang/realmsclient/client/FileDownload$DownloadCountingOutputStream
net/minecraft/class_4333$class_4335	com/mojang/realmsclient/client/FileDownload$ProgressListener
net/minecraft/class_4333$class_4336	com/mojang/realmsclient/client/FileDownload$ResourcePackProgressListener
net/minecraft/class_4337	com/mojang/realmsclient/client/FileUpload
net/minecraft/class_4337$class_4338	com/mojang/realmsclient/client/FileUpload$CustomInputStreamEntity
net/minecraft/class_4339	com/mojang/realmsclient/client/Ping
net/minecraft/class_4339$class_4340	com/mojang/realmsclient/client/Ping$Region
net/minecraft/class_434	net/minecraft/client/gui/screens/ReceivingLevelScreen
net/minecraft/class_4341	com/mojang/realmsclient/client/RealmsClient
net/minecraft/class_4341$class_4342	com/mojang/realmsclient/client/RealmsClient$CompatibleVersionResponse
net/minecraft/class_4341$class_4343	com/mojang/realmsclient/client/RealmsClient$Environment
net/minecraft/class_4344	com/mojang/realmsclient/client/RealmsClientConfig
net/minecraft/class_4345	com/mojang/realmsclient/client/RealmsError
net/minecraft/class_4346	com/mojang/realmsclient/client/Request
net/minecraft/class_4346$class_4347	com/mojang/realmsclient/client/Request$Delete
net/minecraft/class_4346$class_4348	com/mojang/realmsclient/client/Request$Get
net/minecraft/class_4346$class_4349	com/mojang/realmsclient/client/Request$Post
net/minecraft/class_4346$class_4350	com/mojang/realmsclient/client/Request$Put
net/minecraft/class_435	net/minecraft/client/gui/screens/ProgressScreen
net/minecraft/class_4351	com/mojang/realmsclient/client/UploadStatus
net/minecraft/class_4352	com/mojang/realmsclient/dto/ValueObject
net/minecraft/class_4353	com/mojang/realmsclient/exception/RealmsDefaultUncaughtExceptionHandler
net/minecraft/class_4354	com/mojang/realmsclient/exception/RealmsHttpException
net/minecraft/class_4355	com/mojang/realmsclient/exception/RealmsServiceException
net/minecraft/class_4356	com/mojang/realmsclient/exception/RetryCallException
net/minecraft/class_4358	com/mojang/realmsclient/util/task/LongRunningTask
net/minecraft/class_436	net/minecraft/client/gui/screens/ShareToLanScreen
net/minecraft/class_4367	com/mojang/realmsclient/gui/RealmsWorldSlotButton
net/minecraft/class_4367$class_4368	com/mojang/realmsclient/gui/RealmsWorldSlotButton$Action
net/minecraft/class_4367$class_4370	com/mojang/realmsclient/gui/RealmsWorldSlotButton$State
net/minecraft/class_437	net/minecraft/client/gui/screens/Screen
net/minecraft/class_437$class_6390	net/minecraft/client/gui/screens/Screen$NarratableSearchResult
net/minecraft/class_437$class_7998	net/minecraft/client/gui/screens/Screen$DeferredTooltipRendering
net/minecraft/class_4371	com/mojang/realmsclient/gui/RowButton
net/minecraft/class_4379	com/mojang/realmsclient/gui/screens/RealmsBackupInfoScreen
net/minecraft/class_4379$class_4380	com/mojang/realmsclient/gui/screens/RealmsBackupInfoScreen$BackupInfoList
net/minecraft/class_4379$class_5344	com/mojang/realmsclient/gui/screens/RealmsBackupInfoScreen$BackupInfoListEntry
net/minecraft/class_4381	com/mojang/realmsclient/gui/screens/RealmsBackupScreen
net/minecraft/class_4381$1	com/mojang/realmsclient/gui/screens/RealmsBackupScreen$1
net/minecraft/class_4381$class_4382	com/mojang/realmsclient/gui/screens/RealmsBackupScreen$BackupObjectSelectionList
net/minecraft/class_4381$class_4383	com/mojang/realmsclient/gui/screens/RealmsBackupScreen$Entry
net/minecraft/class_4384	com/mojang/realmsclient/gui/screens/RealmsBrokenWorldScreen
net/minecraft/class_4387	com/mojang/realmsclient/gui/screens/RealmsClientOutdatedScreen
net/minecraft/class_4388	com/mojang/realmsclient/gui/screens/RealmsConfigureWorldScreen
net/minecraft/class_4388$1	com/mojang/realmsclient/gui/screens/RealmsConfigureWorldScreen$1
net/minecraft/class_4389	com/mojang/realmsclient/gui/screens/RealmsConfirmScreen
net/minecraft/class_4390	com/mojang/realmsclient/gui/screens/RealmsCreateRealmScreen
net/minecraft/class_4392	com/mojang/realmsclient/gui/screens/RealmsDownloadLatestWorldScreen
net/minecraft/class_4392$class_4393	com/mojang/realmsclient/gui/screens/RealmsDownloadLatestWorldScreen$DownloadStatus
net/minecraft/class_4394	com/mojang/realmsclient/gui/screens/RealmsGenericErrorScreen
net/minecraft/class_4394$class_8570	com/mojang/realmsclient/gui/screens/RealmsGenericErrorScreen$ErrorMessage
net/minecraft/class_4395	com/mojang/realmsclient/gui/screens/RealmsInviteScreen
net/minecraft/class_4396	com/mojang/realmsclient/gui/screens/RealmsLongConfirmationScreen
net/minecraft/class_4396$class_4397	com/mojang/realmsclient/gui/screens/RealmsLongConfirmationScreen$Type
net/minecraft/class_4398	com/mojang/realmsclient/gui/screens/RealmsLongRunningMcoTaskScreen
net/minecraft/class_4399	com/mojang/realmsclient/gui/screens/RealmsNotificationsScreen
net/minecraft/class_4399$1	com/mojang/realmsclient/gui/screens/RealmsNotificationsScreen$1
net/minecraft/class_4399$2	com/mojang/realmsclient/gui/screens/RealmsNotificationsScreen$2
net/minecraft/class_4399$3	com/mojang/realmsclient/gui/screens/RealmsNotificationsScreen$3
net/minecraft/class_4399$class_8207	com/mojang/realmsclient/gui/screens/RealmsNotificationsScreen$DataFetcherConfiguration
net/minecraft/class_44	net/minecraft/world/level/storage/loot/providers/number/ConstantValue
net/minecraft/class_44$class_5655	net/minecraft/world/level/storage/loot/providers/number/ConstantValue$InlineSerializer
net/minecraft/class_44$class_5656	net/minecraft/world/level/storage/loot/providers/number/ConstantValue$Serializer
net/minecraft/class_440	net/minecraft/client/gui/screens/SkinCustomizationScreen
net/minecraft/class_4400	com/mojang/realmsclient/gui/screens/RealmsParentalConsentScreen
net/minecraft/class_4401	com/mojang/realmsclient/gui/screens/RealmsPendingInvitesScreen
net/minecraft/class_4401$1	com/mojang/realmsclient/gui/screens/RealmsPendingInvitesScreen$1
net/minecraft/class_4401$2	com/mojang/realmsclient/gui/screens/RealmsPendingInvitesScreen$2
net/minecraft/class_4401$3	com/mojang/realmsclient/gui/screens/RealmsPendingInvitesScreen$3
net/minecraft/class_4401$class_4402	com/mojang/realmsclient/gui/screens/RealmsPendingInvitesScreen$PendingInvitationSelectionList
net/minecraft/class_4401$class_4403	com/mojang/realmsclient/gui/screens/RealmsPendingInvitesScreen$Entry
net/minecraft/class_4401$class_4403$class_4404	com/mojang/realmsclient/gui/screens/RealmsPendingInvitesScreen$Entry$AcceptRowButton
net/minecraft/class_4401$class_4403$class_4405	com/mojang/realmsclient/gui/screens/RealmsPendingInvitesScreen$Entry$RejectRowButton
net/minecraft/class_4406	com/mojang/realmsclient/gui/screens/RealmsPlayerScreen
net/minecraft/class_4406$class_4407	com/mojang/realmsclient/gui/screens/RealmsPlayerScreen$InvitedObjectSelectionList
net/minecraft/class_4406$class_4408	com/mojang/realmsclient/gui/screens/RealmsPlayerScreen$Entry
net/minecraft/class_4409	com/mojang/realmsclient/gui/screens/RealmsResetNormalWorldScreen
net/minecraft/class_4410	com/mojang/realmsclient/gui/screens/RealmsResetWorldScreen
net/minecraft/class_4410$1	com/mojang/realmsclient/gui/screens/RealmsResetWorldScreen$1
net/minecraft/class_4410$class_4411	com/mojang/realmsclient/gui/screens/RealmsResetWorldScreen$FrameButton
net/minecraft/class_4413	com/mojang/realmsclient/util/WorldGenerationInfo
net/minecraft/class_4416	com/mojang/realmsclient/gui/screens/RealmsSelectFileToUploadScreen
net/minecraft/class_4416$class_4417	com/mojang/realmsclient/gui/screens/RealmsSelectFileToUploadScreen$Entry
net/minecraft/class_4416$class_4418	com/mojang/realmsclient/gui/screens/RealmsSelectFileToUploadScreen$WorldSelectionList
net/minecraft/class_4419	com/mojang/realmsclient/gui/screens/RealmsSelectWorldTemplateScreen
net/minecraft/class_4419$1	com/mojang/realmsclient/gui/screens/RealmsSelectWorldTemplateScreen$1
net/minecraft/class_4419$class_4420	com/mojang/realmsclient/gui/screens/RealmsSelectWorldTemplateScreen$WorldTemplateObjectSelectionList
net/minecraft/class_4419$class_4421	com/mojang/realmsclient/gui/screens/RealmsSelectWorldTemplateScreen$Entry
net/minecraft/class_442	net/minecraft/client/gui/screens/TitleScreen
net/minecraft/class_442$class_7063	net/minecraft/client/gui/screens/TitleScreen$WarningLabel
net/minecraft/class_4422	com/mojang/realmsclient/gui/screens/RealmsSettingsScreen
net/minecraft/class_4423	com/mojang/realmsclient/gui/screens/RealmsSlotOptionsScreen
net/minecraft/class_4423$class_4424	com/mojang/realmsclient/gui/screens/RealmsSlotOptionsScreen$SettingsSlider
net/minecraft/class_4425	com/mojang/realmsclient/gui/screens/RealmsSubscriptionInfoScreen
net/minecraft/class_4425$1	com/mojang/realmsclient/gui/screens/RealmsSubscriptionInfoScreen$1
net/minecraft/class_4426	com/mojang/realmsclient/gui/screens/RealmsTermsScreen
net/minecraft/class_4427	com/mojang/realmsclient/gui/screens/RealmsUploadScreen
net/minecraft/class_4428	com/mojang/realmsclient/Unit
net/minecraft/class_4429	com/mojang/realmsclient/gui/screens/UploadResult
net/minecraft/class_4429$class_4430	com/mojang/realmsclient/gui/screens/UploadResult$Builder
net/minecraft/class_443	net/minecraft/client/gui/screens/SoundOptionsScreen
net/minecraft/class_4431	com/mojang/realmsclient/util/JsonUtils
net/minecraft/class_4432	com/mojang/realmsclient/util/RealmsPersistence
net/minecraft/class_4432$class_4433	com/mojang/realmsclient/util/RealmsPersistence$RealmsPersistenceData
net/minecraft/class_4435	com/mojang/realmsclient/util/task/CloseServerTask
net/minecraft/class_4436	com/mojang/realmsclient/util/task/DownloadTask
net/minecraft/class_4437	com/mojang/realmsclient/util/task/OpenServerTask
net/minecraft/class_4438	com/mojang/realmsclient/util/task/ConnectTask
net/minecraft/class_4439	com/mojang/realmsclient/util/task/GetServerDetailsTask
net/minecraft/class_4440	com/mojang/realmsclient/util/task/ResettingWorldTask
net/minecraft/class_4441	com/mojang/realmsclient/util/task/RestoreTask
net/minecraft/class_4442	com/mojang/realmsclient/util/task/SwitchMinigameTask
net/minecraft/class_4443	com/mojang/realmsclient/util/task/SwitchSlotTask
net/minecraft/class_4445	com/mojang/realmsclient/util/task/WorldCreationTask
net/minecraft/class_4446	com/mojang/realmsclient/util/RealmsTextureManager
net/minecraft/class_4446$class_4447	com/mojang/realmsclient/util/RealmsTextureManager$RealmsTexture
net/minecraft/class_4448	com/mojang/realmsclient/util/RealmsUtil
net/minecraft/class_4448$1	com/mojang/realmsclient/util/RealmsUtil$1
net/minecraft/class_445	net/minecraft/client/gui/screens/WinScreen
net/minecraft/class_445$class_6824	net/minecraft/client/gui/screens/WinScreen$CreditsReader
net/minecraft/class_4450	com/mojang/realmsclient/util/TextRenderingUtils
net/minecraft/class_4450$class_4451	com/mojang/realmsclient/util/TextRenderingUtils$Line
net/minecraft/class_4450$class_4452	com/mojang/realmsclient/util/TextRenderingUtils$LineSegment
net/minecraft/class_4453	com/mojang/realmsclient/util/UploadTokenCache
net/minecraft/class_4456	net/minecraft/util/CsvOutput
net/minecraft/class_4456$class_4457	net/minecraft/util/CsvOutput$Builder
net/minecraft/class_4458	net/minecraft/world/entity/ai/behavior/GoToClosestVillage
net/minecraft/class_4459	net/minecraft/world/level/pathfinder/Target
net/minecraft/class_446	net/minecraft/client/gui/screens/VideoSettingsScreen
net/minecraft/class_4461	net/minecraft/commands/synchronization/brigadier/LongArgumentInfo
net/minecraft/class_4461$class_7223	net/minecraft/commands/synchronization/brigadier/LongArgumentInfo$Template
net/minecraft/class_4463	net/minecraft/network/protocol/game/ClientboundBlockChangedAckPacket
net/minecraft/class_4465	net/minecraft/util/datafix/schemas/V2100
net/minecraft/class_4466	net/minecraft/world/entity/animal/Bee
net/minecraft/class_4466$1	net/minecraft/world/entity/animal/Bee$1
net/minecraft/class_4466$class_4467	net/minecraft/world/entity/animal/Bee$BaseBeeGoal
net/minecraft/class_4466$class_4468	net/minecraft/world/entity/animal/Bee$BeeAttackGoal
net/minecraft/class_4466$class_4469	net/minecraft/world/entity/animal/Bee$BeeBecomeAngryTargetGoal
net/minecraft/class_4466$class_4470	net/minecraft/world/entity/animal/Bee$BeeEnterHiveGoal
net/minecraft/class_4466$class_4472	net/minecraft/world/entity/animal/Bee$BeeGoToHiveGoal
net/minecraft/class_4466$class_4473	net/minecraft/world/entity/animal/Bee$BeeGoToKnownFlowerGoal
net/minecraft/class_4466$class_4474	net/minecraft/world/entity/animal/Bee$BeeGrowCropGoal
net/minecraft/class_4466$class_4475	net/minecraft/world/entity/animal/Bee$BeeHurtByOtherGoal
net/minecraft/class_4466$class_4476	net/minecraft/world/entity/animal/Bee$BeeLocateHiveGoal
net/minecraft/class_4466$class_4477	net/minecraft/world/entity/animal/Bee$BeeLookControl
net/minecraft/class_4466$class_4478	net/minecraft/world/entity/animal/Bee$BeePollinateGoal
net/minecraft/class_4466$class_4479	net/minecraft/world/entity/animal/Bee$BeeWanderGoal
net/minecraft/class_447	net/minecraft/client/gui/screens/achievement/StatsScreen
net/minecraft/class_447$class_4198	net/minecraft/client/gui/screens/achievement/StatsScreen$GeneralStatisticsList
net/minecraft/class_447$class_4198$class_4197	net/minecraft/client/gui/screens/achievement/StatsScreen$GeneralStatisticsList$Entry
net/minecraft/class_447$class_4200	net/minecraft/client/gui/screens/achievement/StatsScreen$ItemStatisticsList
net/minecraft/class_447$class_4200$class_4199	net/minecraft/client/gui/screens/achievement/StatsScreen$ItemStatisticsList$ItemRow
net/minecraft/class_447$class_4200$class_450	net/minecraft/client/gui/screens/achievement/StatsScreen$ItemStatisticsList$ItemRowComparator
net/minecraft/class_447$class_4202	net/minecraft/client/gui/screens/achievement/StatsScreen$MobsStatisticsList
net/minecraft/class_447$class_4202$class_4201	net/minecraft/client/gui/screens/achievement/StatsScreen$MobsStatisticsList$MobRow
net/minecraft/class_4480	net/minecraft/world/item/HoneyBottleItem
net/minecraft/class_4481	net/minecraft/world/level/block/BeehiveBlock
net/minecraft/class_4482	net/minecraft/world/level/block/entity/BeehiveBlockEntity
net/minecraft/class_4482$class_4483	net/minecraft/world/level/block/entity/BeehiveBlockEntity$BeeData
net/minecraft/class_4482$class_4484	net/minecraft/world/level/block/entity/BeehiveBlockEntity$BeeReleaseStatus
net/minecraft/class_4485	net/minecraft/world/level/chunk/storage/RegionBitmap
net/minecraft/class_4486	net/minecraft/world/level/chunk/storage/RegionFileVersion
net/minecraft/class_4486$class_4487	net/minecraft/world/level/chunk/storage/RegionFileVersion$StreamWrapper
net/minecraft/class_4488	net/minecraft/world/level/storage/loot/functions/CopyBlockState
net/minecraft/class_4488$class_4489	net/minecraft/world/level/storage/loot/functions/CopyBlockState$Builder
net/minecraft/class_4488$class_4490	net/minecraft/world/level/storage/loot/functions/CopyBlockState$Serializer
net/minecraft/class_4491	com/mojang/blaze3d/pipeline/RenderPipeline
net/minecraft/class_4494	com/mojang/blaze3d/platform/GlUtil
net/minecraft/class_4495	net/minecraft/client/model/BeeModel
net/minecraft/class_4496	net/minecraft/client/model/ModelUtils
net/minecraft/class_4503	net/minecraft/client/renderer/debug/GameTestDebugRenderer
net/minecraft/class_4503$class_4504	net/minecraft/client/renderer/debug/GameTestDebugRenderer$Marker
net/minecraft/class_4505	net/minecraft/client/renderer/entity/BeeRenderer
net/minecraft/class_4506	net/minecraft/client/renderer/entity/layers/BeeStingerLayer
net/minecraft/class_4507	net/minecraft/client/renderer/entity/layers/StuckInBodyLayer
net/minecraft/class_4508	net/minecraft/client/resources/sounds/BeeAggressiveSoundInstance
net/minecraft/class_4509	net/minecraft/client/resources/sounds/BeeFlyingSoundInstance
net/minecraft/class_4510	net/minecraft/client/resources/sounds/BeeSoundInstance
net/minecraft/class_4512	net/minecraft/gametest/framework/GameTestAssertException
net/minecraft/class_4513	net/minecraft/gametest/framework/GameTestAssertPosException
net/minecraft/class_4514	net/minecraft/gametest/framework/GameTestBatch
net/minecraft/class_4515	net/minecraft/gametest/framework/GameTestBatchRunner
net/minecraft/class_4515$1	net/minecraft/gametest/framework/GameTestBatchRunner$1
net/minecraft/class_4516	net/minecraft/gametest/framework/GameTestHelper
net/minecraft/class_4516$1	net/minecraft/gametest/framework/GameTestHelper$1
net/minecraft/class_4516$2	net/minecraft/gametest/framework/GameTestHelper$2
net/minecraft/class_4516$3	net/minecraft/gametest/framework/GameTestHelper$3
net/minecraft/class_4517	net/minecraft/gametest/framework/GameTestInfo
net/minecraft/class_4518	net/minecraft/gametest/framework/GameTestListener
net/minecraft/class_4519	net/minecraft/gametest/framework/GameTestRegistry
net/minecraft/class_452	net/minecraft/client/gui/screens/achievement/StatsUpdateListener
net/minecraft/class_4520	net/minecraft/gametest/framework/GameTestRunner
net/minecraft/class_4521	net/minecraft/gametest/framework/GameTestTicker
net/minecraft/class_4522	net/minecraft/gametest/framework/GameTestTimeoutException
net/minecraft/class_4523	net/minecraft/gametest/framework/LogTestReporter
net/minecraft/class_4524	net/minecraft/gametest/framework/MultipleTestTracker
net/minecraft/class_4524$1	net/minecraft/gametest/framework/MultipleTestTracker$1
net/minecraft/class_4525	net/minecraft/gametest/framework/StructureUtils
net/minecraft/class_4525$1	net/minecraft/gametest/framework/StructureUtils$1
net/minecraft/class_4526	net/minecraft/gametest/framework/TestClassNameArgument
net/minecraft/class_4527	net/minecraft/gametest/framework/TestCommand
net/minecraft/class_4527$class_4528	net/minecraft/gametest/framework/TestCommand$TestSummaryDisplayer
net/minecraft/class_4529	net/minecraft/gametest/framework/TestFunction
net/minecraft/class_453	net/minecraft/client/gui/screens/advancements/AdvancementTabType
net/minecraft/class_453$1	net/minecraft/client/gui/screens/advancements/AdvancementTabType$1
net/minecraft/class_4530	net/minecraft/gametest/framework/TestFunctionArgument
net/minecraft/class_4531	net/minecraft/gametest/framework/TestReporter
net/minecraft/class_4537	net/minecraft/world/item/ThrowablePotionItem
net/minecraft/class_4538	net/minecraft/world/level/LevelReader
net/minecraft/class_454	net/minecraft/client/gui/screens/advancements/AdvancementTab
net/minecraft/class_4540	net/minecraft/util/LinearCongruentialGenerator
net/minecraft/class_4541	net/minecraft/util/datafix/fixes/ChunkBiomeFix
net/minecraft/class_4543	net/minecraft/world/level/biome/BiomeManager
net/minecraft/class_4543$class_4544	net/minecraft/world/level/biome/BiomeManager$NoiseBiomeSource
net/minecraft/class_455	net/minecraft/client/gui/screens/advancements/AdvancementWidgetType
net/minecraft/class_4550	net/minecraft/advancements/critereon/BlockPredicate
net/minecraft/class_4550$class_4710	net/minecraft/advancements/critereon/BlockPredicate$Builder
net/minecraft/class_4551	net/minecraft/advancements/critereon/FluidPredicate
net/minecraft/class_4551$class_6079	net/minecraft/advancements/critereon/FluidPredicate$Builder
net/minecraft/class_4552	net/minecraft/advancements/critereon/LightPredicate
net/minecraft/class_4552$class_6087	net/minecraft/advancements/critereon/LightPredicate$Builder
net/minecraft/class_4553	net/minecraft/advancements/critereon/PlayerPredicate
net/minecraft/class_4553$class_4554	net/minecraft/advancements/critereon/PlayerPredicate$AdvancementCriterionsPredicate
net/minecraft/class_4553$class_4555	net/minecraft/advancements/critereon/PlayerPredicate$AdvancementDonePredicate
net/minecraft/class_4553$class_4556	net/minecraft/advancements/critereon/PlayerPredicate$AdvancementPredicate
net/minecraft/class_4553$class_4557	net/minecraft/advancements/critereon/PlayerPredicate$Builder
net/minecraft/class_4558	net/minecraft/advancements/critereon/SimpleCriterionTrigger
net/minecraft/class_4559	net/minecraft/advancements/critereon/StatePropertiesPredicate
net/minecraft/class_4559$class_4560	net/minecraft/advancements/critereon/StatePropertiesPredicate$Builder
net/minecraft/class_4559$class_4561	net/minecraft/advancements/critereon/StatePropertiesPredicate$ExactPropertyMatcher
net/minecraft/class_4559$class_4562	net/minecraft/advancements/critereon/StatePropertiesPredicate$PropertyMatcher
net/minecraft/class_4559$class_4563	net/minecraft/advancements/critereon/StatePropertiesPredicate$RangedPropertyMatcher
net/minecraft/class_456	net/minecraft/client/gui/screens/advancements/AdvancementWidget
net/minecraft/class_4565	net/minecraft/world/level/storage/CommandStorage
net/minecraft/class_4565$class_4566	net/minecraft/world/level/storage/CommandStorage$Container
net/minecraft/class_4568	net/minecraft/world/level/storage/loot/predicates/ConditionReference
net/minecraft/class_4568$class_4569	net/minecraft/world/level/storage/loot/predicates/ConditionReference$Serializer
net/minecraft/class_457	net/minecraft/client/gui/screens/advancements/AdvancementsScreen
net/minecraft/class_4571	net/minecraft/world/level/storage/loot/predicates/TimeCheck
net/minecraft/class_4571$class_4572	net/minecraft/world/level/storage/loot/predicates/TimeCheck$Serializer
net/minecraft/class_4571$class_6164	net/minecraft/world/level/storage/loot/predicates/TimeCheck$Builder
net/minecraft/class_4573	com/mojang/blaze3d/pipeline/RenderCall
net/minecraft/class_458	net/minecraft/client/gui/screens/controls/ControlsScreen
net/minecraft/class_4580	net/minecraft/server/commands/data/StorageDataAccessor
net/minecraft/class_4580$1	net/minecraft/server/commands/data/StorageDataAccessor$1
net/minecraft/class_4582	net/minecraft/world/entity/PowerableMob
net/minecraft/class_4583	com/mojang/blaze3d/vertex/SheetedDecalTextureGenerator
net/minecraft/class_4584	com/mojang/blaze3d/vertex/BufferVertexConsumer
net/minecraft/class_4585	com/mojang/blaze3d/vertex/DefaultedVertexConsumer
net/minecraft/class_4587	com/mojang/blaze3d/vertex/PoseStack
net/minecraft/class_4587$class_4665	com/mojang/blaze3d/vertex/PoseStack$Pose
net/minecraft/class_4588	com/mojang/blaze3d/vertex/VertexConsumer
net/minecraft/class_459	net/minecraft/client/gui/screens/controls/KeyBindsList
net/minecraft/class_459$class_460	net/minecraft/client/gui/screens/controls/KeyBindsList$CategoryEntry
net/minecraft/class_459$class_460$1	net/minecraft/client/gui/screens/controls/KeyBindsList$CategoryEntry$1
net/minecraft/class_459$class_461	net/minecraft/client/gui/screens/controls/KeyBindsList$Entry
net/minecraft/class_459$class_462	net/minecraft/client/gui/screens/controls/KeyBindsList$KeyEntry
net/minecraft/class_4590	com/mojang/math/Transformation
net/minecraft/class_4592	net/minecraft/client/model/AgeableListModel
net/minecraft/class_4593	net/minecraft/client/model/ColorableAgeableListModel
net/minecraft/class_4594	net/minecraft/client/model/ColorableHierarchicalModel
net/minecraft/class_4595	net/minecraft/client/model/ListModel
net/minecraft/class_4597	net/minecraft/client/renderer/MultiBufferSource
net/minecraft/class_4597$class_4598	net/minecraft/client/renderer/MultiBufferSource$BufferSource
net/minecraft/class_4599	net/minecraft/client/renderer/RenderBuffers
net/minecraft/class_46	net/minecraft/world/level/storage/loot/LootContextUser
net/minecraft/class_4603	net/minecraft/client/renderer/ScreenEffectRenderer
net/minecraft/class_4604	net/minecraft/client/renderer/culling/Frustum
net/minecraft/class_4606	net/minecraft/client/renderer/entity/layers/EyesLayer
net/minecraft/class_4607	net/minecraft/client/renderer/entity/layers/EnergySwirlLayer
net/minecraft/class_4608	net/minecraft/client/renderer/texture/OverlayTexture
net/minecraft/class_4609	net/minecraft/core/BlockMath
net/minecraft/class_4614	net/minecraft/nbt/TagType
net/minecraft/class_4614$1	net/minecraft/nbt/TagType$1
net/minecraft/class_4614$2	net/minecraft/nbt/TagType$2
net/minecraft/class_4614$class_6839	net/minecraft/nbt/TagType$StaticSize
net/minecraft/class_4614$class_6840	net/minecraft/nbt/TagType$VariableSize
net/minecraft/class_4615	net/minecraft/nbt/TagTypes
net/minecraft/class_4616	net/minecraft/network/chat/contents/StorageDataSource
net/minecraft/class_4617	net/minecraft/network/protocol/game/DebugEntityNameGenerator
net/minecraft/class_4618	net/minecraft/client/renderer/OutlineBufferSource
net/minecraft/class_4618$class_4586	net/minecraft/client/renderer/OutlineBufferSource$EntityOutlineGenerator
net/minecraft/class_4620	net/minecraft/util/datafix/fixes/AbstractPoiSectionFix
net/minecraft/class_4622	net/minecraft/world/level/block/HoneyBlock
net/minecraft/class_4623	net/minecraft/world/level/block/piston/PistonMath
net/minecraft/class_4623$1	net/minecraft/world/level/block/piston/PistonMath$1
net/minecraft/class_4625	net/minecraft/world/level/levelgen/feature/AbstractHugeMushroomFeature
net/minecraft/class_4628	net/minecraft/world/level/levelgen/feature/RandomPatchFeature
net/minecraft/class_463	net/minecraft/client/gui/screens/inventory/AbstractCommandBlockEditScreen
net/minecraft/class_463$1	net/minecraft/client/gui/screens/inventory/AbstractCommandBlockEditScreen$1
net/minecraft/class_4634	net/minecraft/world/level/levelgen/feature/configurations/BlockPileConfiguration
net/minecraft/class_4635	net/minecraft/world/level/levelgen/feature/configurations/HugeMushroomFeatureConfiguration
net/minecraft/class_4638	net/minecraft/world/level/levelgen/feature/configurations/RandomPatchConfiguration
net/minecraft/class_4642	net/minecraft/world/level/levelgen/feature/configurations/SpringConfiguration
net/minecraft/class_4643	net/minecraft/world/level/levelgen/feature/configurations/TreeConfiguration
net/minecraft/class_4643$class_4644	net/minecraft/world/level/levelgen/feature/configurations/TreeConfiguration$TreeConfigurationBuilder
net/minecraft/class_4645	net/minecraft/world/level/levelgen/feature/foliageplacers/AcaciaFoliagePlacer
net/minecraft/class_4646	net/minecraft/world/level/levelgen/feature/foliageplacers/BlobFoliagePlacer
net/minecraft/class_4647	net/minecraft/world/level/levelgen/feature/foliageplacers/FoliagePlacer
net/minecraft/class_4647$class_5208	net/minecraft/world/level/levelgen/feature/foliageplacers/FoliagePlacer$FoliageAttachment
net/minecraft/class_4647$class_8179	net/minecraft/world/level/levelgen/feature/foliageplacers/FoliagePlacer$FoliageSetter
net/minecraft/class_4648	net/minecraft/world/level/levelgen/feature/foliageplacers/FoliagePlacerType
net/minecraft/class_4649	net/minecraft/world/level/levelgen/feature/foliageplacers/PineFoliagePlacer
net/minecraft/class_465	net/minecraft/client/gui/screens/inventory/AbstractContainerScreen
net/minecraft/class_4650	net/minecraft/world/level/levelgen/feature/foliageplacers/SpruceFoliagePlacer
net/minecraft/class_4651	net/minecraft/world/level/levelgen/feature/stateproviders/BlockStateProvider
net/minecraft/class_4652	net/minecraft/world/level/levelgen/feature/stateproviders/BlockStateProviderType
net/minecraft/class_4655	net/minecraft/world/level/levelgen/feature/stateproviders/RotatedBlockProvider
net/minecraft/class_4656	net/minecraft/world/level/levelgen/feature/stateproviders/SimpleStateProvider
net/minecraft/class_4657	net/minecraft/world/level/levelgen/feature/stateproviders/WeightedStateProvider
net/minecraft/class_4658	net/minecraft/world/level/levelgen/feature/treedecorators/AlterGroundDecorator
net/minecraft/class_4659	net/minecraft/world/level/levelgen/feature/treedecorators/BeehiveDecorator
net/minecraft/class_466	net/minecraft/client/gui/screens/inventory/BeaconScreen
net/minecraft/class_466$1	net/minecraft/client/gui/screens/inventory/BeaconScreen$1
net/minecraft/class_466$class_4072	net/minecraft/client/gui/screens/inventory/BeaconScreen$BeaconSpriteScreenButton
net/minecraft/class_466$class_467	net/minecraft/client/gui/screens/inventory/BeaconScreen$BeaconCancelButton
net/minecraft/class_466$class_468	net/minecraft/client/gui/screens/inventory/BeaconScreen$BeaconConfirmButton
net/minecraft/class_466$class_469	net/minecraft/client/gui/screens/inventory/BeaconScreen$BeaconPowerButton
net/minecraft/class_466$class_470	net/minecraft/client/gui/screens/inventory/BeaconScreen$BeaconScreenButton
net/minecraft/class_466$class_6392	net/minecraft/client/gui/screens/inventory/BeaconScreen$BeaconButton
net/minecraft/class_466$class_6393	net/minecraft/client/gui/screens/inventory/BeaconScreen$BeaconUpgradePowerButton
net/minecraft/class_4660	net/minecraft/world/level/levelgen/feature/treedecorators/CocoaDecorator
net/minecraft/class_4661	net/minecraft/world/level/levelgen/feature/treedecorators/LeaveVineDecorator
net/minecraft/class_4662	net/minecraft/world/level/levelgen/feature/treedecorators/TreeDecorator
net/minecraft/class_4662$class_7402	net/minecraft/world/level/levelgen/feature/treedecorators/TreeDecorator$Context
net/minecraft/class_4663	net/minecraft/world/level/levelgen/feature/treedecorators/TreeDecoratorType
net/minecraft/class_4664	net/minecraft/world/level/levelgen/feature/treedecorators/TrunkVineDecorator
net/minecraft/class_4666	net/minecraft/client/ToggleKeyMapping
net/minecraft/class_4667	net/minecraft/client/gui/screens/OptionsSubScreen
net/minecraft/class_4668	net/minecraft/client/renderer/RenderStateShard
net/minecraft/class_4668$class_4670	net/minecraft/client/renderer/RenderStateShard$BooleanStateShard
net/minecraft/class_4668$class_4671	net/minecraft/client/renderer/RenderStateShard$CullStateShard
net/minecraft/class_4668$class_4672	net/minecraft/client/renderer/RenderStateShard$DepthTestStateShard
net/minecraft/class_4668$class_4675	net/minecraft/client/renderer/RenderStateShard$LayeringStateShard
net/minecraft/class_4668$class_4676	net/minecraft/client/renderer/RenderStateShard$LightmapStateShard
net/minecraft/class_4668$class_4677	net/minecraft/client/renderer/RenderStateShard$LineStateShard
net/minecraft/class_4668$class_4678	net/minecraft/client/renderer/RenderStateShard$OutputStateShard
net/minecraft/class_4668$class_4679	net/minecraft/client/renderer/RenderStateShard$OverlayStateShard
net/minecraft/class_4668$class_4682	net/minecraft/client/renderer/RenderStateShard$OffsetTexturingStateShard
net/minecraft/class_4668$class_4683	net/minecraft/client/renderer/RenderStateShard$TextureStateShard
net/minecraft/class_4668$class_4684	net/minecraft/client/renderer/RenderStateShard$TexturingStateShard
net/minecraft/class_4668$class_4685	net/minecraft/client/renderer/RenderStateShard$TransparencyStateShard
net/minecraft/class_4668$class_4686	net/minecraft/client/renderer/RenderStateShard$WriteMaskStateShard
net/minecraft/class_4668$class_5939	net/minecraft/client/renderer/RenderStateShard$EmptyTextureStateShard
net/minecraft/class_4668$class_5940	net/minecraft/client/renderer/RenderStateShard$MultiTextureStateShard
net/minecraft/class_4668$class_5940$class_5941	net/minecraft/client/renderer/RenderStateShard$MultiTextureStateShard$Builder
net/minecraft/class_4668$class_5942	net/minecraft/client/renderer/RenderStateShard$ShaderStateShard
net/minecraft/class_4668$class_8559	net/minecraft/client/renderer/RenderStateShard$ColorLogicStateShard
net/minecraft/class_4691	net/minecraft/client/renderer/entity/layers/IronGolemCrackinessLayer
net/minecraft/class_4692	net/minecraft/gametest/framework/GameTestEvent
net/minecraft/class_4693	net/minecraft/gametest/framework/GameTestSequence
net/minecraft/class_4693$class_6304	net/minecraft/gametest/framework/GameTestSequence$Condition
net/minecraft/class_4694	net/minecraft/server/commands/SpectateCommand
net/minecraft/class_4695	net/minecraft/util/datafix/fixes/StructureReferenceCountFix
net/minecraft/class_4696	net/minecraft/client/renderer/ItemBlockRenderTypes
net/minecraft/class_4698	net/minecraft/world/level/chunk/storage/IOWorker
net/minecraft/class_4698$class_4699	net/minecraft/world/level/chunk/storage/IOWorker$PendingStore
net/minecraft/class_4698$class_5276	net/minecraft/world/level/chunk/storage/IOWorker$Priority
net/minecraft/class_47	net/minecraft/world/level/storage/loot/LootContext
net/minecraft/class_47$class_48	net/minecraft/world/level/storage/loot/LootContext$Builder
net/minecraft/class_47$class_50	net/minecraft/world/level/storage/loot/LootContext$EntityTarget
net/minecraft/class_47$class_50$class_51	net/minecraft/world/level/storage/loot/LootContext$EntityTarget$Serializer
net/minecraft/class_47$class_8487	net/minecraft/world/level/storage/loot/LootContext$VisitedEntry
net/minecraft/class_4700	net/minecraft/client/color/block/BlockTintCache
net/minecraft/class_4700$class_4701	net/minecraft/client/color/block/BlockTintCache$LatestCacheInfo
net/minecraft/class_4700$class_6598	net/minecraft/client/color/block/BlockTintCache$CacheData
net/minecraft/class_4703	net/minecraft/client/renderer/debug/BeeDebugRenderer
net/minecraft/class_4703$class_4705	net/minecraft/client/renderer/debug/BeeDebugRenderer$HiveInfo
net/minecraft/class_4703$class_5243	net/minecraft/client/renderer/debug/BeeDebugRenderer$BeeInfo
net/minecraft/class_4706	net/minecraft/util/SortedArraySet
net/minecraft/class_4706$class_4707	net/minecraft/util/SortedArraySet$ArrayIterator
net/minecraft/class_4708	net/minecraft/advancements/critereon/BeeNestDestroyedTrigger
net/minecraft/class_4708$class_4709	net/minecraft/advancements/critereon/BeeNestDestroyedTrigger$TriggerInstance
net/minecraft/class_471	net/minecraft/client/gui/screens/inventory/AnvilScreen
net/minecraft/class_4711	net/minecraft/advancements/critereon/ItemUsedOnLocationTrigger
net/minecraft/class_4711$class_4712	net/minecraft/advancements/critereon/ItemUsedOnLocationTrigger$TriggerInstance
net/minecraft/class_4713	net/minecraft/advancements/critereon/SlideDownBlockTrigger
net/minecraft/class_4713$class_4714	net/minecraft/advancements/critereon/SlideDownBlockTrigger$TriggerInstance
net/minecraft/class_4715	net/minecraft/world/level/levelgen/feature/NoOpFeature
net/minecraft/class_4717	net/minecraft/client/gui/components/CommandSuggestions
net/minecraft/class_4717$class_464	net/minecraft/client/gui/components/CommandSuggestions$SuggestionsList
net/minecraft/class_4718	net/minecraft/client/main/SilentInitException
net/minecraft/class_4719	net/minecraft/world/level/block/state/properties/WoodType
net/minecraft/class_472	net/minecraft/client/gui/screens/inventory/BrewingStandScreen
net/minecraft/class_4720	com/mojang/blaze3d/vertex/VertexMultiConsumer
net/minecraft/class_4720$class_4589	com/mojang/blaze3d/vertex/VertexMultiConsumer$Double
net/minecraft/class_4720$class_6189	com/mojang/blaze3d/vertex/VertexMultiConsumer$Multiple
net/minecraft/class_4722	net/minecraft/client/renderer/Sheets
net/minecraft/class_4722$1	net/minecraft/client/renderer/Sheets$1
net/minecraft/class_4723	net/minecraft/client/renderer/SpriteCoordinateExpander
net/minecraft/class_4724	net/minecraft/client/resources/model/AtlasSet
net/minecraft/class_4724$class_7772	net/minecraft/client/resources/model/AtlasSet$AtlasEntry
net/minecraft/class_4724$class_7774	net/minecraft/client/resources/model/AtlasSet$StitchResult
net/minecraft/class_4725	net/minecraft/client/renderer/texture/MipmapGenerator
net/minecraft/class_473	net/minecraft/client/gui/screens/inventory/BookEditScreen
net/minecraft/class_473$class_475	net/minecraft/client/gui/screens/inventory/BookEditScreen$LineInfo
net/minecraft/class_473$class_5233	net/minecraft/client/gui/screens/inventory/BookEditScreen$DisplayCache
net/minecraft/class_473$class_5234	net/minecraft/client/gui/screens/inventory/BookEditScreen$Pos2i
net/minecraft/class_4730	net/minecraft/client/resources/model/Material
net/minecraft/class_4731	net/minecraft/util/datafix/fixes/ForcePoiRebuild
net/minecraft/class_4732	net/minecraft/world/level/block/DoubleBlockCombiner
net/minecraft/class_4732$class_3923	net/minecraft/world/level/block/DoubleBlockCombiner$Combiner
net/minecraft/class_4732$class_4733	net/minecraft/world/level/block/DoubleBlockCombiner$BlockType
net/minecraft/class_4732$class_4734	net/minecraft/world/level/block/DoubleBlockCombiner$NeighborCombineResult
net/minecraft/class_4732$class_4734$class_4735	net/minecraft/world/level/block/DoubleBlockCombiner$NeighborCombineResult$Double
net/minecraft/class_4732$class_4734$class_4736	net/minecraft/world/level/block/DoubleBlockCombiner$NeighborCombineResult$Single
net/minecraft/class_4737	net/minecraft/client/renderer/blockentity/BrightnessCombiner
net/minecraft/class_4739	net/minecraft/world/level/block/AbstractChestBlock
net/minecraft/class_474	net/minecraft/client/gui/screens/inventory/PageButton
net/minecraft/class_4740	net/minecraft/client/renderer/RunningTrimmedMean
net/minecraft/class_4744	net/minecraft/util/datafix/fixes/AdvancementsRenameFix
net/minecraft/class_4748	net/minecraft/util/profiling/ProfilerPathEntry
net/minecraft/class_4749	net/minecraft/client/gui/screens/multiplayer/SafetyScreen
net/minecraft/class_4752	net/minecraft/util/datafix/fixes/FurnaceRecipeFix
net/minecraft/class_4754	net/minecraft/util/datafix/fixes/WallPropertyFix
net/minecraft/class_4755	net/minecraft/util/datafix/schemas/V2501
net/minecraft/class_4756	net/minecraft/util/datafix/schemas/V2502
net/minecraft/class_4757	net/minecraft/util/profiling/ContinuousProfiler
net/minecraft/class_4758	net/minecraft/util/profiling/SingleTickProfiler
net/minecraft/class_476	net/minecraft/client/gui/screens/inventory/ContainerScreen
net/minecraft/class_4760	net/minecraft/world/entity/monster/hoglin/Hoglin
net/minecraft/class_4761	net/minecraft/world/level/biome/AmbientParticleSettings
net/minecraft/class_4763	net/minecraft/world/level/biome/BiomeSpecialEffects
net/minecraft/class_4763$class_4764	net/minecraft/world/level/biome/BiomeSpecialEffects$Builder
net/minecraft/class_4763$class_5486	net/minecraft/world/level/biome/BiomeSpecialEffects$GrassColorModifier
net/minecraft/class_4763$class_5486$1	net/minecraft/world/level/biome/BiomeSpecialEffects$GrassColorModifier$1
net/minecraft/class_4763$class_5486$2	net/minecraft/world/level/biome/BiomeSpecialEffects$GrassColorModifier$2
net/minecraft/class_4763$class_5486$3	net/minecraft/world/level/biome/BiomeSpecialEffects$GrassColorModifier$3
net/minecraft/class_4766	net/minecraft/world/level/biome/MultiNoiseBiomeSource
net/minecraft/class_477	net/minecraft/client/gui/screens/inventory/CommandBlockEditScreen
net/minecraft/class_477$1	net/minecraft/client/gui/screens/inventory/CommandBlockEditScreen$1
net/minecraft/class_4770	net/minecraft/world/level/block/BaseFireBlock
net/minecraft/class_4771	net/minecraft/world/level/block/FungusBlock
net/minecraft/class_4772	net/minecraft/world/level/block/NetherSproutsBlock
net/minecraft/class_4773	net/minecraft/world/level/block/NetherrackBlock
net/minecraft/class_4774	net/minecraft/world/level/block/RootsBlock
net/minecraft/class_4775	net/minecraft/world/level/block/SoulFireBlock
net/minecraft/class_4776	net/minecraft/world/level/block/WeepingVinesBlock
net/minecraft/class_4777	net/minecraft/world/level/block/TwistingVinesBlock
net/minecraft/class_4778	net/minecraft/world/level/block/state/properties/WallSide
net/minecraft/class_4779	net/minecraft/world/level/levelgen/feature/BasaltPillarFeature
net/minecraft/class_478	net/minecraft/client/gui/screens/inventory/CreativeInventoryListener
net/minecraft/class_4780	net/minecraft/world/level/levelgen/feature/HugeFungusConfiguration
net/minecraft/class_4781	net/minecraft/world/level/levelgen/feature/HugeFungusFeature
net/minecraft/class_4782	net/minecraft/world/level/levelgen/feature/NetherForestVegetationFeature
net/minecraft/class_4784	net/minecraft/world/level/levelgen/feature/WeepingVinesFeature
net/minecraft/class_4785	net/minecraft/world/level/levelgen/structure/structures/NetherFossilStructure
net/minecraft/class_4787	net/minecraft/world/level/levelgen/structure/structures/NetherFossilPieces
net/minecraft/class_4787$class_4788	net/minecraft/world/level/levelgen/structure/structures/NetherFossilPieces$NetherFossilPiece
net/minecraft/class_479	net/minecraft/client/gui/screens/inventory/CraftingScreen
net/minecraft/class_4791	net/minecraft/client/model/HoglinModel
net/minecraft/class_4792	net/minecraft/client/particle/AshParticle
net/minecraft/class_4792$class_4793	net/minecraft/client/particle/AshParticle$Provider
net/minecraft/class_4794	net/minecraft/client/particle/BaseAshSmokeParticle
net/minecraft/class_4798	net/minecraft/client/renderer/entity/HoglinRenderer
net/minecraft/class_480	net/minecraft/client/gui/screens/inventory/DispenserScreen
net/minecraft/class_4802	net/minecraft/util/TimeUtil
net/minecraft/class_4803	net/minecraft/util/datafix/fixes/MemoryExpiryDataFix
net/minecraft/class_4804	net/minecraft/util/datafix/schemas/V2505
net/minecraft/class_4806	net/minecraft/world/entity/ai/behavior/AnimalMakeLove
net/minecraft/class_4807	net/minecraft/world/entity/ai/behavior/BackUpIfTooClose
net/minecraft/class_4808	net/minecraft/world/entity/ai/behavior/BecomePassiveIfMemoryPresent
net/minecraft/class_4809	net/minecraft/world/entity/ai/behavior/CopyMemoryWithExpiry
net/minecraft/class_481	net/minecraft/client/gui/screens/inventory/CreativeModeInventoryScreen
net/minecraft/class_481$class_482	net/minecraft/client/gui/screens/inventory/CreativeModeInventoryScreen$CustomCreativeSlot
net/minecraft/class_481$class_483	net/minecraft/client/gui/screens/inventory/CreativeModeInventoryScreen$ItemPickerMenu
net/minecraft/class_481$class_484	net/minecraft/client/gui/screens/inventory/CreativeModeInventoryScreen$SlotWrapper
net/minecraft/class_4810	net/minecraft/world/entity/ai/behavior/CrossbowAttack
net/minecraft/class_4810$class_4811	net/minecraft/world/entity/ai/behavior/CrossbowAttack$CrossbowState
net/minecraft/class_4812	net/minecraft/world/entity/ai/behavior/DismountOrSkipMounting
net/minecraft/class_4813	net/minecraft/world/entity/ai/behavior/EraseMemoryIf
net/minecraft/class_4814	net/minecraft/world/entity/ai/behavior/GoToTargetLocation
net/minecraft/class_4815	net/minecraft/world/entity/ai/behavior/GoToWantedItem
net/minecraft/class_4816	net/minecraft/world/entity/ai/behavior/MeleeAttack
net/minecraft/class_4817	net/minecraft/world/entity/ai/behavior/Mount
net/minecraft/class_4818	net/minecraft/world/entity/ai/behavior/RandomStroll
net/minecraft/class_4819	net/minecraft/world/entity/monster/piglin/RememberIfHoglinWasKilled
net/minecraft/class_4822	net/minecraft/world/entity/ai/behavior/SetWalkTargetFromAttackTargetIfTargetOutOfReach
net/minecraft/class_4823	net/minecraft/world/entity/monster/piglin/StartAdmiringItemIfSeen
net/minecraft/class_4824	net/minecraft/world/entity/ai/behavior/StartAttacking
net/minecraft/class_4825	net/minecraft/world/entity/ai/behavior/StartCelebratingIfTargetDead
net/minecraft/class_4826	net/minecraft/world/entity/monster/piglin/StartHuntingHoglin
net/minecraft/class_4827	net/minecraft/world/entity/monster/piglin/StopAdmiringIfItemTooFarAway
net/minecraft/class_4828	net/minecraft/world/entity/ai/behavior/StopAttackingIfTargetInvalid
net/minecraft/class_4829	net/minecraft/world/entity/ai/behavior/StopBeingAngryIfTargetDead
net/minecraft/class_4830	net/minecraft/world/entity/monster/piglin/StopHoldingItemIfNoLongerAdmiring
net/minecraft/class_4831	net/minecraft/world/entity/ai/memory/ExpirableValue
net/minecraft/class_4832	net/minecraft/world/entity/ai/sensing/HoglinSpecificSensor
net/minecraft/class_4833	net/minecraft/world/entity/ai/sensing/NearestItemSensor
net/minecraft/class_4834	net/minecraft/world/entity/ai/sensing/PiglinSpecificSensor
net/minecraft/class_4835	net/minecraft/world/entity/monster/hoglin/HoglinAi
net/minecraft/class_4836	net/minecraft/world/entity/monster/piglin/Piglin
net/minecraft/class_4837	net/minecraft/world/entity/monster/piglin/PiglinArmPose
net/minecraft/class_4838	net/minecraft/world/entity/monster/piglin/PiglinAi
net/minecraft/class_4840	net/minecraft/client/model/PiglinModel
net/minecraft/class_4841	net/minecraft/client/renderer/debug/VillageSectionsDebugRenderer
net/minecraft/class_4842	net/minecraft/client/renderer/entity/PiglinRenderer
net/minecraft/class_4844	net/minecraft/core/UUIDUtil
net/minecraft/class_4845	net/minecraft/data/loot/packs/VanillaPiglinBarterLoot
net/minecraft/class_4846	net/minecraft/util/datafix/fixes/EntityZombifiedPiglinRenameFix
net/minecraft/class_4847	net/minecraft/util/datafix/schemas/V2509
net/minecraft/class_4848	net/minecraft/world/level/block/CryingObsidianBlock
net/minecraft/class_4849	net/minecraft/world/level/block/NyliumBlock
net/minecraft/class_485	net/minecraft/client/gui/screens/inventory/EffectRenderingInventoryScreen
net/minecraft/class_4850	net/minecraft/world/level/block/TargetBlock
net/minecraft/class_4851	net/minecraft/advancements/critereon/TargetBlockTrigger
net/minecraft/class_4851$class_4852	net/minecraft/advancements/critereon/TargetBlockTrigger$TriggerInstance
net/minecraft/class_4856	net/minecraft/client/sounds/LoopingAudioStream
net/minecraft/class_4856$class_4857	net/minecraft/client/sounds/LoopingAudioStream$AudioStreamProvider
net/minecraft/class_4856$class_4858	net/minecraft/client/sounds/LoopingAudioStream$NoCloseBuffer
net/minecraft/class_486	net/minecraft/client/gui/screens/inventory/EnchantmentScreen
net/minecraft/class_4860	net/minecraft/util/datafix/fixes/EntityProjectileOwnerFix
net/minecraft/class_4861	net/minecraft/world/inventory/ItemCombinerMenu
net/minecraft/class_4861$1	net/minecraft/world/inventory/ItemCombinerMenu$1
net/minecraft/class_4861$2	net/minecraft/world/inventory/ItemCombinerMenu$2
net/minecraft/class_4861$3	net/minecraft/world/inventory/ItemCombinerMenu$3
net/minecraft/class_4862	net/minecraft/world/inventory/SmithingMenu
net/minecraft/class_4863	net/minecraft/world/level/block/GrowingPlantBlock
net/minecraft/class_4864	net/minecraft/world/level/block/GrowingPlantBodyBlock
net/minecraft/class_4865	net/minecraft/world/level/block/GrowingPlantHeadBlock
net/minecraft/class_4867	com/mojang/realmsclient/dto/Backup
net/minecraft/class_4868	com/mojang/realmsclient/dto/BackupList
net/minecraft/class_4869	com/mojang/realmsclient/dto/GuardedSerializer
net/minecraft/class_487	net/minecraft/client/gui/screens/inventory/EnchantmentNames
net/minecraft/class_4870	com/mojang/realmsclient/dto/Ops
net/minecraft/class_4871	com/mojang/realmsclient/dto/PendingInvite
net/minecraft/class_4872	com/mojang/realmsclient/dto/PendingInvitesList
net/minecraft/class_4873	com/mojang/realmsclient/dto/PingResult
net/minecraft/class_4874	com/mojang/realmsclient/dto/PlayerInfo
net/minecraft/class_4875	com/mojang/realmsclient/dto/RealmsDescriptionDto
net/minecraft/class_4876	com/mojang/realmsclient/dto/RealmsNews
net/minecraft/class_4877	com/mojang/realmsclient/dto/RealmsServer
net/minecraft/class_4877$class_4319	com/mojang/realmsclient/dto/RealmsServer$McoServerComparator
net/minecraft/class_4877$class_4320	com/mojang/realmsclient/dto/RealmsServer$State
net/minecraft/class_4877$class_4321	com/mojang/realmsclient/dto/RealmsServer$WorldType
net/minecraft/class_4878	com/mojang/realmsclient/dto/RealmsServerAddress
net/minecraft/class_4879	com/mojang/realmsclient/dto/RealmsServerList
net/minecraft/class_488	net/minecraft/client/gui/screens/inventory/HopperScreen
net/minecraft/class_4880	com/mojang/realmsclient/dto/RealmsServerPing
net/minecraft/class_4881	com/mojang/realmsclient/dto/RealmsServerPlayerList
net/minecraft/class_4882	com/mojang/realmsclient/dto/RealmsServerPlayerLists
net/minecraft/class_4883	com/mojang/realmsclient/dto/RealmsWorldOptions
net/minecraft/class_4884	com/mojang/realmsclient/dto/RealmsWorldResetDto
net/minecraft/class_4885	com/mojang/realmsclient/dto/ReflectionBasedSerialization
net/minecraft/class_4886	com/mojang/realmsclient/dto/RegionPingResult
net/minecraft/class_4887	com/mojang/realmsclient/dto/Subscription
net/minecraft/class_4887$class_4322	com/mojang/realmsclient/dto/Subscription$SubscriptionType
net/minecraft/class_4888	com/mojang/realmsclient/dto/UploadInfo
net/minecraft/class_4889	com/mojang/realmsclient/dto/WorldDownload
net/minecraft/class_489	net/minecraft/client/gui/screens/inventory/AbstractFurnaceScreen
net/minecraft/class_4890	com/mojang/realmsclient/dto/WorldTemplate
net/minecraft/class_4890$class_4323	com/mojang/realmsclient/dto/WorldTemplate$WorldTemplateType
net/minecraft/class_4891	com/mojang/realmsclient/dto/WorldTemplatePaginatedList
net/minecraft/class_4892	net/minecraft/client/gui/components/AbstractOptionSliderButton
net/minecraft/class_4894	net/minecraft/client/gui/screens/inventory/ItemCombinerScreen
net/minecraft/class_4895	net/minecraft/client/gui/screens/inventory/SmithingScreen
net/minecraft/class_4896	net/minecraft/client/model/AnimationUtils
net/minecraft/class_4897	net/minecraft/client/resources/sounds/BiomeAmbientSoundsHandler
net/minecraft/class_4897$class_4898	net/minecraft/client/resources/sounds/BiomeAmbientSoundsHandler$LoopSoundInstance
net/minecraft/class_4899	net/minecraft/realms/DisconnectedRealmsScreen
net/minecraft/class_490	net/minecraft/client/gui/screens/inventory/InventoryScreen
net/minecraft/class_4902	net/minecraft/realms/RealmsConnect
net/minecraft/class_4902$1	net/minecraft/realms/RealmsConnect$1
net/minecraft/class_4903	net/minecraft/realms/RealmsLabel
net/minecraft/class_4904	net/minecraft/realms/RealmsObjectSelectionList
net/minecraft/class_4905	net/minecraft/realms/RealmsScreen
net/minecraft/class_4907	net/minecraft/realms/RepeatedNarrator
net/minecraft/class_4907$class_4908	net/minecraft/realms/RepeatedNarrator$Params
net/minecraft/class_491	net/minecraft/client/gui/screens/inventory/HorseInventoryScreen
net/minecraft/class_4910	net/minecraft/data/models/BlockModelGenerators
net/minecraft/class_4910$1	net/minecraft/data/models/BlockModelGenerators$1
net/minecraft/class_4910$class_4911	net/minecraft/data/models/BlockModelGenerators$BlockEntityModelGenerator
net/minecraft/class_4910$class_4912	net/minecraft/data/models/BlockModelGenerators$BlockFamilyProvider
net/minecraft/class_4910$class_4913	net/minecraft/data/models/BlockModelGenerators$TintState
net/minecraft/class_4910$class_4914	net/minecraft/data/models/BlockModelGenerators$WoodProvider
net/minecraft/class_4910$class_5879	net/minecraft/data/models/BlockModelGenerators$BlockStateGeneratorSupplier
net/minecraft/class_4910$class_7987	net/minecraft/data/models/BlockModelGenerators$BookSlotModelCacheKey
net/minecraft/class_4915	net/minecraft/data/models/ItemModelGenerators
net/minecraft/class_4915$class_8072	net/minecraft/data/models/ItemModelGenerators$TrimModelData
net/minecraft/class_4916	net/minecraft/data/models/ModelProvider
net/minecraft/class_4917	net/minecraft/data/models/blockstates/BlockStateGenerator
net/minecraft/class_4918	net/minecraft/data/models/blockstates/Condition
net/minecraft/class_4918$class_4919	net/minecraft/data/models/blockstates/Condition$CompositeCondition
net/minecraft/class_4918$class_4920	net/minecraft/data/models/blockstates/Condition$Operation
net/minecraft/class_4918$class_4921	net/minecraft/data/models/blockstates/Condition$TerminalCondition
net/minecraft/class_492	net/minecraft/client/gui/screens/inventory/MerchantScreen
net/minecraft/class_492$class_493	net/minecraft/client/gui/screens/inventory/MerchantScreen$TradeOfferButton
net/minecraft/class_4922	net/minecraft/data/models/blockstates/MultiPartGenerator
net/minecraft/class_4922$class_4923	net/minecraft/data/models/blockstates/MultiPartGenerator$ConditionalEntry
net/minecraft/class_4922$class_4924	net/minecraft/data/models/blockstates/MultiPartGenerator$Entry
net/minecraft/class_4925	net/minecraft/data/models/blockstates/MultiVariantGenerator
net/minecraft/class_4926	net/minecraft/data/models/blockstates/PropertyDispatch
net/minecraft/class_4926$class_4927	net/minecraft/data/models/blockstates/PropertyDispatch$C1
net/minecraft/class_4926$class_4928	net/minecraft/data/models/blockstates/PropertyDispatch$C2
net/minecraft/class_4926$class_4929	net/minecraft/data/models/blockstates/PropertyDispatch$C3
net/minecraft/class_4926$class_4930	net/minecraft/data/models/blockstates/PropertyDispatch$C4
net/minecraft/class_4926$class_4931	net/minecraft/data/models/blockstates/PropertyDispatch$C5
net/minecraft/class_4926$class_4932	net/minecraft/data/models/blockstates/PropertyDispatch$TriFunction
net/minecraft/class_4926$class_6290	net/minecraft/data/models/blockstates/PropertyDispatch$PentaFunction
net/minecraft/class_4926$class_6291	net/minecraft/data/models/blockstates/PropertyDispatch$QuadFunction
net/minecraft/class_4934	net/minecraft/data/models/blockstates/Selector
net/minecraft/class_4935	net/minecraft/data/models/blockstates/Variant
net/minecraft/class_4936	net/minecraft/data/models/blockstates/VariantProperties
net/minecraft/class_4936$class_4937	net/minecraft/data/models/blockstates/VariantProperties$Rotation
net/minecraft/class_4938	net/minecraft/data/models/blockstates/VariantProperty
net/minecraft/class_4938$class_4939	net/minecraft/data/models/blockstates/VariantProperty$Value
net/minecraft/class_494	net/minecraft/client/gui/screens/inventory/LoomScreen
net/minecraft/class_4940	net/minecraft/data/models/model/DelegatedModel
net/minecraft/class_4941	net/minecraft/data/models/model/ModelLocationUtils
net/minecraft/class_4942	net/minecraft/data/models/model/ModelTemplate
net/minecraft/class_4942$class_8073	net/minecraft/data/models/model/ModelTemplate$JsonFactory
net/minecraft/class_4943	net/minecraft/data/models/model/ModelTemplates
net/minecraft/class_4944	net/minecraft/data/models/model/TextureMapping
net/minecraft/class_4945	net/minecraft/data/models/model/TextureSlot
net/minecraft/class_4946	net/minecraft/data/models/model/TexturedModel
net/minecraft/class_4946$class_4947	net/minecraft/data/models/model/TexturedModel$Provider
net/minecraft/class_4948	net/minecraft/world/item/enchantment/SoulSpeedEnchantment
net/minecraft/class_4949	net/minecraft/world/level/block/NetherVines
net/minecraft/class_495	net/minecraft/client/gui/screens/inventory/ShulkerBoxScreen
net/minecraft/class_4950	net/minecraft/world/level/block/TwistingVinesPlantBlock
net/minecraft/class_4951	net/minecraft/world/level/block/WeepingVinesPlantBlock
net/minecraft/class_4953	net/minecraft/world/level/levelgen/feature/TwistingVinesFeature
net/minecraft/class_4955	net/minecraft/client/particle/RisingParticle
net/minecraft/class_4956	net/minecraft/client/particle/SoulParticle
net/minecraft/class_4956$class_4957	net/minecraft/client/particle/SoulParticle$Provider
net/minecraft/class_4956$class_7210	net/minecraft/client/particle/SoulParticle$EmissiveProvider
net/minecraft/class_4958	net/minecraft/util/datafix/fixes/AbstractUUIDFix
net/minecraft/class_4959	net/minecraft/util/datafix/fixes/BlockEntityUUIDFix
net/minecraft/class_496	net/minecraft/client/gui/screens/inventory/MinecartCommandBlockEditScreen
net/minecraft/class_4960	net/minecraft/util/datafix/fixes/EntityUUIDFix
net/minecraft/class_4961	net/minecraft/util/datafix/fixes/ItemStackUUIDFix
net/minecraft/class_4962	net/minecraft/util/datafix/fixes/LevelUUIDFix
net/minecraft/class_4963	net/minecraft/util/datafix/fixes/PlayerUUIDFix
net/minecraft/class_4964	net/minecraft/util/datafix/fixes/SavedDataUUIDFix
net/minecraft/class_4965	net/minecraft/advancements/critereon/FishingHookPredicate
net/minecraft/class_4966	net/minecraft/world/level/NoiseColumn
net/minecraft/class_4967	net/minecraft/world/level/biome/AmbientAdditionsSettings
net/minecraft/class_4968	net/minecraft/world/level/biome/AmbientMoodSettings
net/minecraft/class_4969	net/minecraft/world/level/block/RespawnAnchorBlock
net/minecraft/class_4969$1	net/minecraft/world/level/block/RespawnAnchorBlock$1
net/minecraft/class_497	net/minecraft/client/gui/screens/inventory/StructureBlockEditScreen
net/minecraft/class_497$1	net/minecraft/client/gui/screens/inventory/StructureBlockEditScreen$1
net/minecraft/class_497$2	net/minecraft/client/gui/screens/inventory/StructureBlockEditScreen$2
net/minecraft/class_4970	net/minecraft/world/level/block/state/BlockBehaviour
net/minecraft/class_4970$1	net/minecraft/world/level/block/state/BlockBehaviour$1
net/minecraft/class_4970$class_2250	net/minecraft/world/level/block/state/BlockBehaviour$OffsetType
net/minecraft/class_4970$class_2251	net/minecraft/world/level/block/state/BlockBehaviour$Properties
net/minecraft/class_4970$class_4971	net/minecraft/world/level/block/state/BlockBehaviour$BlockStateBase
net/minecraft/class_4970$class_4971$class_3752	net/minecraft/world/level/block/state/BlockBehaviour$BlockStateBase$Cache
net/minecraft/class_4970$class_4972	net/minecraft/world/level/block/state/BlockBehaviour$StateArgumentPredicate
net/minecraft/class_4970$class_4973	net/minecraft/world/level/block/state/BlockBehaviour$StatePredicate
net/minecraft/class_4970$class_8176	net/minecraft/world/level/block/state/BlockBehaviour$OffsetFunction
net/minecraft/class_4974	net/minecraft/client/particle/ReversePortalParticle
net/minecraft/class_4974$class_4975	net/minecraft/client/particle/ReversePortalParticle$ReversePortalProvider
net/minecraft/class_4976	net/minecraft/util/datafix/fixes/GossipUUIDFix
net/minecraft/class_4977	net/minecraft/util/datafix/fixes/JigsawPropertiesFix
net/minecraft/class_4978	net/minecraft/util/datafix/fixes/JigsawRotationFix
net/minecraft/class_4979	net/minecraft/util/datafix/schemas/V2519
net/minecraft/class_498	net/minecraft/client/gui/screens/inventory/SignEditScreen
net/minecraft/class_4980	net/minecraft/world/entity/ItemBasedSteering
net/minecraft/class_4981	net/minecraft/world/entity/ItemSteerable
net/minecraft/class_4982	net/minecraft/world/entity/ai/behavior/UseBonemeal
net/minecraft/class_4983	net/minecraft/world/entity/ai/behavior/WorkAtComposter
net/minecraft/class_4985	net/minecraft/world/entity/monster/Strider
net/minecraft/class_4985$class_4988	net/minecraft/world/entity/monster/Strider$StriderPathNavigation
net/minecraft/class_4985$class_5494	net/minecraft/world/entity/monster/Strider$StriderGoToLavaGoal
net/minecraft/class_4990	com/mojang/math/OctahedralGroup
net/minecraft/class_4990$1	com/mojang/math/OctahedralGroup$1
net/minecraft/class_4992	net/minecraft/world/level/levelgen/structure/templatesystem/AxisAlignedLinearPosTest
net/minecraft/class_4993	net/minecraft/world/level/levelgen/structure/templatesystem/LinearPosTest
net/minecraft/class_4994	net/minecraft/world/level/levelgen/structure/templatesystem/PosAlwaysTrueTest
net/minecraft/class_4995	net/minecraft/world/level/levelgen/structure/templatesystem/PosRuleTest
net/minecraft/class_4996	net/minecraft/world/level/levelgen/structure/templatesystem/PosRuleTestType
net/minecraft/class_4997	net/minecraft/client/model/StriderModel
net/minecraft/class_4998	com/mojang/math/SymmetricGroup3
net/minecraft/class_4999	net/minecraft/client/renderer/entity/StriderRenderer
net/minecraft/class_5	net/minecraft/world/level/pathfinder/BinaryHeap
net/minecraft/class_500	net/minecraft/client/gui/screens/multiplayer/JoinMultiplayerScreen
net/minecraft/class_5000	net/minecraft/core/FrontAndTop
net/minecraft/class_505	net/minecraft/client/gui/screens/recipebook/GhostRecipe
net/minecraft/class_505$class_506	net/minecraft/client/gui/screens/recipebook/GhostRecipe$GhostIngredient
net/minecraft/class_507	net/minecraft/client/gui/screens/recipebook/RecipeBookComponent
net/minecraft/class_508	net/minecraft/client/gui/screens/recipebook/OverlayRecipeComponent
net/minecraft/class_508$class_509	net/minecraft/client/gui/screens/recipebook/OverlayRecipeComponent$OverlayRecipeButton
net/minecraft/class_508$class_509$class_510	net/minecraft/client/gui/screens/recipebook/OverlayRecipeComponent$OverlayRecipeButton$Pos
net/minecraft/class_508$class_511	net/minecraft/client/gui/screens/recipebook/OverlayRecipeComponent$OverlaySmeltingRecipeButton
net/minecraft/class_512	net/minecraft/client/gui/screens/recipebook/RecipeBookTabButton
net/minecraft/class_5125	net/minecraft/util/DirectoryLock
net/minecraft/class_5125$class_5126	net/minecraft/util/DirectoryLock$LockException
net/minecraft/class_5127	net/minecraft/util/ExceptionCollector
net/minecraft/class_5129	net/minecraft/util/datafix/fixes/AttributesRename
net/minecraft/class_513	net/minecraft/client/gui/screens/recipebook/RecipeBookPage
net/minecraft/class_5130	net/minecraft/util/datafix/schemas/V2522
net/minecraft/class_5131	net/minecraft/world/entity/ai/attributes/AttributeMap
net/minecraft/class_5132	net/minecraft/world/entity/ai/attributes/AttributeSupplier
net/minecraft/class_5132$class_5133	net/minecraft/world/entity/ai/attributes/AttributeSupplier$Builder
net/minecraft/class_5134	net/minecraft/world/entity/ai/attributes/Attributes
net/minecraft/class_5135	net/minecraft/world/entity/ai/attributes/DefaultAttributes
net/minecraft/class_5136	net/minecraft/world/entity/monster/Zoglin
net/minecraft/class_5137	net/minecraft/world/entity/monster/hoglin/HoglinBase
net/minecraft/class_5138	net/minecraft/world/level/StructureManager
net/minecraft/class_5139	net/minecraft/world/level/levelgen/feature/trunkplacers/ForkingTrunkPlacer
net/minecraft/class_514	net/minecraft/client/gui/screens/recipebook/RecipeButton
net/minecraft/class_5140	net/minecraft/world/level/levelgen/feature/trunkplacers/StraightTrunkPlacer
net/minecraft/class_5141	net/minecraft/world/level/levelgen/feature/trunkplacers/TrunkPlacer
net/minecraft/class_5142	net/minecraft/world/level/levelgen/feature/trunkplacers/TrunkPlacerType
net/minecraft/class_5144	net/minecraft/client/renderer/entity/ZoglinRenderer
net/minecraft/class_5146	net/minecraft/world/entity/Saddleable
net/minecraft/class_5147	net/minecraft/world/entity/Shearable
net/minecraft/class_5148	net/minecraft/world/entity/animal/horse/Markings
net/minecraft/class_5149	net/minecraft/world/entity/animal/horse/Variant
net/minecraft/class_515	net/minecraft/client/gui/screens/recipebook/RecipeShownListener
net/minecraft/class_5150	net/minecraft/world/item/Vanishable
net/minecraft/class_5151	net/minecraft/world/item/Equipable
net/minecraft/class_5153	net/minecraft/world/level/levelgen/feature/BasaltColumnsFeature
net/minecraft/class_5154	net/minecraft/world/level/levelgen/feature/DeltaFeature
net/minecraft/class_5155	net/minecraft/world/level/levelgen/feature/ReplaceBlobsFeature
net/minecraft/class_5156	net/minecraft/world/level/levelgen/feature/configurations/ColumnFeatureConfiguration
net/minecraft/class_5158	net/minecraft/world/level/levelgen/feature/configurations/DeltaFeatureConfiguration
net/minecraft/class_516	net/minecraft/client/gui/screens/recipebook/RecipeCollection
net/minecraft/class_5165	net/minecraft/client/particle/WhiteAshParticle
net/minecraft/class_5165$class_5166	net/minecraft/client/particle/WhiteAshParticle$Provider
net/minecraft/class_5167	net/minecraft/client/renderer/entity/layers/HorseMarkingLayer
net/minecraft/class_5168	net/minecraft/core/dispenser/ShearsDispenseItemBehavior
net/minecraft/class_5169	net/minecraft/util/monitoring/jmx/MinecraftServerStatistics
net/minecraft/class_5169$class_5170	net/minecraft/util/monitoring/jmx/MinecraftServerStatistics$AttributeDescription
net/minecraft/class_517	net/minecraft/client/gui/screens/recipebook/AbstractFurnaceRecipeBookComponent
net/minecraft/class_5172	net/minecraft/world/level/block/ChainBlock
net/minecraft/class_5172$1	net/minecraft/world/level/block/ChainBlock$1
net/minecraft/class_5174	net/minecraft/data/worldgen/BastionBridgePools
net/minecraft/class_5177	net/minecraft/data/worldgen/BastionHoglinStablePools
net/minecraft/class_5178	net/minecraft/data/worldgen/BastionHousingUnitsPools
net/minecraft/class_5179	net/minecraft/data/worldgen/BastionPieces
net/minecraft/class_518	net/minecraft/client/gui/screens/recipebook/RecipeUpdateListener
net/minecraft/class_5181	net/minecraft/data/worldgen/BastionSharedPools
net/minecraft/class_5182	net/minecraft/data/worldgen/BastionTreasureRoomPools
net/minecraft/class_5183	net/minecraft/world/level/levelgen/structure/structures/RuinedPortalStructure
net/minecraft/class_5183$class_7155	net/minecraft/world/level/levelgen/structure/structures/RuinedPortalStructure$Setup
net/minecraft/class_5188	net/minecraft/world/level/levelgen/structure/pools/LegacySinglePoolElement
net/minecraft/class_5189	net/minecraft/world/level/levelgen/structure/structures/RuinedPortalPiece
net/minecraft/class_5189$class_5190	net/minecraft/world/level/levelgen/structure/structures/RuinedPortalPiece$Properties
net/minecraft/class_5189$class_5191	net/minecraft/world/level/levelgen/structure/structures/RuinedPortalPiece$VerticalPlacement
net/minecraft/class_5192	net/minecraft/world/level/levelgen/structure/templatesystem/BlackstoneReplaceProcessor
net/minecraft/class_5193	net/minecraft/world/level/levelgen/structure/templatesystem/BlockAgeProcessor
net/minecraft/class_5194	net/minecraft/network/protocol/game/ServerboundJigsawGeneratePacket
net/minecraft/class_5195	net/minecraft/sounds/Music
net/minecraft/class_5196	net/minecraft/util/datafix/fixes/BitStorageAlignFix
net/minecraft/class_52	net/minecraft/world/level/storage/loot/LootTable
net/minecraft/class_52$class_53	net/minecraft/world/level/storage/loot/LootTable$Builder
net/minecraft/class_52$class_54	net/minecraft/world/level/storage/loot/LootTable$Serializer
net/minecraft/class_5201	net/minecraft/world/level/levelgen/feature/featuresize/FeatureSize
net/minecraft/class_5202	net/minecraft/world/level/levelgen/feature/featuresize/FeatureSizeType
net/minecraft/class_5203	net/minecraft/world/level/levelgen/feature/featuresize/ThreeLayersFeatureSize
net/minecraft/class_5204	net/minecraft/world/level/levelgen/feature/featuresize/TwoLayersFeatureSize
net/minecraft/class_5205	net/minecraft/world/level/levelgen/feature/foliageplacers/BushFoliagePlacer
net/minecraft/class_5206	net/minecraft/world/level/levelgen/feature/foliageplacers/DarkOakFoliagePlacer
net/minecraft/class_5207	net/minecraft/world/level/levelgen/feature/foliageplacers/FancyFoliagePlacer
net/minecraft/class_5209	net/minecraft/world/level/levelgen/feature/foliageplacers/MegaJungleFoliagePlacer
net/minecraft/class_521	net/minecraft/client/gui/screens/packs/TransferableSelectionList
net/minecraft/class_521$class_4271	net/minecraft/client/gui/screens/packs/TransferableSelectionList$PackEntry
net/minecraft/class_5210	net/minecraft/world/level/levelgen/feature/foliageplacers/MegaPineFoliagePlacer
net/minecraft/class_5211	net/minecraft/world/level/levelgen/feature/trunkplacers/DarkOakTrunkPlacer
net/minecraft/class_5212	net/minecraft/world/level/levelgen/feature/trunkplacers/FancyTrunkPlacer
net/minecraft/class_5212$class_5213	net/minecraft/world/level/levelgen/feature/trunkplacers/FancyTrunkPlacer$FoliageCoords
net/minecraft/class_5214	net/minecraft/world/level/levelgen/feature/trunkplacers/GiantTrunkPlacer
net/minecraft/class_5215	net/minecraft/world/level/levelgen/feature/trunkplacers/MegaJungleTrunkPlacer
net/minecraft/class_5216	net/minecraft/world/level/levelgen/synth/NormalNoise
net/minecraft/class_5216$class_5487	net/minecraft/world/level/levelgen/synth/NormalNoise$NoiseParameters
net/minecraft/class_5217	net/minecraft/world/level/storage/LevelData
net/minecraft/class_5218	net/minecraft/world/level/storage/LevelResource
net/minecraft/class_5219	net/minecraft/world/level/storage/WorldData
net/minecraft/class_5221	com/mojang/realmsclient/gui/ErrorCallback
net/minecraft/class_5222	net/minecraft/client/ComponentCollector
net/minecraft/class_5223	net/minecraft/util/StringDecomposer
net/minecraft/class_5224	net/minecraft/util/FormattedCharSink
net/minecraft/class_5225	net/minecraft/client/StringSplitter
net/minecraft/class_5225$1	net/minecraft/client/StringSplitter$1
net/minecraft/class_5225$class_5226	net/minecraft/client/StringSplitter$FlatComponents
net/minecraft/class_5225$class_5227	net/minecraft/client/StringSplitter$LineBreakFinder
net/minecraft/class_5225$class_5229	net/minecraft/client/StringSplitter$LinePosConsumer
net/minecraft/class_5225$class_5230	net/minecraft/client/StringSplitter$WidthLimitedCharSink
net/minecraft/class_5225$class_5231	net/minecraft/client/StringSplitter$WidthProvider
net/minecraft/class_5225$class_5345	net/minecraft/client/StringSplitter$LineComponent
net/minecraft/class_5235	net/minecraft/client/gui/screens/worldselection/EditGameRulesScreen
net/minecraft/class_5235$class_5236	net/minecraft/client/gui/screens/worldselection/EditGameRulesScreen$BooleanRuleEntry
net/minecraft/class_5235$class_5237	net/minecraft/client/gui/screens/worldselection/EditGameRulesScreen$CategoryRuleEntry
net/minecraft/class_5235$class_5237$1	net/minecraft/client/gui/screens/worldselection/EditGameRulesScreen$CategoryRuleEntry$1
net/minecraft/class_5235$class_5238	net/minecraft/client/gui/screens/worldselection/EditGameRulesScreen$EntryFactory
net/minecraft/class_5235$class_5239	net/minecraft/client/gui/screens/worldselection/EditGameRulesScreen$IntegerRuleEntry
net/minecraft/class_5235$class_5240	net/minecraft/client/gui/screens/worldselection/EditGameRulesScreen$RuleEntry
net/minecraft/class_5235$class_5241	net/minecraft/client/gui/screens/worldselection/EditGameRulesScreen$RuleList
net/minecraft/class_5235$class_5241$1	net/minecraft/client/gui/screens/worldselection/EditGameRulesScreen$RuleList$1
net/minecraft/class_5235$class_5400	net/minecraft/client/gui/screens/worldselection/EditGameRulesScreen$GameRuleEntry
net/minecraft/class_524	net/minecraft/client/gui/screens/worldselection/EditWorldScreen
net/minecraft/class_5242	net/minecraft/commands/arguments/UuidArgument
net/minecraft/class_5244	net/minecraft/network/chat/CommonComponents
net/minecraft/class_525	net/minecraft/client/gui/screens/worldselection/CreateWorldScreen
net/minecraft/class_525$class_7749	net/minecraft/client/gui/screens/worldselection/CreateWorldScreen$DataPackReloadCookie
net/minecraft/class_525$class_8093	net/minecraft/client/gui/screens/worldselection/CreateWorldScreen$GameTab
net/minecraft/class_525$class_8094	net/minecraft/client/gui/screens/worldselection/CreateWorldScreen$MoreTab
net/minecraft/class_525$class_8095	net/minecraft/client/gui/screens/worldselection/CreateWorldScreen$WorldTab
net/minecraft/class_525$class_8095$1	net/minecraft/client/gui/screens/worldselection/CreateWorldScreen$WorldTab$1
net/minecraft/class_525$class_8095$2	net/minecraft/client/gui/screens/worldselection/CreateWorldScreen$WorldTab$2
net/minecraft/class_5250	net/minecraft/network/chat/MutableComponent
net/minecraft/class_5251	net/minecraft/network/chat/TextColor
net/minecraft/class_5252	net/minecraft/server/commands/AttributeCommand
net/minecraft/class_5253	net/minecraft/util/FastColor
net/minecraft/class_5253$class_5254	net/minecraft/util/FastColor$ARGB32
net/minecraft/class_5253$class_8045	net/minecraft/util/FastColor$ABGR32
net/minecraft/class_5255	net/minecraft/util/datafix/fixes/RedstoneWireConnectionsFix
net/minecraft/class_5256	net/minecraft/util/datafix/fixes/StriderGravityFix
net/minecraft/class_5257	net/minecraft/advancements/critereon/DeserializationContext
net/minecraft/class_5258	net/minecraft/advancements/critereon/ContextAwarePredicate
net/minecraft/class_526	net/minecraft/client/gui/screens/worldselection/SelectWorldScreen
net/minecraft/class_5263	net/minecraft/world/level/PotentialCalculator
net/minecraft/class_5263$class_5264	net/minecraft/world/level/PotentialCalculator$PointCharge
net/minecraft/class_5267	net/minecraft/advancements/critereon/SerializationContext
net/minecraft/class_5268	net/minecraft/world/level/storage/ServerLevelData
net/minecraft/class_5269	net/minecraft/world/level/storage/WritableLevelData
net/minecraft/class_527	net/minecraft/client/gui/screens/worldselection/OptimizeWorldScreen
net/minecraft/class_5270	net/minecraft/world/level/storage/loot/Deserializers
net/minecraft/class_5272	net/minecraft/client/renderer/item/ItemProperties
net/minecraft/class_5272$1	net/minecraft/client/renderer/item/ItemProperties$1
net/minecraft/class_5273	net/minecraft/util/datafix/fixes/VillagerFollowRangeFix
net/minecraft/class_5274	net/minecraft/world/entity/ai/goal/GolemRandomStrollInVillageGoal
net/minecraft/class_5275	net/minecraft/world/entity/vehicle/DismountHelper
net/minecraft/class_5277	net/minecraft/util/datafix/fixes/EntityShulkerRotationFix
net/minecraft/class_5279	net/minecraft/advancements/critereon/PickedUpItemTrigger
net/minecraft/class_5279$class_5280	net/minecraft/advancements/critereon/PickedUpItemTrigger$TriggerInstance
net/minecraft/class_528	net/minecraft/client/gui/screens/worldselection/WorldSelectionList
net/minecraft/class_528$class_4272	net/minecraft/client/gui/screens/worldselection/WorldSelectionList$WorldListEntry
net/minecraft/class_528$class_7414	net/minecraft/client/gui/screens/worldselection/WorldSelectionList$Entry
net/minecraft/class_528$class_7415	net/minecraft/client/gui/screens/worldselection/WorldSelectionList$LoadingHeader
net/minecraft/class_5281	net/minecraft/world/level/WorldGenLevel
net/minecraft/class_5282	net/minecraft/advancements/critereon/LootTableTrigger
net/minecraft/class_5282$class_5283	net/minecraft/advancements/critereon/LootTableTrigger$TriggerInstance
net/minecraft/class_5284	net/minecraft/world/level/levelgen/NoiseGeneratorSettings
net/minecraft/class_5285	net/minecraft/world/level/levelgen/WorldOptions
net/minecraft/class_5289	net/minecraft/client/gui/screens/debug/GameModeSwitcherScreen
net/minecraft/class_5289$1	net/minecraft/client/gui/screens/debug/GameModeSwitcherScreen$1
net/minecraft/class_5289$class_5290	net/minecraft/client/gui/screens/debug/GameModeSwitcherScreen$GameModeIcon
net/minecraft/class_5289$class_5291	net/minecraft/client/gui/screens/debug/GameModeSwitcherScreen$GameModeSlot
net/minecraft/class_5293	net/minecraft/client/gui/screens/worldselection/PresetEditor
net/minecraft/class_5294	net/minecraft/client/renderer/DimensionSpecialEffects
net/minecraft/class_5294$class_5295	net/minecraft/client/renderer/DimensionSpecialEffects$EndEffects
net/minecraft/class_5294$class_5296	net/minecraft/client/renderer/DimensionSpecialEffects$NetherEffects
net/minecraft/class_5294$class_5297	net/minecraft/client/renderer/DimensionSpecialEffects$OverworldEffects
net/minecraft/class_5294$class_5401	net/minecraft/client/renderer/DimensionSpecialEffects$SkyType
net/minecraft/class_5298	net/minecraft/util/datafix/PackedBitStorage
net/minecraft/class_5299	net/minecraft/util/datafix/fixes/WorldGenSettingsFix
net/minecraft/class_5299$class_5300	net/minecraft/util/datafix/fixes/WorldGenSettingsFix$StructureFeatureConfiguration
net/minecraft/class_530	net/minecraft/client/gui/spectator/PlayerMenuItem
net/minecraft/class_5301	net/minecraft/util/datafix/schemas/V2551
net/minecraft/class_5304	net/minecraft/world/level/CustomSpawner
net/minecraft/class_5309	net/minecraft/world/level/levelgen/NoiseSettings
net/minecraft/class_531	net/minecraft/client/gui/spectator/SpectatorMenu
net/minecraft/class_531$1	net/minecraft/client/gui/spectator/SpectatorMenu$1
net/minecraft/class_531$class_532	net/minecraft/client/gui/spectator/SpectatorMenu$CloseSpectatorItem
net/minecraft/class_531$class_533	net/minecraft/client/gui/spectator/SpectatorMenu$ScrollMenuItem
net/minecraft/class_5315	net/minecraft/world/level/storage/LevelVersion
net/minecraft/class_5317	net/minecraft/world/level/levelgen/presets/WorldPresets
net/minecraft/class_5317$class_7146	net/minecraft/world/level/levelgen/presets/WorldPresets$Bootstrap
net/minecraft/class_5321	net/minecraft/resources/ResourceKey
net/minecraft/class_5321$class_7892	net/minecraft/resources/ResourceKey$InternKey
net/minecraft/class_5322	net/minecraft/server/level/PlayerRespawnLogic
net/minecraft/class_5325	net/minecraft/world/entity/ai/behavior/GoToPotentialJobSite
net/minecraft/class_5326	net/minecraft/world/entity/ai/behavior/PoiCompetitorScan
net/minecraft/class_5327	net/minecraft/world/entity/ai/behavior/YieldJobSite
net/minecraft/class_5328	net/minecraft/world/item/ItemUtils
net/minecraft/class_5329	net/minecraft/world/level/BlockCollisions
net/minecraft/class_5330	net/minecraft/world/level/storage/loot/GsonAdapterFactory
net/minecraft/class_5330$class_5331	net/minecraft/world/level/storage/loot/GsonAdapterFactory$Builder
net/minecraft/class_5330$class_5332	net/minecraft/world/level/storage/loot/GsonAdapterFactory$InlineSerializer
net/minecraft/class_5330$class_5333	net/minecraft/world/level/storage/loot/GsonAdapterFactory$JsonAdapter
net/minecraft/class_5335	net/minecraft/world/level/storage/loot/Serializer
net/minecraft/class_5336	net/minecraft/world/level/storage/loot/SerializerType
net/minecraft/class_5338	net/minecraft/world/level/storage/loot/entries/LootPoolEntryType
net/minecraft/class_5339	net/minecraft/world/level/storage/loot/functions/LootItemFunctionType
net/minecraft/class_534	net/minecraft/client/gui/spectator/RootSpectatorMenuCategory
net/minecraft/class_5341	net/minecraft/world/level/storage/loot/predicates/LootItemCondition
net/minecraft/class_5341$class_210	net/minecraft/world/level/storage/loot/predicates/LootItemCondition$Builder
net/minecraft/class_5342	net/minecraft/world/level/storage/loot/predicates/LootItemConditionType
net/minecraft/class_5346	net/minecraft/client/gui/screens/DatapackLoadFailureScreen
net/minecraft/class_5348	net/minecraft/network/chat/FormattedText
net/minecraft/class_5348$1	net/minecraft/network/chat/FormattedText$1
net/minecraft/class_5348$2	net/minecraft/network/chat/FormattedText$2
net/minecraft/class_5348$3	net/minecraft/network/chat/FormattedText$3
net/minecraft/class_5348$4	net/minecraft/network/chat/FormattedText$4
net/minecraft/class_5348$class_5245	net/minecraft/network/chat/FormattedText$ContentConsumer
net/minecraft/class_5348$class_5246	net/minecraft/network/chat/FormattedText$StyledContentConsumer
net/minecraft/class_5349	net/minecraft/server/ServerFunctionLibrary
net/minecraft/class_535	net/minecraft/client/gui/spectator/SpectatorMenuCategory
net/minecraft/class_5350	net/minecraft/server/ReloadableServerResources
net/minecraft/class_5352	net/minecraft/server/packs/repository/PackSource
net/minecraft/class_5352$1	net/minecraft/server/packs/repository/PackSource$1
net/minecraft/class_5354	net/minecraft/world/entity/NeutralMob
net/minecraft/class_5355	net/minecraft/world/entity/ai/behavior/BabyFollowAdult
net/minecraft/class_5356	net/minecraft/world/entity/ai/sensing/AdultSensor
net/minecraft/class_5359	net/minecraft/world/level/DataPackConfig
net/minecraft/class_536	net/minecraft/client/gui/spectator/SpectatorMenuListener
net/minecraft/class_5361	net/minecraft/world/level/EntityBasedExplosionDamageCalculator
net/minecraft/class_5362	net/minecraft/world/level/ExplosionDamageCalculator
net/minecraft/class_5363	net/minecraft/world/level/dimension/LevelStem
net/minecraft/class_5365	net/minecraft/client/GraphicsStatus
net/minecraft/class_5365$1	net/minecraft/client/GraphicsStatus$1
net/minecraft/class_5369	net/minecraft/client/gui/screens/packs/PackSelectionModel
net/minecraft/class_5369$class_5371	net/minecraft/client/gui/screens/packs/PackSelectionModel$Entry
net/minecraft/class_5369$class_5372	net/minecraft/client/gui/screens/packs/PackSelectionModel$EntryBase
net/minecraft/class_5369$class_5373	net/minecraft/client/gui/screens/packs/PackSelectionModel$SelectedPackEntry
net/minecraft/class_5369$class_5374	net/minecraft/client/gui/screens/packs/PackSelectionModel$UnselectedPackEntry
net/minecraft/class_537	net/minecraft/client/gui/spectator/SpectatorMenuItem
net/minecraft/class_5375	net/minecraft/client/gui/screens/packs/PackSelectionScreen
net/minecraft/class_5375$class_5426	net/minecraft/client/gui/screens/packs/PackSelectionScreen$Watcher
net/minecraft/class_5379	net/minecraft/resources/DelegatingOps
net/minecraft/class_538	net/minecraft/client/gui/spectator/categories/TeleportToPlayerMenuCategory
net/minecraft/class_5381	net/minecraft/resources/RegistryFileCodec
net/minecraft/class_539	net/minecraft/client/gui/spectator/categories/SpectatorPage
net/minecraft/class_5396	net/minecraft/util/datafix/fixes/MissingDimensionFix
net/minecraft/class_5398	net/minecraft/world/entity/ai/goal/target/ResetUniversalAngerTargetGoal
net/minecraft/class_5399	net/minecraft/world/level/levelgen/structure/templatesystem/LavaSubmergedBlockProcessor
net/minecraft/class_540	net/minecraft/client/gui/spectator/categories/TeleportToTeamMenuCategory
net/minecraft/class_540$class_541	net/minecraft/client/gui/spectator/categories/TeleportToTeamMenuCategory$TeamSelectionItem
net/minecraft/class_5404	net/minecraft/util/datafix/fixes/OptionsRenameFieldFix
net/minecraft/class_5405	net/minecraft/client/gui/screens/PopupScreen
net/minecraft/class_5405$class_5406	net/minecraft/client/gui/screens/PopupScreen$ButtonOption
net/minecraft/class_5407	net/minecraft/client/renderer/GpuWarnlistManager
net/minecraft/class_5407$class_5408	net/minecraft/client/renderer/GpuWarnlistManager$Preparations
net/minecraft/class_5409	net/minecraft/advancements/critereon/PlayerInteractTrigger
net/minecraft/class_5409$class_5410	net/minecraft/advancements/critereon/PlayerInteractTrigger$TriggerInstance
net/minecraft/class_5411	net/minecraft/stats/RecipeBookSettings
net/minecraft/class_5411$class_5412	net/minecraft/stats/RecipeBookSettings$TypeSettings
net/minecraft/class_5416	net/minecraft/util/datafix/schemas/V2568
net/minecraft/class_5417	net/minecraft/world/entity/ai/sensing/PiglinBruteSpecificSensor
net/minecraft/class_5418	net/minecraft/world/entity/monster/piglin/AbstractPiglin
net/minecraft/class_5419	net/minecraft/world/entity/monster/piglin/PiglinBrute
net/minecraft/class_542	net/minecraft/client/main/GameConfig
net/minecraft/class_542$class_544	net/minecraft/client/main/GameConfig$FolderData
net/minecraft/class_542$class_545	net/minecraft/client/main/GameConfig$GameData
net/minecraft/class_542$class_547	net/minecraft/client/main/GameConfig$UserData
net/minecraft/class_542$class_8495	net/minecraft/client/main/GameConfig$QuickPlayData
net/minecraft/class_5420	net/minecraft/world/entity/monster/piglin/PiglinBruteAi
net/minecraft/class_5421	net/minecraft/world/inventory/RecipeBookType
net/minecraft/class_5423	net/minecraft/world/level/CommonLevelAccessor
net/minecraft/class_5424	net/minecraft/world/level/LevelTimeAccess
net/minecraft/class_5425	net/minecraft/world/level/ServerLevelAccessor
net/minecraft/class_5427	net/minecraft/network/protocol/game/ServerboundRecipeBookChangeSettingsPacket
net/minecraft/class_5429	net/minecraft/util/datafix/fixes/RemoveGolemGossipFix
net/minecraft/class_543	com/mojang/blaze3d/platform/DisplayData
net/minecraft/class_5430	net/minecraft/world/entity/monster/piglin/StopAdmiringIfTiredOfTryingToReachItem
net/minecraft/class_5431	net/minecraft/world/level/block/SupportType
net/minecraft/class_5431$1	net/minecraft/world/level/block/SupportType$1
net/minecraft/class_5431$2	net/minecraft/world/level/block/SupportType$2
net/minecraft/class_5431$3	net/minecraft/world/level/block/SupportType$3
net/minecraft/class_5434	net/minecraft/world/level/levelgen/structure/structures/JigsawStructure
net/minecraft/class_5434$1	net/minecraft/world/level/levelgen/structure/structures/JigsawStructure$1
net/minecraft/class_5437	net/minecraft/world/level/levelgen/feature/configurations/ReplaceSphereConfiguration
net/minecraft/class_5444	net/minecraft/world/level/levelgen/placement/PlacementContext
net/minecraft/class_5450	net/minecraft/world/level/levelgen/placement/InSquarePlacement
net/minecraft/class_5452	net/minecraft/world/level/levelgen/placement/CountOnEveryLayerPlacement
net/minecraft/class_5454	net/minecraft/world/level/portal/PortalInfo
net/minecraft/class_5455	net/minecraft/core/RegistryAccess
net/minecraft/class_5455$1	net/minecraft/core/RegistryAccess$1
net/minecraft/class_5455$class_6890	net/minecraft/core/RegistryAccess$Frozen
net/minecraft/class_5455$class_6891	net/minecraft/core/RegistryAccess$ImmutableRegistryAccess
net/minecraft/class_5455$class_6892	net/minecraft/core/RegistryAccess$RegistryEntry
net/minecraft/class_5455$class_7781	net/minecraft/core/RegistryAccess$1FrozenAccess
net/minecraft/class_5459	net/minecraft/BlockUtil
net/minecraft/class_5459$class_5460	net/minecraft/BlockUtil$FoundRectangle
net/minecraft/class_5459$class_5461	net/minecraft/BlockUtil$IntBounds
net/minecraft/class_5462	net/minecraft/CharPredicate
net/minecraft/class_5463	net/minecraft/data/worldgen/Carvers
net/minecraft/class_5468	net/minecraft/data/worldgen/Pools
net/minecraft/class_5469	net/minecraft/data/worldgen/ProcessorLists
net/minecraft/class_5470	net/minecraft/data/worldgen/Structures
net/minecraft/class_5472	net/minecraft/network/RateKickingConnection
net/minecraft/class_5473	net/minecraft/commands/arguments/AngleArgument
net/minecraft/class_5473$class_5474	net/minecraft/commands/arguments/AngleArgument$SingleAngle
net/minecraft/class_5475	net/minecraft/data/registries/RegistriesDatapackGenerator
net/minecraft/class_5478	net/minecraft/data/worldgen/biome/OverworldBiomes
net/minecraft/class_548	net/minecraft/client/model/ArmorStandArmorModel
net/minecraft/class_5481	net/minecraft/util/FormattedCharSequence
net/minecraft/class_5483	net/minecraft/world/level/biome/MobSpawnSettings
net/minecraft/class_5483$class_1964	net/minecraft/world/level/biome/MobSpawnSettings$SpawnerData
net/minecraft/class_5483$class_5265	net/minecraft/world/level/biome/MobSpawnSettings$MobSpawnCost
net/minecraft/class_5483$class_5496	net/minecraft/world/level/biome/MobSpawnSettings$Builder
net/minecraft/class_5485	net/minecraft/world/level/biome/BiomeGenerationSettings
net/minecraft/class_5485$class_5495	net/minecraft/world/level/biome/BiomeGenerationSettings$Builder
net/minecraft/class_5485$class_7868	net/minecraft/world/level/biome/BiomeGenerationSettings$PlainBuilder
net/minecraft/class_5489	net/minecraft/client/gui/components/MultiLineLabel
net/minecraft/class_5489$1	net/minecraft/client/gui/components/MultiLineLabel$1
net/minecraft/class_5489$2	net/minecraft/client/gui/components/MultiLineLabel$2
net/minecraft/class_5489$class_5490	net/minecraft/client/gui/components/MultiLineLabel$TextWithWidth
net/minecraft/class_549	net/minecraft/client/model/HorseModel
net/minecraft/class_5491	net/minecraft/client/resources/language/FormattedBidiReorder
net/minecraft/class_5492	net/minecraft/network/chat/SubStringSource
net/minecraft/class_5493	net/minecraft/world/entity/ai/util/GoalUtils
net/minecraft/class_5497	net/minecraft/world/level/levelgen/structure/templatesystem/StructureProcessorList
net/minecraft/class_5498	net/minecraft/client/CameraType
net/minecraft/class_55	net/minecraft/world/level/storage/loot/LootPool
net/minecraft/class_55$class_56	net/minecraft/world/level/storage/loot/LootPool$Builder
net/minecraft/class_55$class_57	net/minecraft/world/level/storage/loot/LootPool$Serializer
net/minecraft/class_5500	net/minecraft/client/gui/screens/SimpleOptionsSubScreen
net/minecraft/class_5504	net/minecraft/data/worldgen/biome/BiomeData
net/minecraft/class_551	net/minecraft/client/model/ArmorStandModel
net/minecraft/class_5513	net/minecraft/server/network/TextFilter
net/minecraft/class_5513$1	net/minecraft/server/network/TextFilter$1
net/minecraft/class_5514	net/minecraft/server/network/TextFilterClient
net/minecraft/class_5514$class_5515	net/minecraft/server/network/TextFilterClient$IgnoreStrategy
net/minecraft/class_5514$class_5516	net/minecraft/server/network/TextFilterClient$PlayerContext
net/minecraft/class_5514$class_5517	net/minecraft/server/network/TextFilterClient$RequestFailedException
net/minecraft/class_5514$class_7241	net/minecraft/server/network/TextFilterClient$JoinOrLeaveEncoder
net/minecraft/class_5514$class_7242	net/minecraft/server/network/TextFilterClient$MessageEncoder
net/minecraft/class_5519	net/minecraft/client/gui/screens/social/PlayerEntry
net/minecraft/class_5519$1	net/minecraft/client/gui/screens/social/PlayerEntry$1
net/minecraft/class_5519$2	net/minecraft/client/gui/screens/social/PlayerEntry$2
net/minecraft/class_5519$3	net/minecraft/client/gui/screens/social/PlayerEntry$3
net/minecraft/class_5520	net/minecraft/client/gui/screens/social/PlayerSocialManager
net/minecraft/class_5521	net/minecraft/client/gui/screens/social/SocialInteractionsPlayerList
net/minecraft/class_5522	net/minecraft/client/gui/screens/social/SocialInteractionsScreen
net/minecraft/class_5522$1	net/minecraft/client/gui/screens/social/SocialInteractionsScreen$1
net/minecraft/class_5522$2	net/minecraft/client/gui/screens/social/SocialInteractionsScreen$2
net/minecraft/class_5522$class_5523	net/minecraft/client/gui/screens/social/SocialInteractionsScreen$Page
net/minecraft/class_5525	net/minecraft/util/CryptException
net/minecraft/class_5527	net/minecraft/util/datafix/fixes/BlockRenameFixWithJigsaw
net/minecraft/class_5527$1	net/minecraft/util/datafix/fixes/BlockRenameFixWithJigsaw$1
net/minecraft/class_5528	net/minecraft/util/datafix/fixes/CauldronRenameFix
net/minecraft/class_553	net/minecraft/client/model/BatModel
net/minecraft/class_5530	net/minecraft/world/entity/ai/util/AirAndWaterRandomPos
net/minecraft/class_5531	net/minecraft/world/entity/ai/util/AirRandomPos
net/minecraft/class_5532	net/minecraft/world/entity/ai/util/DefaultRandomPos
net/minecraft/class_5533	net/minecraft/world/entity/ai/util/HoverRandomPos
net/minecraft/class_5534	net/minecraft/world/entity/ai/util/LandRandomPos
net/minecraft/class_5535	net/minecraft/world/entity/ai/util/RandomPos
net/minecraft/class_5536	net/minecraft/world/inventory/ClickAction
net/minecraft/class_5537	net/minecraft/world/item/BundleItem
net/minecraft/class_5538	net/minecraft/world/item/SpyglassItem
net/minecraft/class_5539	net/minecraft/world/level/LevelHeightAccessor
net/minecraft/class_5539$1	net/minecraft/world/level/LevelHeightAccessor$1
net/minecraft/class_554	net/minecraft/client/model/BoatModel
net/minecraft/class_5540	net/minecraft/world/level/block/AbstractCandleBlock
net/minecraft/class_5541	net/minecraft/world/level/block/AmethystBlock
net/minecraft/class_5542	net/minecraft/world/level/block/AmethystClusterBlock
net/minecraft/class_5542$1	net/minecraft/world/level/block/AmethystClusterBlock$1
net/minecraft/class_5543	net/minecraft/world/level/block/BuddingAmethystBlock
net/minecraft/class_5544	net/minecraft/world/level/block/CandleBlock
net/minecraft/class_5545	net/minecraft/world/level/block/CandleCakeBlock
net/minecraft/class_5546	net/minecraft/world/level/block/CauldronBlock
net/minecraft/class_5547	net/minecraft/world/level/block/ChangeOverTimeBlock
net/minecraft/class_555	net/minecraft/client/model/BlazeModel
net/minecraft/class_5551	net/minecraft/world/level/block/EndRodBlock
net/minecraft/class_5552	net/minecraft/world/level/block/GameMasterBlock
net/minecraft/class_5553	net/minecraft/world/level/block/LavaCauldronBlock
net/minecraft/class_5554	net/minecraft/world/level/block/LightningRodBlock
net/minecraft/class_5555	net/minecraft/world/level/block/TintedGlassBlock
net/minecraft/class_5556	net/minecraft/world/level/block/LayeredCauldronBlock
net/minecraft/class_5558	net/minecraft/world/level/block/entity/BlockEntityTicker
net/minecraft/class_5560	net/minecraft/world/level/block/entity/ChestLidController
net/minecraft/class_5561	net/minecraft/world/level/block/entity/ContainerOpenersCounter
net/minecraft/class_5562	net/minecraft/world/level/block/entity/TickingBlockEntity
net/minecraft/class_5565	net/minecraft/world/level/chunk/storage/EntityStorage
net/minecraft/class_5566	net/minecraft/world/level/entity/ChunkEntities
net/minecraft/class_5567	net/minecraft/world/level/entity/ChunkStatusUpdateListener
net/minecraft/class_5568	net/minecraft/world/level/entity/EntityAccess
net/minecraft/class_5569	net/minecraft/world/level/entity/EntityInLevelCallback
net/minecraft/class_5569$1	net/minecraft/world/level/entity/EntityInLevelCallback$1
net/minecraft/class_557	net/minecraft/client/model/BookModel
net/minecraft/class_5570	net/minecraft/world/level/entity/EntityLookup
net/minecraft/class_5571	net/minecraft/world/level/entity/EntityPersistentStorage
net/minecraft/class_5572	net/minecraft/world/level/entity/EntitySection
net/minecraft/class_5573	net/minecraft/world/level/entity/EntitySectionStorage
net/minecraft/class_5574	net/minecraft/world/level/entity/EntityTickList
net/minecraft/class_5575	net/minecraft/world/level/entity/EntityTypeTest
net/minecraft/class_5575$1	net/minecraft/world/level/entity/EntityTypeTest$1
net/minecraft/class_5576	net/minecraft/world/level/entity/LevelCallback
net/minecraft/class_5577	net/minecraft/world/level/entity/LevelEntityGetter
net/minecraft/class_5578	net/minecraft/world/level/entity/LevelEntityGetterAdapter
net/minecraft/class_5579	net/minecraft/world/level/entity/PersistentEntitySectionManager
net/minecraft/class_5579$class_5580	net/minecraft/world/level/entity/PersistentEntitySectionManager$Callback
net/minecraft/class_5579$class_5581	net/minecraft/world/level/entity/PersistentEntitySectionManager$ChunkLoadStatus
net/minecraft/class_558	net/minecraft/client/model/ChickenModel
net/minecraft/class_5582	net/minecraft/world/level/entity/TransientEntitySectionManager
net/minecraft/class_5582$class_5583	net/minecraft/world/level/entity/TransientEntitySectionManager$Callback
net/minecraft/class_5584	net/minecraft/world/level/entity/Visibility
net/minecraft/class_5585	net/minecraft/world/level/levelgen/GeodeBlockSettings
net/minecraft/class_5586	net/minecraft/world/level/levelgen/GeodeCrackSettings
net/minecraft/class_5587	net/minecraft/world/level/levelgen/GeodeLayerSettings
net/minecraft/class_5588	net/minecraft/world/level/levelgen/feature/GeodeFeature
net/minecraft/class_5589	net/minecraft/world/level/levelgen/feature/configurations/GeodeConfiguration
net/minecraft/class_559	net/minecraft/client/model/ChestedHorseModel
net/minecraft/class_5592	net/minecraft/world/level/storage/loot/functions/SetBannerPatternFunction
net/minecraft/class_5592$class_5593	net/minecraft/world/level/storage/loot/functions/SetBannerPatternFunction$Serializer
net/minecraft/class_5592$class_6157	net/minecraft/world/level/storage/loot/functions/SetBannerPatternFunction$Builder
net/minecraft/class_5597	net/minecraft/client/model/HierarchicalModel
net/minecraft/class_5598	net/minecraft/client/model/SkullModelBase
net/minecraft/class_5599	net/minecraft/client/model/geom/EntityModelSet
net/minecraft/class_560	net/minecraft/client/model/CowModel
net/minecraft/class_5600	net/minecraft/client/model/geom/LayerDefinitions
net/minecraft/class_5601	net/minecraft/client/model/geom/ModelLayerLocation
net/minecraft/class_5602	net/minecraft/client/model/geom/ModelLayers
net/minecraft/class_5603	net/minecraft/client/model/geom/PartPose
net/minecraft/class_5604	net/minecraft/client/model/geom/builders/CubeDefinition
net/minecraft/class_5605	net/minecraft/client/model/geom/builders/CubeDeformation
net/minecraft/class_5606	net/minecraft/client/model/geom/builders/CubeListBuilder
net/minecraft/class_5607	net/minecraft/client/model/geom/builders/LayerDefinition
net/minecraft/class_5608	net/minecraft/client/model/geom/builders/MaterialDefinition
net/minecraft/class_5609	net/minecraft/client/model/geom/builders/MeshDefinition
net/minecraft/class_561	net/minecraft/client/model/CodModel
net/minecraft/class_5610	net/minecraft/client/model/geom/builders/PartDefinition
net/minecraft/class_5611	net/minecraft/client/model/geom/builders/UVPair
net/minecraft/class_5614	net/minecraft/client/renderer/blockentity/BlockEntityRendererProvider
net/minecraft/class_5614$class_5615	net/minecraft/client/renderer/blockentity/BlockEntityRendererProvider$Context
net/minecraft/class_5616	net/minecraft/client/renderer/blockentity/BlockEntityRenderers
net/minecraft/class_5617	net/minecraft/client/renderer/entity/EntityRendererProvider
net/minecraft/class_5617$class_5618	net/minecraft/client/renderer/entity/EntityRendererProvider$Context
net/minecraft/class_5619	net/minecraft/client/renderer/entity/EntityRenderers
net/minecraft/class_562	net/minecraft/client/model/CreeperModel
net/minecraft/class_5620	net/minecraft/core/cauldron/CauldronInteraction
net/minecraft/class_5622	net/minecraft/gametest/framework/ExhaustedAttemptsException
net/minecraft/class_5623	net/minecraft/gametest/framework/GlobalTestReporter
net/minecraft/class_5624	net/minecraft/gametest/framework/ReportGameListener
net/minecraft/class_5625	net/minecraft/nbt/SnbtPrinterTagVisitor
net/minecraft/class_5626	net/minecraft/nbt/StringTagVisitor
net/minecraft/class_5627	net/minecraft/nbt/TagVisitor
net/minecraft/class_5628	net/minecraft/nbt/TextComponentTagVisitor
net/minecraft/class_5629	net/minecraft/server/network/ServerPlayerConnection
net/minecraft/class_563	net/minecraft/client/model/ElytraModel
net/minecraft/class_5630	net/minecraft/world/entity/SlotAccess
net/minecraft/class_5630$1	net/minecraft/world/entity/SlotAccess$1
net/minecraft/class_5630$2	net/minecraft/world/entity/SlotAccess$2
net/minecraft/class_5630$3	net/minecraft/world/entity/SlotAccess$3
net/minecraft/class_5631	net/minecraft/world/inventory/tooltip/BundleTooltip
net/minecraft/class_5632	net/minecraft/world/inventory/tooltip/TooltipComponent
net/minecraft/class_5633	net/minecraft/world/item/DispensibleContainerItem
net/minecraft/class_5634	net/minecraft/world/item/SolidBucketItem
net/minecraft/class_5635	net/minecraft/world/level/block/PowderSnowBlock
net/minecraft/class_5636	net/minecraft/world/level/material/FogType
net/minecraft/class_564	net/minecraft/client/model/DrownedModel
net/minecraft/class_5642	net/minecraft/world/level/storage/loot/functions/SetEnchantmentsFunction
net/minecraft/class_5642$class_5643	net/minecraft/world/level/storage/loot/functions/SetEnchantmentsFunction$Serializer
net/minecraft/class_5642$class_6158	net/minecraft/world/level/storage/loot/functions/SetEnchantmentsFunction$Builder
net/minecraft/class_5644	net/minecraft/world/level/storage/loot/predicates/ValueCheckCondition
net/minecraft/class_5644$class_5645	net/minecraft/world/level/storage/loot/predicates/ValueCheckCondition$Serializer
net/minecraft/class_5646	net/minecraft/world/level/storage/loot/providers/nbt/ContextNbtProvider
net/minecraft/class_5646$1	net/minecraft/world/level/storage/loot/providers/nbt/ContextNbtProvider$1
net/minecraft/class_5646$2	net/minecraft/world/level/storage/loot/providers/nbt/ContextNbtProvider$2
net/minecraft/class_5646$class_5647	net/minecraft/world/level/storage/loot/providers/nbt/ContextNbtProvider$InlineSerializer
net/minecraft/class_5646$class_5648	net/minecraft/world/level/storage/loot/providers/nbt/ContextNbtProvider$Getter
net/minecraft/class_5646$class_5649	net/minecraft/world/level/storage/loot/providers/nbt/ContextNbtProvider$Serializer
net/minecraft/class_565	net/minecraft/client/model/EndermiteModel
net/minecraft/class_5650	net/minecraft/world/level/storage/loot/providers/nbt/LootNbtProviderType
net/minecraft/class_5651	net/minecraft/world/level/storage/loot/providers/nbt/NbtProvider
net/minecraft/class_5652	net/minecraft/world/level/storage/loot/providers/nbt/NbtProviders
net/minecraft/class_5653	net/minecraft/world/level/storage/loot/providers/nbt/StorageNbtProvider
net/minecraft/class_5653$class_5654	net/minecraft/world/level/storage/loot/providers/nbt/StorageNbtProvider$Serializer
net/minecraft/class_5657	net/minecraft/world/level/storage/loot/providers/number/LootNumberProviderType
net/minecraft/class_5658	net/minecraft/world/level/storage/loot/providers/number/NumberProvider
net/minecraft/class_5659	net/minecraft/world/level/storage/loot/providers/number/NumberProviders
net/minecraft/class_566	net/minecraft/client/model/EndermanModel
net/minecraft/class_5660	net/minecraft/world/level/storage/loot/providers/number/ScoreboardValue
net/minecraft/class_5660$class_5661	net/minecraft/world/level/storage/loot/providers/number/ScoreboardValue$Serializer
net/minecraft/class_5662	net/minecraft/world/level/storage/loot/providers/number/UniformGenerator
net/minecraft/class_5662$class_5663	net/minecraft/world/level/storage/loot/providers/number/UniformGenerator$Serializer
net/minecraft/class_5664	net/minecraft/world/level/storage/loot/providers/score/ContextScoreboardNameProvider
net/minecraft/class_5664$class_5665	net/minecraft/world/level/storage/loot/providers/score/ContextScoreboardNameProvider$InlineSerializer
net/minecraft/class_5664$class_5666	net/minecraft/world/level/storage/loot/providers/score/ContextScoreboardNameProvider$Serializer
net/minecraft/class_5667	net/minecraft/world/level/storage/loot/providers/score/FixedScoreboardNameProvider
net/minecraft/class_5667$class_5668	net/minecraft/world/level/storage/loot/providers/score/FixedScoreboardNameProvider$Serializer
net/minecraft/class_5669	net/minecraft/world/level/storage/loot/providers/score/LootScoreProviderType
net/minecraft/class_567	net/minecraft/client/model/GhastModel
net/minecraft/class_5670	net/minecraft/world/level/storage/loot/providers/score/ScoreboardNameProvider
net/minecraft/class_5671	net/minecraft/world/level/storage/loot/providers/score/ScoreboardNameProviders
net/minecraft/class_5672	com/mojang/realmsclient/util/LevelType
net/minecraft/class_5673	com/mojang/realmsclient/util/task/ResettingGeneratedWorldTask
net/minecraft/class_5674	com/mojang/realmsclient/util/task/ResettingTemplateWorldTask
net/minecraft/class_5676	net/minecraft/client/gui/components/CycleButton
net/minecraft/class_5676$class_5677	net/minecraft/client/gui/components/CycleButton$Builder
net/minecraft/class_5676$class_5678	net/minecraft/client/gui/components/CycleButton$OnValueChange
net/minecraft/class_5676$class_5680	net/minecraft/client/gui/components/CycleButton$ValueListSupplier
net/minecraft/class_5676$class_5680$1	net/minecraft/client/gui/components/CycleButton$ValueListSupplier$1
net/minecraft/class_5676$class_5680$2	net/minecraft/client/gui/components/CycleButton$ValueListSupplier$2
net/minecraft/class_568	net/minecraft/client/model/EvokerFangsModel
net/minecraft/class_5682	net/minecraft/client/gui/screens/inventory/tooltip/ClientBundleTooltip
net/minecraft/class_5682$class_5771	net/minecraft/client/gui/screens/inventory/tooltip/ClientBundleTooltip$Texture
net/minecraft/class_5683	net/minecraft/client/gui/screens/inventory/tooltip/ClientTextTooltip
net/minecraft/class_5684	net/minecraft/client/gui/screens/inventory/tooltip/ClientTooltipComponent
net/minecraft/class_5685	net/minecraft/client/particle/SnowflakeParticle
net/minecraft/class_5685$class_5686	net/minecraft/client/particle/SnowflakeParticle$Provider
net/minecraft/class_5687	net/minecraft/server/commands/ItemCommands
net/minecraft/class_5688	net/minecraft/world/level/block/Fallable
net/minecraft/class_5689	net/minecraft/world/level/block/PointedDripstoneBlock
net/minecraft/class_5689$class_7381	net/minecraft/world/level/block/PointedDripstoneBlock$FluidInfo
net/minecraft/class_5691	net/minecraft/world/level/block/state/properties/DripstoneThickness
net/minecraft/class_5697	net/minecraft/client/renderer/entity/layers/PlayerItemInHandLayer
net/minecraft/class_5698	net/minecraft/tags/GameEventTags
net/minecraft/class_5699	net/minecraft/util/ExtraCodecs
net/minecraft/class_5699$1	net/minecraft/util/ExtraCodecs$1
net/minecraft/class_5699$2	net/minecraft/util/ExtraCodecs$2
net/minecraft/class_5699$3	net/minecraft/util/ExtraCodecs$3
net/minecraft/class_5699$4	net/minecraft/util/ExtraCodecs$4
net/minecraft/class_5699$class_5839	net/minecraft/util/ExtraCodecs$XorCodec
net/minecraft/class_5699$class_6495	net/minecraft/util/ExtraCodecs$EitherCodec
net/minecraft/class_5699$class_6739	net/minecraft/util/ExtraCodecs$LazyInitializedCodec
net/minecraft/class_5699$class_6866	net/minecraft/util/ExtraCodecs$1ContextRetrievalCodec
net/minecraft/class_5699$class_7476	net/minecraft/util/ExtraCodecs$TagOrElementLocation
net/minecraft/class_570	net/minecraft/client/model/GuardianModel
net/minecraft/class_5701	net/minecraft/util/datafix/schemas/V2684
net/minecraft/class_5702	net/minecraft/world/level/ClipBlockStateContext
net/minecraft/class_5703	net/minecraft/world/level/block/SculkSensorBlock
net/minecraft/class_5704	net/minecraft/world/level/block/entity/SculkSensorBlockEntity
net/minecraft/class_5704$class_8241	net/minecraft/world/level/block/entity/SculkSensorBlockEntity$VibrationUser
net/minecraft/class_5705	net/minecraft/world/level/block/state/properties/SculkSensorPhase
net/minecraft/class_5707	net/minecraft/world/level/gameevent/BlockPositionSource
net/minecraft/class_5707$class_5708	net/minecraft/world/level/gameevent/BlockPositionSource$Type
net/minecraft/class_5709	net/minecraft/world/level/gameevent/EntityPositionSource
net/minecraft/class_5709$class_5710	net/minecraft/world/level/gameevent/EntityPositionSource$Type
net/minecraft/class_571	net/minecraft/client/model/RavagerModel
net/minecraft/class_5711	net/minecraft/world/level/gameevent/EuclideanGameEventListenerRegistry
net/minecraft/class_5711$class_8512	net/minecraft/world/level/gameevent/EuclideanGameEventListenerRegistry$OnEmptyAction
net/minecraft/class_5712	net/minecraft/world/level/gameevent/GameEvent
net/minecraft/class_5712$class_7397	net/minecraft/world/level/gameevent/GameEvent$Context
net/minecraft/class_5712$class_7447	net/minecraft/world/level/gameevent/GameEvent$ListenerInfo
net/minecraft/class_5713	net/minecraft/world/level/gameevent/GameEventListenerRegistry
net/minecraft/class_5713$1	net/minecraft/world/level/gameevent/GameEventListenerRegistry$1
net/minecraft/class_5713$class_7721	net/minecraft/world/level/gameevent/GameEventListenerRegistry$ListenerVisitor
net/minecraft/class_5714	net/minecraft/world/level/gameevent/GameEventListener
net/minecraft/class_5714$class_7720	net/minecraft/world/level/gameevent/GameEventListener$DeliveryMode
net/minecraft/class_5714$class_8513	net/minecraft/world/level/gameevent/GameEventListener$Holder
net/minecraft/class_5715	net/minecraft/world/level/gameevent/DynamicGameEventListener
net/minecraft/class_5716	net/minecraft/world/level/gameevent/PositionSource
net/minecraft/class_5717	net/minecraft/world/level/gameevent/PositionSourceType
net/minecraft/class_572	net/minecraft/client/model/HumanoidModel
net/minecraft/class_572$1	net/minecraft/client/model/HumanoidModel$1
net/minecraft/class_572$class_573	net/minecraft/client/model/HumanoidModel$ArmPose
net/minecraft/class_5721	net/minecraft/world/level/levelgen/Column
net/minecraft/class_5721$class_5722	net/minecraft/world/level/levelgen/Column$Line
net/minecraft/class_5721$class_5723	net/minecraft/world/level/levelgen/Column$Range
net/minecraft/class_5721$class_5724	net/minecraft/world/level/levelgen/Column$Ray
net/minecraft/class_5725	net/minecraft/world/level/levelgen/feature/DripstoneClusterFeature
net/minecraft/class_5726	net/minecraft/world/level/levelgen/feature/DripstoneUtils
net/minecraft/class_5727	net/minecraft/world/level/levelgen/feature/LargeDripstoneFeature
net/minecraft/class_5727$class_5728	net/minecraft/world/level/levelgen/feature/LargeDripstoneFeature$LargeDripstone
net/minecraft/class_5727$class_5729	net/minecraft/world/level/levelgen/feature/LargeDripstoneFeature$WindOffsetter
net/minecraft/class_5730	net/minecraft/world/level/levelgen/feature/PointedDripstoneFeature
net/minecraft/class_5731	net/minecraft/world/level/levelgen/feature/configurations/DripstoneClusterConfiguration
net/minecraft/class_5732	net/minecraft/world/level/levelgen/feature/configurations/LargeDripstoneConfiguration
net/minecraft/class_5733	net/minecraft/world/level/levelgen/feature/configurations/PointedDripstoneConfiguration
net/minecraft/class_5734	net/minecraft/client/particle/DustColorTransitionParticle
net/minecraft/class_5734$class_5735	net/minecraft/client/particle/DustColorTransitionParticle$Provider
net/minecraft/class_5736	net/minecraft/client/particle/DustParticleBase
net/minecraft/class_5737	net/minecraft/client/particle/VibrationSignalParticle
net/minecraft/class_5737$class_5738	net/minecraft/client/particle/VibrationSignalParticle$Provider
net/minecraft/class_5739	net/minecraft/client/renderer/debug/GameEventListenerRenderer
net/minecraft/class_5739$class_5740	net/minecraft/client/renderer/debug/GameEventListenerRenderer$TrackedGameEvent
net/minecraft/class_5739$class_5741	net/minecraft/client/renderer/debug/GameEventListenerRenderer$TrackedListener
net/minecraft/class_574	net/minecraft/client/model/IronGolemModel
net/minecraft/class_5742	net/minecraft/core/QuartPos
net/minecraft/class_5743	net/minecraft/core/particles/DustColorTransitionOptions
net/minecraft/class_5743$1	net/minecraft/core/particles/DustColorTransitionOptions$1
net/minecraft/class_5744	net/minecraft/core/particles/DustParticleOptionsBase
net/minecraft/class_5745	net/minecraft/core/particles/VibrationParticleOption
net/minecraft/class_5745$1	net/minecraft/core/particles/VibrationParticleOption$1
net/minecraft/class_5746	net/minecraft/data/tags/GameEventTagsProvider
net/minecraft/class_575	net/minecraft/client/model/IllagerModel
net/minecraft/class_5752	net/minecraft/util/datafix/schemas/V2686
net/minecraft/class_5753	net/minecraft/world/entity/ai/behavior/CountDownCooldownTicks
net/minecraft/class_5754	net/minecraft/world/entity/ai/behavior/FollowTemptation
net/minecraft/class_5756	net/minecraft/world/entity/ai/behavior/TryFindWater
net/minecraft/class_5757	net/minecraft/world/entity/ai/control/SmoothSwimmingMoveControl
net/minecraft/class_576	net/minecraft/client/model/LavaSlimeModel
net/minecraft/class_5760	net/minecraft/world/entity/ai/sensing/TemptingSensor
net/minecraft/class_5761	net/minecraft/world/entity/animal/Bucketable
net/minecraft/class_5762	net/minecraft/world/entity/animal/axolotl/Axolotl
net/minecraft/class_5762$class_5763	net/minecraft/world/entity/animal/axolotl/Axolotl$AxolotlGroupData
net/minecraft/class_5762$class_5764	net/minecraft/world/entity/animal/axolotl/Axolotl$AxolotlLookControl
net/minecraft/class_5762$class_5765	net/minecraft/world/entity/animal/axolotl/Axolotl$AxolotlMoveControl
net/minecraft/class_5762$class_5767	net/minecraft/world/entity/animal/axolotl/Axolotl$Variant
net/minecraft/class_5766	net/minecraft/world/entity/ai/navigation/AmphibiousPathNavigation
net/minecraft/class_5768	net/minecraft/world/entity/animal/axolotl/AxolotlAi
net/minecraft/class_5769	net/minecraft/world/entity/animal/axolotl/PlayDead
net/minecraft/class_5770	net/minecraft/world/entity/animal/axolotl/ValidatePlayDead
net/minecraft/class_5772	net/minecraft/client/model/AxolotlModel
net/minecraft/class_5774	net/minecraft/client/renderer/entity/AxolotlRenderer
net/minecraft/class_5775	net/minecraft/util/datafix/schemas/V2688
net/minecraft/class_5776	net/minecraft/world/entity/GlowSquid
net/minecraft/class_5777	net/minecraft/world/level/block/GlowLichenBlock
net/minecraft/class_5778	net/minecraft/world/level/block/MultifaceBlock
net/minecraft/class_5779	net/minecraft/world/level/levelgen/feature/MultifaceGrowthFeature
net/minecraft/class_578	net/minecraft/client/model/LlamaModel
net/minecraft/class_5780	net/minecraft/world/level/levelgen/feature/configurations/MultifaceGrowthConfiguration
net/minecraft/class_5786	net/minecraft/client/particle/GlowParticle
net/minecraft/class_5786$class_5956	net/minecraft/client/particle/GlowParticle$ElectricSparkProvider
net/minecraft/class_5786$class_5957	net/minecraft/client/particle/GlowParticle$GlowSquidProvider
net/minecraft/class_5786$class_5958	net/minecraft/client/particle/GlowParticle$ScrapeProvider
net/minecraft/class_5786$class_5959	net/minecraft/client/particle/GlowParticle$WaxOffProvider
net/minecraft/class_5786$class_5960	net/minecraft/client/particle/GlowParticle$WaxOnProvider
net/minecraft/class_5789	net/minecraft/client/renderer/entity/GlowSquidRenderer
net/minecraft/class_579	net/minecraft/client/model/LeashKnotModel
net/minecraft/class_5793	net/minecraft/data/BlockFamilies
net/minecraft/class_5794	net/minecraft/data/BlockFamily
net/minecraft/class_5794$class_5795	net/minecraft/data/BlockFamily$Builder
net/minecraft/class_5794$class_5796	net/minecraft/data/BlockFamily$Variant
net/minecraft/class_5797	net/minecraft/data/recipes/RecipeBuilder
net/minecraft/class_5798	net/minecraft/util/ThreadingDetector
net/minecraft/class_58	net/minecraft/world/level/storage/loot/ValidationContext
net/minecraft/class_580	net/minecraft/client/model/MinecartModel
net/minecraft/class_5800	net/minecraft/world/level/block/AzaleaBlock
net/minecraft/class_5801	net/minecraft/world/level/block/BigDripleafBlock
net/minecraft/class_5802	net/minecraft/world/level/block/BigDripleafStemBlock
net/minecraft/class_5802$1	net/minecraft/world/level/block/BigDripleafStemBlock$1
net/minecraft/class_5803	net/minecraft/world/level/block/CaveVines
net/minecraft/class_5804	net/minecraft/world/level/block/CaveVinesPlantBlock
net/minecraft/class_5805	net/minecraft/world/level/block/CaveVinesBlock
net/minecraft/class_5806	net/minecraft/world/level/block/HangingRootsBlock
net/minecraft/class_5807	net/minecraft/world/level/block/MossBlock
net/minecraft/class_5808	net/minecraft/world/level/block/SmallDripleafBlock
net/minecraft/class_5809	net/minecraft/world/level/block/SporeBlossomBlock
net/minecraft/class_581	net/minecraft/client/model/LlamaSpitModel
net/minecraft/class_5812	net/minecraft/world/level/block/WeatheringCopperFullBlock
net/minecraft/class_5813	net/minecraft/world/level/block/WeatheringCopperSlabBlock
net/minecraft/class_5814	net/minecraft/world/level/block/WeatheringCopperStairBlock
net/minecraft/class_5815	net/minecraft/world/level/block/WoolCarpetBlock
net/minecraft/class_5816	net/minecraft/world/level/block/state/properties/Tilt
net/minecraft/class_5817	net/minecraft/world/level/levelgen/Beardifier
net/minecraft/class_5817$1	net/minecraft/world/level/levelgen/Beardifier$1
net/minecraft/class_5817$class_7301	net/minecraft/world/level/levelgen/Beardifier$Rigid
net/minecraft/class_5819	net/minecraft/util/RandomSource
net/minecraft/class_582	net/minecraft/client/model/OcelotModel
net/minecraft/class_5820	net/minecraft/world/level/levelgen/LegacyRandomSource
net/minecraft/class_5820$class_6671	net/minecraft/world/level/levelgen/LegacyRandomSource$LegacyPositionalRandomFactory
net/minecraft/class_5821	net/minecraft/world/level/levelgen/feature/FeaturePlaceContext
net/minecraft/class_5822	net/minecraft/world/level/levelgen/synth/BlendedNoise
net/minecraft/class_5829	net/minecraft/client/tutorial/BundleTutorial
net/minecraft/class_583	net/minecraft/client/model/EntityModel
net/minecraft/class_5831	net/minecraft/util/DebugBuffer
net/minecraft/class_5834	net/minecraft/world/level/levelgen/feature/UnderwaterMagmaFeature
net/minecraft/class_5835	net/minecraft/world/level/levelgen/feature/configurations/UnderwaterMagmaConfiguration
net/minecraft/class_5836	net/minecraft/world/level/levelgen/synth/NoiseUtils
net/minecraft/class_5837	net/minecraft/server/network/FilteredText
net/minecraft/class_5838	net/minecraft/server/players/SleepStatus
net/minecraft/class_584	net/minecraft/client/model/ParrotModel
net/minecraft/class_584$1	net/minecraft/client/model/ParrotModel$1
net/minecraft/class_584$class_585	net/minecraft/client/model/ParrotModel$State
net/minecraft/class_5843	net/minecraft/world/level/levelgen/VerticalAnchor
net/minecraft/class_5843$class_5844	net/minecraft/world/level/levelgen/VerticalAnchor$AboveBottom
net/minecraft/class_5843$class_5845	net/minecraft/world/level/levelgen/VerticalAnchor$Absolute
net/minecraft/class_5843$class_5846	net/minecraft/world/level/levelgen/VerticalAnchor$BelowTop
net/minecraft/class_5847	net/minecraft/world/level/levelgen/structure/TerrainAdjustment
net/minecraft/class_5851	net/minecraft/world/level/levelgen/placement/CarvingMaskPlacement
net/minecraft/class_5857	net/minecraft/world/level/levelgen/placement/RepeatingPlacement
net/minecraft/class_586	net/minecraft/client/model/PandaModel
net/minecraft/class_5861	net/minecraft/util/valueproviders/ClampedNormalFloat
net/minecraft/class_5862	net/minecraft/util/valueproviders/ConstantFloat
net/minecraft/class_5863	net/minecraft/util/valueproviders/FloatProvider
net/minecraft/class_5864	net/minecraft/util/valueproviders/FloatProviderType
net/minecraft/class_5865	net/minecraft/util/valueproviders/TrapezoidFloat
net/minecraft/class_5866	net/minecraft/util/valueproviders/UniformFloat
net/minecraft/class_5867	net/minecraft/world/level/chunk/BulkSectionAccess
net/minecraft/class_5868	net/minecraft/world/level/levelgen/WorldGenerationContext
net/minecraft/class_5869	net/minecraft/world/level/levelgen/carver/CanyonCarverConfiguration
net/minecraft/class_5869$class_6107	net/minecraft/world/level/levelgen/carver/CanyonCarverConfiguration$CanyonShapeConfiguration
net/minecraft/class_587	net/minecraft/client/model/PigModel
net/minecraft/class_5870	net/minecraft/world/level/levelgen/carver/CanyonWorldCarver
net/minecraft/class_5871	net/minecraft/world/level/levelgen/carver/CarverConfiguration
net/minecraft/class_5872	net/minecraft/world/level/levelgen/carver/CarverDebugSettings
net/minecraft/class_5873	net/minecraft/world/level/levelgen/carver/CarvingContext
net/minecraft/class_5875	net/minecraft/world/level/levelgen/feature/ScatteredOreFeature
net/minecraft/class_5878	net/minecraft/core/particles/ParticleGroup
net/minecraft/class_588	net/minecraft/client/model/PhantomModel
net/minecraft/class_5888	net/minecraft/network/protocol/game/ClientboundClearTitlesPacket
net/minecraft/class_5889	net/minecraft/network/protocol/game/ClientboundInitializeBorderPacket
net/minecraft/class_5890	net/minecraft/network/protocol/game/ClientboundPlayerCombatEndPacket
net/minecraft/class_5891	net/minecraft/network/protocol/game/ClientboundPlayerCombatEnterPacket
net/minecraft/class_5892	net/minecraft/network/protocol/game/ClientboundPlayerCombatKillPacket
net/minecraft/class_5894	net/minecraft/network/protocol/game/ClientboundSetActionBarTextPacket
net/minecraft/class_5895	net/minecraft/network/protocol/game/ClientboundSetBorderCenterPacket
net/minecraft/class_5896	net/minecraft/network/protocol/game/ClientboundSetBorderLerpSizePacket
net/minecraft/class_5897	net/minecraft/network/protocol/game/ClientboundSetBorderSizePacket
net/minecraft/class_5898	net/minecraft/network/protocol/game/ClientboundSetBorderWarningDelayPacket
net/minecraft/class_5899	net/minecraft/network/protocol/game/ClientboundSetBorderWarningDistancePacket
net/minecraft/class_590	net/minecraft/client/model/PolarBearModel
net/minecraft/class_5900	net/minecraft/network/protocol/game/ClientboundSetPlayerTeamPacket
net/minecraft/class_5900$class_5901	net/minecraft/network/protocol/game/ClientboundSetPlayerTeamPacket$Action
net/minecraft/class_5900$class_5902	net/minecraft/network/protocol/game/ClientboundSetPlayerTeamPacket$Parameters
net/minecraft/class_5903	net/minecraft/network/protocol/game/ClientboundSetSubtitleTextPacket
net/minecraft/class_5904	net/minecraft/network/protocol/game/ClientboundSetTitleTextPacket
net/minecraft/class_5905	net/minecraft/network/protocol/game/ClientboundSetTitlesAnimationPacket
net/minecraft/class_591	net/minecraft/client/model/PlayerModel
net/minecraft/class_5912	net/minecraft/server/packs/resources/ResourceProvider
net/minecraft/class_5913	com/mojang/blaze3d/preprocessor/GlslPreprocessor
net/minecraft/class_5913$class_5914	com/mojang/blaze3d/preprocessor/GlslPreprocessor$Context
net/minecraft/class_5915	net/minecraft/world/entity/decoration/GlowItemFrame
net/minecraft/class_5916	net/minecraft/world/inventory/ContainerSynchronizer
net/minecraft/class_5919	net/minecraft/world/level/levelgen/feature/FossilFeatureConfiguration
net/minecraft/class_592	net/minecraft/client/model/PufferfishBigModel
net/minecraft/class_5921	net/minecraft/world/level/levelgen/feature/RootSystemFeature
net/minecraft/class_5922	net/minecraft/world/level/levelgen/feature/VegetationPatchFeature
net/minecraft/class_5923	net/minecraft/world/level/levelgen/feature/WaterloggedVegetationPatchFeature
net/minecraft/class_5925	net/minecraft/world/level/levelgen/placement/HeightmapPlacement
net/minecraft/class_5926	net/minecraft/world/level/levelgen/feature/configurations/RootSystemConfiguration
net/minecraft/class_5927	net/minecraft/world/level/levelgen/feature/configurations/VegetationPatchConfiguration
net/minecraft/class_5928	net/minecraft/world/level/levelgen/feature/foliageplacers/RandomSpreadFoliagePlacer
net/minecraft/class_5929	net/minecraft/world/level/levelgen/feature/stateproviders/RandomizedIntStateProvider
net/minecraft/class_5930	net/minecraft/world/level/levelgen/feature/trunkplacers/BendingTrunkPlacer
net/minecraft/class_5932	net/minecraft/world/level/levelgen/placement/CaveSurface
net/minecraft/class_5934	net/minecraft/world/level/levelgen/placement/SurfaceWaterDepthFilter
net/minecraft/class_5936	com/mojang/blaze3d/shaders/Effect
net/minecraft/class_5937	com/mojang/blaze3d/shaders/EffectProgram
net/minecraft/class_5937$1	com/mojang/blaze3d/shaders/EffectProgram$1
net/minecraft/class_594	net/minecraft/client/model/PufferfishSmallModel
net/minecraft/class_5944	net/minecraft/client/renderer/ShaderInstance
net/minecraft/class_5944$1	net/minecraft/client/renderer/ShaderInstance$1
net/minecraft/class_5945	net/minecraft/util/ParticleUtils
net/minecraft/class_5946	net/minecraft/util/datafix/fixes/AbstractArrowPickupFix
net/minecraft/class_5947	net/minecraft/util/datafix/fixes/SavedDataFeaturePoolElementFix
net/minecraft/class_5949	net/minecraft/util/profiling/metrics/MetricCategory
net/minecraft/class_595	net/minecraft/client/model/PufferfishMidModel
net/minecraft/class_5950	net/minecraft/util/profiling/metrics/MetricsRegistry
net/minecraft/class_5950$class_6399	net/minecraft/util/profiling/metrics/MetricsRegistry$AggregatedMetricSampler
net/minecraft/class_5952	net/minecraft/util/profiling/metrics/ProfilerMeasured
net/minecraft/class_5953	net/minecraft/world/item/HoneycombItem
net/minecraft/class_5954	net/minecraft/world/level/block/RootedDirtBlock
net/minecraft/class_5955	net/minecraft/world/level/block/WeatheringCopper
net/minecraft/class_5955$class_5811	net/minecraft/world/level/block/WeatheringCopper$WeatherState
net/minecraft/class_596	net/minecraft/client/model/RabbitModel
net/minecraft/class_5961	net/minecraft/util/profiling/metrics/profiling/ActiveMetricsRecorder
net/minecraft/class_5962	net/minecraft/util/profiling/metrics/profiling/MetricsRecorder
net/minecraft/class_5963	net/minecraft/util/profiling/metrics/profiling/InactiveMetricsRecorder
net/minecraft/class_5964	net/minecraft/util/profiling/metrics/storage/RecordedDeviation
net/minecraft/class_5965	net/minecraft/util/profiling/metrics/MetricSampler
net/minecraft/class_5965$class_5966	net/minecraft/util/profiling/metrics/MetricSampler$MetricSamplerBuilder
net/minecraft/class_5965$class_5967	net/minecraft/util/profiling/metrics/MetricSampler$ThresholdTest
net/minecraft/class_5965$class_5968	net/minecraft/util/profiling/metrics/MetricSampler$ValueIncreasedByPercentage
net/minecraft/class_5965$class_6398	net/minecraft/util/profiling/metrics/MetricSampler$SamplerResult
net/minecraft/class_597	net/minecraft/client/model/QuadrupedModel
net/minecraft/class_5971	net/minecraft/util/profiling/metrics/storage/MetricsPersister
net/minecraft/class_5973	com/mojang/math/Constants
net/minecraft/class_5974	net/minecraft/server/commands/data/package-info
net/minecraft/class_5975	net/minecraft/server/commands/package-info
net/minecraft/class_5976	net/minecraft/server/dedicated/package-info
net/minecraft/class_5977	net/minecraft/server/gui/package-info
net/minecraft/class_5978	net/minecraft/server/level/package-info
net/minecraft/class_5979	net/minecraft/server/level/progress/package-info
net/minecraft/class_598	net/minecraft/client/model/SheepFurModel
net/minecraft/class_5982	net/minecraft/server/network/package-info
net/minecraft/class_5983	net/minecraft/server/package-info
net/minecraft/class_5984	net/minecraft/server/packs/metadata/pack/package-info
net/minecraft/class_5985	net/minecraft/server/packs/metadata/package-info
net/minecraft/class_5986	net/minecraft/server/packs/package-info
net/minecraft/class_5987	net/minecraft/server/packs/repository/package-info
net/minecraft/class_5988	net/minecraft/server/packs/resources/package-info
net/minecraft/class_5989	net/minecraft/server/players/package-info
net/minecraft/class_599	net/minecraft/client/model/SalmonModel
net/minecraft/class_5990	net/minecraft/server/rcon/package-info
net/minecraft/class_5991	net/minecraft/server/rcon/thread/package-info
net/minecraft/class_5992	net/minecraft/sounds/package-info
net/minecraft/class_5993	net/minecraft/stats/package-info
net/minecraft/class_5994	net/minecraft/tags/package-info
net/minecraft/class_5996	net/minecraft/util/VisibleForDebug
net/minecraft/class_5997	net/minecraft/util/datafix/fixes/package-info
net/minecraft/class_5998	net/minecraft/util/datafix/package-info
net/minecraft/class_5999	net/minecraft/util/datafix/schemas/V2571
net/minecraft/class_6	net/minecraft/world/level/pathfinder/FlyNodeEvaluator
net/minecraft/class_60	net/minecraft/world/level/storage/loot/LootDataManager
net/minecraft/class_60$1	net/minecraft/world/level/storage/loot/LootDataManager$1
net/minecraft/class_60$class_5334	net/minecraft/world/level/storage/loot/LootDataManager$CompositePredicate
net/minecraft/class_60$class_5641	net/minecraft/world/level/storage/loot/LootDataManager$FunctionSequence
net/minecraft/class_600	net/minecraft/client/model/ShieldModel
net/minecraft/class_6000	net/minecraft/util/datafix/schemas/V2704
net/minecraft/class_6001	net/minecraft/util/datafix/schemas/package-info
net/minecraft/class_6002	net/minecraft/util/package-info
net/minecraft/class_6003	net/minecraft/util/profiling/package-info
net/minecraft/class_6004	net/minecraft/util/profiling/metrics/profiling/package-info
net/minecraft/class_6005	net/minecraft/util/random/SimpleWeightedRandomList
net/minecraft/class_6005$class_6006	net/minecraft/util/random/SimpleWeightedRandomList$Builder
net/minecraft/class_6007	net/minecraft/util/random/Weight
net/minecraft/class_6008	net/minecraft/util/random/WeightedEntry
net/minecraft/class_6008$class_6009	net/minecraft/util/random/WeightedEntry$IntrusiveBase
net/minecraft/class_6008$class_6010	net/minecraft/util/random/WeightedEntry$Wrapper
net/minecraft/class_601	net/minecraft/client/model/SheepModel
net/minecraft/class_6011	net/minecraft/util/random/WeightedRandom
net/minecraft/class_6012	net/minecraft/util/random/WeightedRandomList
net/minecraft/class_6013	net/minecraft/util/random/package-info
net/minecraft/class_6014	net/minecraft/util/thread/NamedThreadFactory
net/minecraft/class_6015	net/minecraft/util/thread/package-info
net/minecraft/class_6016	net/minecraft/util/valueproviders/ConstantInt
net/minecraft/class_6017	net/minecraft/util/valueproviders/IntProvider
net/minecraft/class_6018	net/minecraft/util/valueproviders/IntProviderType
net/minecraft/class_6019	net/minecraft/util/valueproviders/UniformInt
net/minecraft/class_602	net/minecraft/client/model/ShulkerModel
net/minecraft/class_6020	net/minecraft/util/valueproviders/package-info
net/minecraft/class_6021	net/minecraft/util/worldupdate/package-info
net/minecraft/class_6022	net/minecraft/world/damagesource/package-info
net/minecraft/class_6023	net/minecraft/world/effect/package-info
net/minecraft/class_6024	net/minecraft/world/entity/EntityEvent
net/minecraft/class_6025	net/minecraft/world/entity/OwnableEntity
net/minecraft/class_6026	net/minecraft/world/entity/PlayerRideable
net/minecraft/class_6027	net/minecraft/world/entity/ai/attributes/package-info
net/minecraft/class_6028	net/minecraft/world/entity/ai/behavior/AnimalPanic
net/minecraft/class_6029	net/minecraft/world/entity/ai/behavior/LongJumpMidJump
net/minecraft/class_603	net/minecraft/client/model/ShulkerBulletModel
net/minecraft/class_6030	net/minecraft/world/entity/ai/behavior/LongJumpToRandomPos
net/minecraft/class_6030$class_6031	net/minecraft/world/entity/ai/behavior/LongJumpToRandomPos$PossibleJump
net/minecraft/class_6032	net/minecraft/world/entity/ai/behavior/ShufflingList
net/minecraft/class_6032$class_6033	net/minecraft/world/entity/ai/behavior/ShufflingList$WeightedEntry
net/minecraft/class_6032$class_6033$1	net/minecraft/world/entity/ai/behavior/ShufflingList$WeightedEntry$1
net/minecraft/class_6034	net/minecraft/world/entity/ai/behavior/package-info
net/minecraft/class_6035	net/minecraft/world/entity/ai/control/Control
net/minecraft/class_6036	net/minecraft/world/entity/ai/control/package-info
net/minecraft/class_6037	com/mojang/math/FieldsAreNonnullByDefault
net/minecraft/class_6038	net/minecraft/world/entity/ai/goal/package-info
net/minecraft/class_6039	net/minecraft/world/entity/ai/goal/target/package-info
net/minecraft/class_604	net/minecraft/client/model/SilverfishModel
net/minecraft/class_6040	net/minecraft/world/entity/ai/gossip/package-info
net/minecraft/class_6041	net/minecraft/world/entity/ai/memory/package-info
net/minecraft/class_6042	net/minecraft/world/entity/ai/navigation/package-info
net/minecraft/class_6043	net/minecraft/world/entity/ai/package-info
net/minecraft/class_6044	net/minecraft/world/entity/ai/sensing/AxolotlAttackablesSensor
net/minecraft/class_6045	net/minecraft/world/entity/ai/sensing/NearestVisibleLivingEntitySensor
net/minecraft/class_6046	net/minecraft/world/entity/ai/sensing/package-info
net/minecraft/class_6047	net/minecraft/world/entity/ai/targeting/package-info
net/minecraft/class_6048	net/minecraft/world/entity/ai/util/package-info
net/minecraft/class_6049	net/minecraft/world/entity/ai/village/package-info
net/minecraft/class_6050	net/minecraft/world/entity/ai/village/poi/package-info
net/minecraft/class_6051	net/minecraft/world/entity/ambient/package-info
net/minecraft/class_6052	net/minecraft/world/entity/animal/axolotl/package-info
net/minecraft/class_6053	net/minecraft/world/entity/animal/goat/Goat
net/minecraft/class_6054	net/minecraft/world/entity/animal/goat/GoatAi
net/minecraft/class_6055	net/minecraft/world/entity/animal/goat/package-info
net/minecraft/class_6056	net/minecraft/world/entity/animal/horse/package-info
net/minecraft/class_6057	net/minecraft/world/entity/animal/package-info
net/minecraft/class_6058	net/minecraft/world/entity/boss/enderdragon/package-info
net/minecraft/class_6059	net/minecraft/world/entity/boss/enderdragon/phases/package-info
net/minecraft/class_606	net/minecraft/client/model/SkeletonModel
net/minecraft/class_6060	net/minecraft/world/entity/boss/package-info
net/minecraft/class_6061	net/minecraft/world/entity/boss/wither/package-info
net/minecraft/class_6062	net/minecraft/world/entity/decoration/package-info
net/minecraft/class_6063	net/minecraft/world/entity/item/package-info
net/minecraft/class_6064	net/minecraft/world/entity/monster/hoglin/package-info
net/minecraft/class_6065	net/minecraft/world/entity/monster/package-info
net/minecraft/class_6066	net/minecraft/world/entity/monster/piglin/package-info
net/minecraft/class_6067	net/minecraft/world/entity/npc/InventoryCarrier
net/minecraft/class_6068	net/minecraft/world/entity/npc/package-info
net/minecraft/class_6069	net/minecraft/world/entity/package-info
net/minecraft/class_607	net/minecraft/client/model/SkullModel
net/minecraft/class_6070	net/minecraft/world/entity/player/package-info
net/minecraft/class_6071	net/minecraft/world/entity/projectile/package-info
net/minecraft/class_6072	net/minecraft/world/entity/raid/package-info
net/minecraft/class_6073	net/minecraft/world/entity/schedule/package-info
net/minecraft/class_6074	net/minecraft/world/entity/vehicle/package-info
net/minecraft/class_6075	net/minecraft/world/food/FoodConstants
net/minecraft/class_6076	net/minecraft/world/food/package-info
net/minecraft/class_6077	net/minecraft/world/inventory/package-info
net/minecraft/class_6078	net/minecraft/world/inventory/tooltip/package-info
net/minecraft/class_608	net/minecraft/client/model/SnowGolemModel
net/minecraft/class_6080	net/minecraft/world/item/alchemy/package-info
net/minecraft/class_6081	net/minecraft/world/item/context/package-info
net/minecraft/class_6082	net/minecraft/world/item/crafting/package-info
net/minecraft/class_6083	net/minecraft/world/item/enchantment/package-info
net/minecraft/class_6084	net/minecraft/world/item/package-info
net/minecraft/class_6085	net/minecraft/world/item/trading/package-info
net/minecraft/class_6086	net/minecraft/world/level/biome/package-info
net/minecraft/class_6088	net/minecraft/world/level/block/LevelEvent
net/minecraft/class_6089	net/minecraft/world/level/block/LightBlock
net/minecraft/class_609	net/minecraft/client/model/SlimeModel
net/minecraft/class_6090	net/minecraft/world/level/block/entity/package-info
net/minecraft/class_6091	net/minecraft/world/level/block/grower/package-info
net/minecraft/class_6092	net/minecraft/world/level/block/package-info
net/minecraft/class_6093	net/minecraft/world/level/block/piston/package-info
net/minecraft/class_6094	net/minecraft/world/level/block/state/package-info
net/minecraft/class_6095	net/minecraft/world/level/block/state/pattern/package-info
net/minecraft/class_6096	net/minecraft/world/level/block/state/predicate/package-info
net/minecraft/class_6097	net/minecraft/world/level/block/state/properties/package-info
net/minecraft/class_6098	net/minecraft/world/level/border/package-info
net/minecraft/class_6099	net/minecraft/world/level/chunk/package-info
net/minecraft/class_610	net/minecraft/client/model/SquidModel
net/minecraft/class_6100	net/minecraft/world/level/chunk/storage/package-info
net/minecraft/class_6101	net/minecraft/world/level/dimension/DimensionDefaults
net/minecraft/class_6102	net/minecraft/world/level/dimension/end/package-info
net/minecraft/class_6103	net/minecraft/world/level/dimension/package-info
net/minecraft/class_6104	net/minecraft/world/level/entity/package-info
net/minecraft/class_6105	net/minecraft/world/level/gameevent/package-info
net/minecraft/class_6106	net/minecraft/world/level/gameevent/vibrations/package-info
net/minecraft/class_6108	net/minecraft/world/level/levelgen/carver/CaveCarverConfiguration
net/minecraft/class_6109	net/minecraft/world/level/levelgen/carver/package-info
net/minecraft/class_611	net/minecraft/client/model/SpiderModel
net/minecraft/class_6111	net/minecraft/world/level/levelgen/feature/configurations/package-info
net/minecraft/class_6112	net/minecraft/world/level/levelgen/feature/featuresize/package-info
net/minecraft/class_6113	net/minecraft/world/level/levelgen/feature/foliageplacers/package-info
net/minecraft/class_6114	net/minecraft/world/level/levelgen/feature/package-info
net/minecraft/class_6115	net/minecraft/world/level/levelgen/feature/stateproviders/package-info
net/minecraft/class_6116	net/minecraft/world/level/levelgen/structure/pools/package-info
net/minecraft/class_6117	net/minecraft/world/level/levelgen/feature/treedecorators/package-info
net/minecraft/class_6118	net/minecraft/world/level/levelgen/feature/trunkplacers/package-info
net/minecraft/class_6119	net/minecraft/world/level/levelgen/flat/package-info
net/minecraft/class_612	net/minecraft/client/model/TropicalFishModelA
net/minecraft/class_6120	net/minecraft/world/level/levelgen/heightproviders/BiasedToBottomHeight
net/minecraft/class_6121	net/minecraft/world/level/levelgen/heightproviders/ConstantHeight
net/minecraft/class_6122	net/minecraft/world/level/levelgen/heightproviders/HeightProvider
net/minecraft/class_6123	net/minecraft/world/level/levelgen/heightproviders/HeightProviderType
net/minecraft/class_6124	net/minecraft/world/level/levelgen/heightproviders/UniformHeight
net/minecraft/class_6125	net/minecraft/world/level/levelgen/heightproviders/package-info
net/minecraft/class_6126	net/minecraft/world/level/levelgen/package-info
net/minecraft/class_6128	net/minecraft/world/level/levelgen/placement/package-info
net/minecraft/class_6129	net/minecraft/advancements/critereon/package-info
net/minecraft/class_613	net/minecraft/client/model/TridentModel
net/minecraft/class_6130	net/minecraft/world/level/levelgen/structure/StructurePieceAccessor
net/minecraft/class_6131	net/minecraft/world/level/levelgen/structure/package-info
net/minecraft/class_6132	net/minecraft/advancements/package-info
net/minecraft/class_6133	net/minecraft/world/level/levelgen/structure/templatesystem/package-info
net/minecraft/class_6135	net/minecraft/world/level/levelgen/synth/package-info
net/minecraft/class_6136	net/minecraft/world/level/lighting/SpatialLongSet
net/minecraft/class_6136$class_6137	net/minecraft/world/level/lighting/SpatialLongSet$InternalMap
net/minecraft/class_6138	net/minecraft/world/level/lighting/package-info
net/minecraft/class_6139	net/minecraft/world/level/material/package-info
net/minecraft/class_614	net/minecraft/client/model/TurtleModel
net/minecraft/class_6145	net/minecraft/world/level/package-info
net/minecraft/class_6146	net/minecraft/world/level/pathfinder/package-info
net/minecraft/class_6147	net/minecraft/world/level/portal/package-info
net/minecraft/class_6148	net/minecraft/world/level/redstone/Redstone
net/minecraft/class_6149	net/minecraft/world/level/redstone/package-info
net/minecraft/class_615	net/minecraft/client/model/TropicalFishModelB
net/minecraft/class_6150	net/minecraft/world/level/saveddata/maps/package-info
net/minecraft/class_6151	net/minecraft/world/level/saveddata/package-info
net/minecraft/class_6154	net/minecraft/world/level/storage/loot/entries/package-info
net/minecraft/class_6160	net/minecraft/world/level/storage/loot/functions/package-info
net/minecraft/class_6161	net/minecraft/world/level/storage/loot/package-info
net/minecraft/class_6162	net/minecraft/world/level/storage/loot/parameters/package-info
net/minecraft/class_6166	net/minecraft/world/level/storage/loot/predicates/package-info
net/minecraft/class_6167	net/minecraft/world/level/storage/loot/providers/nbt/package-info
net/minecraft/class_6168	net/minecraft/world/level/storage/loot/providers/number/package-info
net/minecraft/class_6169	net/minecraft/world/level/storage/loot/providers/score/package-info
net/minecraft/class_617	net/minecraft/client/model/VexModel
net/minecraft/class_6170	net/minecraft/world/level/storage/package-info
net/minecraft/class_6171	net/minecraft/world/level/timers/package-info
net/minecraft/class_6172	net/minecraft/world/package-info
net/minecraft/class_6173	net/minecraft/world/phys/package-info
net/minecraft/class_6174	net/minecraft/world/phys/shapes/package-info
net/minecraft/class_6175	net/minecraft/world/scores/criteria/package-info
net/minecraft/class_6176	net/minecraft/world/scores/package-info
net/minecraft/class_6177	com/mojang/blaze3d/DontObfuscate
net/minecraft/class_6178	com/mojang/blaze3d/FieldsAreNonnullByDefault
net/minecraft/class_6179	com/mojang/blaze3d/MethodsReturnNonnullByDefault
net/minecraft/class_6180	com/mojang/blaze3d/audio/package-info
net/minecraft/class_6181	com/mojang/blaze3d/font/package-info
net/minecraft/class_6182	com/mojang/blaze3d/package-info
net/minecraft/class_6183	com/mojang/blaze3d/pipeline/package-info
net/minecraft/class_6185	com/mojang/blaze3d/platform/package-info
net/minecraft/class_6186	com/mojang/blaze3d/preprocessor/package-info
net/minecraft/class_6187	com/mojang/blaze3d/shaders/package-info
net/minecraft/class_6188	com/mojang/blaze3d/systems/package-info
net/minecraft/class_619	net/minecraft/client/model/ZombieVillagerModel
net/minecraft/class_6190	com/mojang/blaze3d/vertex/package-info
net/minecraft/class_6191	com/mojang/realmsclient/client/package-info
net/minecraft/class_6192	com/mojang/realmsclient/dto/ServerActivity
net/minecraft/class_6193	com/mojang/realmsclient/dto/ServerActivityList
net/minecraft/class_6194	com/mojang/realmsclient/dto/package-info
net/minecraft/class_6195	com/mojang/realmsclient/exception/package-info
net/minecraft/class_6196	com/mojang/realmsclient/gui/package-info
net/minecraft/class_6197	com/mojang/realmsclient/gui/screens/package-info
net/minecraft/class_6198	com/mojang/realmsclient/gui/task/package-info
net/minecraft/class_6199	com/mojang/realmsclient/package-info
net/minecraft/class_620	net/minecraft/client/model/VillagerModel
net/minecraft/class_6200	com/mojang/realmsclient/util/package-info
net/minecraft/class_6201	com/mojang/realmsclient/util/task/package-info
net/minecraft/class_6202	net/minecraft/client/color/block/package-info
net/minecraft/class_6203	net/minecraft/client/color/item/package-info
net/minecraft/class_6205	net/minecraft/client/gui/components/events/package-info
net/minecraft/class_6206	net/minecraft/client/gui/components/package-info
net/minecraft/class_6207	net/minecraft/client/gui/components/spectator/package-info
net/minecraft/class_6208	net/minecraft/client/gui/components/toasts/package-info
net/minecraft/class_6209	net/minecraft/client/gui/font/glyphs/package-info
net/minecraft/class_621	net/minecraft/client/model/WitherBossModel
net/minecraft/class_6210	net/minecraft/client/gui/font/package-info
net/minecraft/class_6211	net/minecraft/client/gui/font/providers/package-info
net/minecraft/class_6212	net/minecraft/client/gui/package-info
net/minecraft/class_6213	net/minecraft/client/gui/screens/achievement/package-info
net/minecraft/class_6214	net/minecraft/client/gui/screens/advancements/package-info
net/minecraft/class_6215	net/minecraft/client/gui/screens/controls/package-info
net/minecraft/class_6216	com/mojang/math/MethodsReturnNonnullByDefault
net/minecraft/class_6217	net/minecraft/client/gui/screens/inventory/package-info
net/minecraft/class_6218	net/minecraft/client/gui/screens/multiplayer/package-info
net/minecraft/class_6219	net/minecraft/client/gui/screens/package-info
net/minecraft/class_622	net/minecraft/client/model/WitchModel
net/minecraft/class_6220	net/minecraft/client/gui/screens/packs/package-info
net/minecraft/class_6221	net/minecraft/client/gui/screens/recipebook/package-info
net/minecraft/class_6222	net/minecraft/client/gui/screens/social/package-info
net/minecraft/class_6223	net/minecraft/client/gui/screens/worldselection/package-info
net/minecraft/class_6224	net/minecraft/client/gui/spectator/categories/package-info
net/minecraft/class_6225	net/minecraft/client/gui/spectator/package-info
net/minecraft/class_6226	net/minecraft/client/main/package-info
net/minecraft/class_6227	net/minecraft/client/model/GoatModel
net/minecraft/class_6228	net/minecraft/client/model/dragon/package-info
net/minecraft/class_623	net/minecraft/client/model/ZombieModel
net/minecraft/class_6230	net/minecraft/client/model/geom/PartNames
net/minecraft/class_6231	net/minecraft/client/model/geom/builders/package-info
net/minecraft/class_6232	net/minecraft/client/model/geom/package-info
net/minecraft/class_6233	net/minecraft/client/model/package-info
net/minecraft/class_6235	net/minecraft/client/multiplayer/package-info
net/minecraft/class_6236	net/minecraft/client/package-info
net/minecraft/class_624	net/minecraft/client/model/WolfModel
net/minecraft/class_6240	net/minecraft/client/particle/package-info
net/minecraft/class_6241	net/minecraft/client/player/inventory/package-info
net/minecraft/class_6242	net/minecraft/client/player/package-info
net/minecraft/class_6243	net/minecraft/util/profiling/metrics/package-info
net/minecraft/class_6244	net/minecraft/client/profiling/package-info
net/minecraft/class_6245	net/minecraft/util/profiling/metrics/storage/package-info
net/minecraft/class_6248	net/minecraft/client/renderer/block/model/multipart/package-info
net/minecraft/class_6249	net/minecraft/client/renderer/block/model/package-info
net/minecraft/class_6250	net/minecraft/client/renderer/block/package-info
net/minecraft/class_6251	net/minecraft/commands/arguments/blocks/package-info
net/minecraft/class_6252	net/minecraft/client/renderer/blockentity/package-info
net/minecraft/class_6253	net/minecraft/client/renderer/chunk/package-info
net/minecraft/class_6254	net/minecraft/client/renderer/culling/package-info
net/minecraft/class_6255	net/minecraft/client/renderer/debug/package-info
net/minecraft/class_6256	net/minecraft/client/renderer/entity/GoatRenderer
net/minecraft/class_6257	net/minecraft/client/renderer/entity/layers/package-info
net/minecraft/class_6258	net/minecraft/client/renderer/entity/package-info
net/minecraft/class_6259	net/minecraft/client/renderer/entity/player/package-info
net/minecraft/class_626	net/minecraft/client/model/dragon/DragonHeadModel
net/minecraft/class_6260	net/minecraft/client/renderer/item/package-info
net/minecraft/class_6261	net/minecraft/client/renderer/package-info
net/minecraft/class_6262	net/minecraft/client/renderer/texture/package-info
net/minecraft/class_6263	net/minecraft/client/resources/language/package-info
net/minecraft/class_6264	net/minecraft/client/resources/metadata/animation/package-info
net/minecraft/class_6265	net/minecraft/client/resources/metadata/language/package-info
net/minecraft/class_6266	net/minecraft/client/resources/metadata/package-info
net/minecraft/class_6267	net/minecraft/client/resources/metadata/texture/package-info
net/minecraft/class_6268	net/minecraft/client/resources/model/package-info
net/minecraft/class_6269	net/minecraft/client/resources/package-info
net/minecraft/class_6270	net/minecraft/client/resources/sounds/package-info
net/minecraft/class_6271	net/minecraft/commands/arguments/coordinates/package-info
net/minecraft/class_6272	net/minecraft/client/searchtree/package-info
net/minecraft/class_6273	net/minecraft/client/server/package-info
net/minecraft/class_6274	net/minecraft/client/sounds/package-info
net/minecraft/class_6275	net/minecraft/client/tutorial/package-info
net/minecraft/class_6276	net/minecraft/realms/package-info
net/minecraft/class_6277	net/minecraft/commands/arguments/item/package-info
net/minecraft/class_6278	net/minecraft/commands/arguments/package-info
net/minecraft/class_6279	net/minecraft/commands/arguments/selector/options/package-info
net/minecraft/class_6280	net/minecraft/commands/arguments/selector/package-info
net/minecraft/class_6281	net/minecraft/commands/package-info
net/minecraft/class_6282	net/minecraft/commands/synchronization/brigadier/package-info
net/minecraft/class_6283	net/minecraft/commands/synchronization/package-info
net/minecraft/class_6284	net/minecraft/core/dispenser/package-info
net/minecraft/class_6285	net/minecraft/core/package-info
net/minecraft/class_6286	net/minecraft/core/particles/package-info
net/minecraft/class_6287	net/minecraft/data/advancements/package-info
net/minecraft/class_6288	net/minecraft/data/info/package-info
net/minecraft/class_6289	net/minecraft/data/loot/package-info
net/minecraft/class_6292	net/minecraft/data/models/blockstates/package-info
net/minecraft/class_6293	net/minecraft/data/models/model/package-info
net/minecraft/class_6294	net/minecraft/data/models/package-info
net/minecraft/class_6295	net/minecraft/data/package-info
net/minecraft/class_6296	net/minecraft/data/recipes/package-info
net/minecraft/class_6297	net/minecraft/data/structures/package-info
net/minecraft/class_6298	net/minecraft/data/tags/package-info
net/minecraft/class_6299	net/minecraft/data/worldgen/biome/package-info
net/minecraft/class_630	net/minecraft/client/model/geom/ModelPart
net/minecraft/class_630$class_593	net/minecraft/client/model/geom/ModelPart$Polygon
net/minecraft/class_630$class_618	net/minecraft/client/model/geom/ModelPart$Vertex
net/minecraft/class_630$class_6229	net/minecraft/client/model/geom/ModelPart$Visitor
net/minecraft/class_630$class_628	net/minecraft/client/model/geom/ModelPart$Cube
net/minecraft/class_6300	net/minecraft/gametest/framework/AfterBatch
net/minecraft/class_6301	net/minecraft/gametest/framework/BeforeBatch
net/minecraft/class_6302	net/minecraft/gametest/framework/GameTest
net/minecraft/class_6303	net/minecraft/gametest/framework/GameTestGenerator
net/minecraft/class_6305	com/mojang/math/package-info
net/minecraft/class_6306	net/minecraft/gametest/framework/GameTestServer
net/minecraft/class_6306$1	net/minecraft/gametest/framework/GameTestServer$1
net/minecraft/class_6307	net/minecraft/gametest/framework/JUnitLikeTestReporter
net/minecraft/class_6308	net/minecraft/gametest/framework/TeamcityTestReporter
net/minecraft/class_6309	net/minecraft/gametest/framework/package-info
net/minecraft/class_631	net/minecraft/client/multiplayer/ClientChunkCache
net/minecraft/class_631$class_3681	net/minecraft/client/multiplayer/ClientChunkCache$Storage
net/minecraft/class_6310	net/minecraft/locale/package-info
net/minecraft/class_6311	net/minecraft/nbt/package-info
net/minecraft/class_6312	net/minecraft/network/chat/package-info
net/minecraft/class_6313	net/minecraft/network/package-info
net/minecraft/class_6314	net/minecraft/network/protocol/game/package-info
net/minecraft/class_6315	net/minecraft/network/protocol/handshake/package-info
net/minecraft/class_6316	net/minecraft/network/protocol/login/package-info
net/minecraft/class_6317	net/minecraft/network/protocol/package-info
net/minecraft/class_6318	net/minecraft/network/protocol/status/package-info
net/minecraft/class_6319	net/minecraft/FieldsAreNonnullByDefault
net/minecraft/class_632	net/minecraft/client/multiplayer/ClientAdvancements
net/minecraft/class_632$class_633	net/minecraft/client/multiplayer/ClientAdvancements$Listener
net/minecraft/class_6320	net/minecraft/network/syncher/package-info
net/minecraft/class_6321	net/minecraft/obfuscate/package-info
net/minecraft/class_6322	net/minecraft/package-info
net/minecraft/class_6323	net/minecraft/recipebook/package-info
net/minecraft/class_6324	net/minecraft/resources/package-info
net/minecraft/class_6325	net/minecraft/server/bossevents/package-info
net/minecraft/class_6326	net/minecraft/server/commands/DebugMobSpawningCommand
net/minecraft/class_6327	net/minecraft/server/commands/DebugPathCommand
net/minecraft/class_6328	net/minecraft/MethodsReturnNonnullByDefault
net/minecraft/class_6329	net/minecraft/server/commands/RaidCommand
net/minecraft/class_6332	net/minecraft/util/datafix/schemas/V2707
net/minecraft/class_6333	net/minecraft/util/valueproviders/BiasedToBottomInt
net/minecraft/class_6334	net/minecraft/util/valueproviders/ClampedInt
net/minecraft/class_6335	net/minecraft/world/entity/Marker
net/minecraft/class_6336	net/minecraft/world/entity/ai/behavior/PrepareRamNearestTarget
net/minecraft/class_6336$class_6337	net/minecraft/world/entity/ai/behavior/PrepareRamNearestTarget$RamCandidate
net/minecraft/class_6338	net/minecraft/world/entity/ai/behavior/RamTarget
net/minecraft/class_634	net/minecraft/client/multiplayer/ClientPacketListener
net/minecraft/class_634$1	net/minecraft/client/multiplayer/ClientPacketListener$1
net/minecraft/class_634$class_8137	net/minecraft/client/multiplayer/ClientPacketListener$DeferredPacket
net/minecraft/class_6342	net/minecraft/world/level/levelgen/heightproviders/TrapezoidHeight
net/minecraft/class_6343	net/minecraft/world/level/levelgen/heightproviders/VeryBiasedToBottomHeight
net/minecraft/class_6344	net/minecraft/client/renderer/entity/NoopRenderer
net/minecraft/class_6348	net/minecraft/world/level/block/InfestedRotatedPillarBlock
net/minecraft/class_6349	net/minecraft/world/level/block/grower/AzaleaTreeGrower
net/minecraft/class_635	net/minecraft/client/multiplayer/ClientHandshakePacketListenerImpl
net/minecraft/class_6350	net/minecraft/world/level/levelgen/Aquifer
net/minecraft/class_6350$1	net/minecraft/world/level/levelgen/Aquifer$1
net/minecraft/class_6350$class_5832	net/minecraft/world/level/levelgen/Aquifer$NoiseBasedAquifer
net/minecraft/class_6350$class_6351	net/minecraft/world/level/levelgen/Aquifer$FluidStatus
net/minecraft/class_6350$class_6565	net/minecraft/world/level/levelgen/Aquifer$FluidPicker
net/minecraft/class_636	net/minecraft/client/multiplayer/MultiPlayerGameMode
net/minecraft/class_6360	net/minecraft/client/ResourceLoadStateTracker
net/minecraft/class_6360$class_6361	net/minecraft/client/ResourceLoadStateTracker$RecoveryInfo
net/minecraft/class_6360$class_6362	net/minecraft/client/ResourceLoadStateTracker$ReloadReason
net/minecraft/class_6360$class_6363	net/minecraft/client/ResourceLoadStateTracker$ReloadState
net/minecraft/class_6364	com/mojang/blaze3d/pipeline/MainTarget
net/minecraft/class_6364$class_6365	com/mojang/blaze3d/pipeline/MainTarget$AttachmentState
net/minecraft/class_6364$class_6366	com/mojang/blaze3d/pipeline/MainTarget$Dimension
net/minecraft/class_6367	com/mojang/blaze3d/pipeline/TextureTarget
net/minecraft/class_6368	net/minecraft/client/multiplayer/resolver/ResolvedServerAddress
net/minecraft/class_6368$1	net/minecraft/client/multiplayer/resolver/ResolvedServerAddress$1
net/minecraft/class_6369	net/minecraft/client/multiplayer/resolver/ServerAddressResolver
net/minecraft/class_637	net/minecraft/client/multiplayer/ClientSuggestionProvider
net/minecraft/class_637$1	net/minecraft/client/multiplayer/ClientSuggestionProvider$1
net/minecraft/class_6370	net/minecraft/client/multiplayer/resolver/ServerNameResolver
net/minecraft/class_6371	net/minecraft/client/multiplayer/resolver/ServerRedirectHandler
net/minecraft/class_6372	net/minecraft/client/multiplayer/resolver/package-info
net/minecraft/class_6373	net/minecraft/network/protocol/game/ClientboundPingPacket
net/minecraft/class_6374	net/minecraft/network/protocol/game/ServerboundPongPacket
net/minecraft/class_6375	net/minecraft/world/entity/LerpingModel
net/minecraft/class_6377	net/minecraft/world/level/block/PowderSnowCauldronBlock
net/minecraft/class_6378	net/minecraft/world/level/levelgen/structure/templatesystem/ProtectedBlockProcessor
net/minecraft/class_6379	net/minecraft/client/gui/narration/NarratableEntry
net/minecraft/class_6379$class_6380	net/minecraft/client/gui/narration/NarratableEntry$NarrationPriority
net/minecraft/class_638	net/minecraft/client/multiplayer/ClientLevel
net/minecraft/class_638$1	net/minecraft/client/multiplayer/ClientLevel$1
net/minecraft/class_638$class_5271	net/minecraft/client/multiplayer/ClientLevel$ClientLevelData
net/minecraft/class_638$class_5612	net/minecraft/client/multiplayer/ClientLevel$EntityCallbacks
net/minecraft/class_6381	net/minecraft/client/gui/narration/NarratedElementType
net/minecraft/class_6382	net/minecraft/client/gui/narration/NarrationElementOutput
net/minecraft/class_6383	net/minecraft/client/gui/narration/NarrationSupplier
net/minecraft/class_6384	net/minecraft/client/gui/narration/NarrationThunk
net/minecraft/class_6385	net/minecraft/client/gui/narration/ScreenNarrationCollector
net/minecraft/class_6385$1	net/minecraft/client/gui/narration/ScreenNarrationCollector$1
net/minecraft/class_6385$class_6386	net/minecraft/client/gui/narration/ScreenNarrationCollector$EntryKey
net/minecraft/class_6385$class_6387	net/minecraft/client/gui/narration/ScreenNarrationCollector$NarrationEntry
net/minecraft/class_6385$class_6388	net/minecraft/client/gui/narration/ScreenNarrationCollector$Output
net/minecraft/class_6389	net/minecraft/client/gui/narration/package-info
net/minecraft/class_639	net/minecraft/client/multiplayer/resolver/ServerAddress
net/minecraft/class_6391	net/minecraft/client/gui/screens/debug/package-info
net/minecraft/class_6394	net/minecraft/client/multiplayer/resolver/AddressCheck
net/minecraft/class_6394$1	net/minecraft/client/multiplayer/resolver/AddressCheck$1
net/minecraft/class_6395	net/minecraft/client/renderer/item/ClampedItemPropertyFunction
net/minecraft/class_6396	net/minecraft/SystemReport
net/minecraft/class_6397	net/minecraft/util/FileZipper
net/minecraft/class_64	net/minecraft/world/level/storage/loot/entries/ComposableEntryContainer
net/minecraft/class_640	net/minecraft/client/multiplayer/PlayerInfo
net/minecraft/class_6400	net/minecraft/util/profiling/metrics/MetricsSamplerProvider
net/minecraft/class_6401	net/minecraft/util/profiling/metrics/profiling/ProfilerSamplerAdapter
net/minecraft/class_6402	net/minecraft/util/profiling/metrics/profiling/ServerMetricsSamplersProvider
net/minecraft/class_6402$1	net/minecraft/util/profiling/metrics/profiling/ServerMetricsSamplersProvider$1
net/minecraft/class_6402$class_6403	net/minecraft/util/profiling/metrics/profiling/ServerMetricsSamplersProvider$CpuStats
net/minecraft/class_6404	net/minecraft/advancements/critereon/LighthingBoltPredicate
net/minecraft/class_6405	net/minecraft/advancements/critereon/LightningStrikeTrigger
net/minecraft/class_6405$class_6406	net/minecraft/advancements/critereon/LightningStrikeTrigger$TriggerInstance
net/minecraft/class_6407	net/minecraft/advancements/critereon/StartRidingTrigger
net/minecraft/class_6407$class_6408	net/minecraft/advancements/critereon/StartRidingTrigger$TriggerInstance
net/minecraft/class_6409	net/minecraft/advancements/critereon/UsingItemTrigger
net/minecraft/class_6409$class_6410	net/minecraft/advancements/critereon/UsingItemTrigger$TriggerInstance
net/minecraft/class_641	net/minecraft/client/multiplayer/ServerList
net/minecraft/class_6412	net/minecraft/client/profiling/ClientMetricsSamplersProvider
net/minecraft/class_6413	net/minecraft/server/commands/PerfCommand
net/minecraft/class_6416	net/minecraft/util/MemoryReserve
net/minecraft/class_6417	com/mojang/blaze3d/platform/MacosUtil
net/minecraft/class_642	net/minecraft/client/multiplayer/ServerData
net/minecraft/class_642$class_643	net/minecraft/client/multiplayer/ServerData$ServerPackStatus
net/minecraft/class_644	net/minecraft/client/multiplayer/ServerStatusPinger
net/minecraft/class_644$1	net/minecraft/client/multiplayer/ServerStatusPinger$1
net/minecraft/class_644$2	net/minecraft/client/multiplayer/ServerStatusPinger$2
net/minecraft/class_644$2$1	net/minecraft/client/multiplayer/ServerStatusPinger$2$1
net/minecraft/class_645	net/minecraft/client/particle/AttackSweepParticle
net/minecraft/class_645$class_646	net/minecraft/client/particle/AttackSweepParticle$Provider
net/minecraft/class_647	net/minecraft/client/particle/BreakingItemParticle
net/minecraft/class_647$class_648	net/minecraft/client/particle/BreakingItemParticle$Provider
net/minecraft/class_647$class_649	net/minecraft/client/particle/BreakingItemParticle$SlimeProvider
net/minecraft/class_647$class_650	net/minecraft/client/particle/BreakingItemParticle$SnowballProvider
net/minecraft/class_6489	net/minecraft/WorldVersion
net/minecraft/class_6490	net/minecraft/util/BitStorage
net/minecraft/class_6491	net/minecraft/util/CubicSampler
net/minecraft/class_6491$class_4859	net/minecraft/util/CubicSampler$Vec3Fetcher
net/minecraft/class_6492	net/minecraft/util/CubicSpline
net/minecraft/class_6492$class_6493	net/minecraft/util/CubicSpline$Builder
net/minecraft/class_6492$class_6494	net/minecraft/util/CubicSpline$Constant
net/minecraft/class_6492$class_6737	net/minecraft/util/CubicSpline$1Point
net/minecraft/class_6492$class_6738	net/minecraft/util/CubicSpline$Multipoint
net/minecraft/class_6492$class_7073	net/minecraft/util/CubicSpline$CoordinateVisitor
net/minecraft/class_6496	net/minecraft/util/Graph
net/minecraft/class_6497	net/minecraft/util/InclusiveRange
net/minecraft/class_6498	net/minecraft/util/NativeModuleLister
net/minecraft/class_6498$class_6499	net/minecraft/util/NativeModuleLister$NativeModuleInfo
net/minecraft/class_6498$class_6500	net/minecraft/util/NativeModuleLister$NativeModuleVersion
net/minecraft/class_65	net/minecraft/world/level/storage/loot/entries/AlternativesEntry
net/minecraft/class_65$class_66	net/minecraft/world/level/storage/loot/entries/AlternativesEntry$Builder
net/minecraft/class_6501	net/minecraft/util/ToFloatFunction
net/minecraft/class_6501$1	net/minecraft/util/ToFloatFunction$1
net/minecraft/class_6501$2	net/minecraft/util/ToFloatFunction$2
net/minecraft/class_6502	net/minecraft/util/ZeroBitStorage
net/minecraft/class_6503	net/minecraft/util/datafix/fixes/SpawnerDataFix
net/minecraft/class_6504	net/minecraft/util/datafix/schemas/V2831
net/minecraft/class_6505	net/minecraft/util/profiling/jfr/JfrProfiler
net/minecraft/class_6505$1	net/minecraft/util/profiling/jfr/JfrProfiler$1
net/minecraft/class_6506	net/minecraft/util/profiling/jfr/Environment
net/minecraft/class_6507	net/minecraft/util/profiling/jfr/SummaryReporter
net/minecraft/class_6508	net/minecraft/util/profiling/jfr/Percentiles
net/minecraft/class_6509	net/minecraft/util/profiling/jfr/event/PacketEvent
net/minecraft/class_6509$class_6510	net/minecraft/util/profiling/jfr/event/PacketEvent$Fields
net/minecraft/class_6512	net/minecraft/util/profiling/jfr/event/package-info
net/minecraft/class_6515	net/minecraft/util/profiling/jfr/package-info
net/minecraft/class_6516	net/minecraft/util/profiling/jfr/parse/JfrStatsParser
net/minecraft/class_6516$1	net/minecraft/util/profiling/jfr/parse/JfrStatsParser$1
net/minecraft/class_6516$class_6766	net/minecraft/util/profiling/jfr/parse/JfrStatsParser$MutableCountAndSize
net/minecraft/class_6517	net/minecraft/util/profiling/jfr/parse/JfrStatsResult
net/minecraft/class_6518	net/minecraft/util/profiling/jfr/parse/package-info
net/minecraft/class_6519	net/minecraft/util/profiling/jfr/serialize/JfrResultJsonSerializer
net/minecraft/class_6520	net/minecraft/util/profiling/jfr/serialize/package-info
net/minecraft/class_6521	net/minecraft/util/profiling/jfr/stats/ChunkGenStat
net/minecraft/class_6522	net/minecraft/util/profiling/jfr/stats/CpuLoadStat
net/minecraft/class_6523	net/minecraft/util/profiling/jfr/stats/FileIOStat
net/minecraft/class_6523$class_6524	net/minecraft/util/profiling/jfr/stats/FileIOStat$Summary
net/minecraft/class_6525	net/minecraft/util/profiling/jfr/stats/GcHeapStat
net/minecraft/class_6525$class_6526	net/minecraft/util/profiling/jfr/stats/GcHeapStat$Summary
net/minecraft/class_6525$class_6527	net/minecraft/util/profiling/jfr/stats/GcHeapStat$Timing
net/minecraft/class_653	net/minecraft/client/particle/BubbleColumnUpParticle
net/minecraft/class_653$class_654	net/minecraft/client/particle/BubbleColumnUpParticle$Provider
net/minecraft/class_6530	net/minecraft/util/profiling/jfr/stats/ThreadAllocationStat
net/minecraft/class_6530$class_6531	net/minecraft/util/profiling/jfr/stats/ThreadAllocationStat$Summary
net/minecraft/class_6532	net/minecraft/util/profiling/jfr/stats/TickTimeStat
net/minecraft/class_6533	net/minecraft/util/profiling/jfr/stats/TimeStamped
net/minecraft/class_6534	net/minecraft/util/profiling/jfr/stats/TimedStat
net/minecraft/class_6535	net/minecraft/util/profiling/jfr/stats/TimedStatSummary
net/minecraft/class_6536	net/minecraft/util/profiling/jfr/stats/package-info
net/minecraft/class_6538	net/minecraft/world/item/AdventureModeCheck
net/minecraft/class_6539	net/minecraft/world/level/ColorResolver
net/minecraft/class_6540	net/minecraft/world/level/LocalMobCapCalculator
net/minecraft/class_6540$class_6541	net/minecraft/world/level/LocalMobCapCalculator$MobCounts
net/minecraft/class_6544	net/minecraft/world/level/biome/Climate
net/minecraft/class_6544$class_4762	net/minecraft/world/level/biome/Climate$ParameterPoint
net/minecraft/class_6544$class_6545	net/minecraft/world/level/biome/Climate$DistanceMetric
net/minecraft/class_6544$class_6546	net/minecraft/world/level/biome/Climate$Parameter
net/minecraft/class_6544$class_6547	net/minecraft/world/level/biome/Climate$ParameterList
net/minecraft/class_6544$class_6548	net/minecraft/world/level/biome/Climate$RTree
net/minecraft/class_6544$class_6548$class_6549	net/minecraft/world/level/biome/Climate$RTree$Leaf
net/minecraft/class_6544$class_6548$class_6550	net/minecraft/world/level/biome/Climate$RTree$Node
net/minecraft/class_6544$class_6548$class_6551	net/minecraft/world/level/biome/Climate$RTree$SubTree
net/minecraft/class_6544$class_6552	net/minecraft/world/level/biome/Climate$Sampler
net/minecraft/class_6544$class_6553	net/minecraft/world/level/biome/Climate$TargetPoint
net/minecraft/class_6544$class_6729	net/minecraft/world/level/biome/Climate$SpawnFinder
net/minecraft/class_6544$class_6729$class_6730	net/minecraft/world/level/biome/Climate$SpawnFinder$Result
net/minecraft/class_655	net/minecraft/client/particle/BubbleParticle
net/minecraft/class_655$class_656	net/minecraft/client/particle/BubbleParticle$Provider
net/minecraft/class_6554	net/minecraft/world/level/biome/OverworldBiomeBuilder
net/minecraft/class_6557	net/minecraft/world/level/chunk/BlockColumn
net/minecraft/class_6558	net/minecraft/world/level/chunk/MissingPaletteEntryException
net/minecraft/class_6564	net/minecraft/world/level/chunk/SingleValuePalette
net/minecraft/class_6566	net/minecraft/world/level/levelgen/BitRandomSource
net/minecraft/class_6567	net/minecraft/world/level/levelgen/Density
net/minecraft/class_6568	net/minecraft/world/level/levelgen/NoiseChunk
net/minecraft/class_6568$1	net/minecraft/world/level/levelgen/NoiseChunk$1
net/minecraft/class_6568$2	net/minecraft/world/level/levelgen/NoiseChunk$2
net/minecraft/class_6568$class_5917	net/minecraft/world/level/levelgen/NoiseChunk$NoiseInterpolator
net/minecraft/class_6568$class_6569	net/minecraft/world/level/levelgen/NoiseChunk$BlockStateFiller
net/minecraft/class_6568$class_6946	net/minecraft/world/level/levelgen/NoiseChunk$BlendAlpha
net/minecraft/class_6568$class_6947	net/minecraft/world/level/levelgen/NoiseChunk$BlendOffset
net/minecraft/class_6568$class_6948	net/minecraft/world/level/levelgen/NoiseChunk$Cache2D
net/minecraft/class_6568$class_6949	net/minecraft/world/level/levelgen/NoiseChunk$CacheAllInCell
net/minecraft/class_6568$class_6950	net/minecraft/world/level/levelgen/NoiseChunk$CacheOnce
net/minecraft/class_6568$class_6951	net/minecraft/world/level/levelgen/NoiseChunk$FlatCache
net/minecraft/class_6568$class_6952	net/minecraft/world/level/levelgen/NoiseChunk$NoiseChunkDensityFunction
net/minecraft/class_657	net/minecraft/client/particle/CritParticle
net/minecraft/class_657$class_3939	net/minecraft/client/particle/CritParticle$Provider
net/minecraft/class_657$class_658	net/minecraft/client/particle/CritParticle$DamageIndicatorProvider
net/minecraft/class_657$class_659	net/minecraft/client/particle/CritParticle$MagicProvider
net/minecraft/class_6574	net/minecraft/world/level/levelgen/PositionalRandomFactory
net/minecraft/class_6575	net/minecraft/world/level/levelgen/SingleThreadedRandomSource
net/minecraft/class_6577	net/minecraft/world/level/levelgen/feature/configurations/DiskConfiguration
net/minecraft/class_6578	net/minecraft/world/level/levelgen/feature/stateproviders/DualNoiseProvider
net/minecraft/class_6579	net/minecraft/world/level/levelgen/feature/stateproviders/NoiseBasedStateProvider
net/minecraft/class_6580	net/minecraft/world/level/levelgen/feature/stateproviders/NoiseProvider
net/minecraft/class_6581	net/minecraft/world/level/levelgen/feature/stateproviders/NoiseThresholdProvider
net/minecraft/class_6582	net/minecraft/world/level/levelgen/material/MaterialRuleList
net/minecraft/class_6583	net/minecraft/world/level/levelgen/material/WorldGenMaterialRule
net/minecraft/class_6584	net/minecraft/world/level/levelgen/placement/SurfaceRelativeThresholdFilter
net/minecraft/class_6595	net/minecraft/world/level/storage/DataVersion
net/minecraft/class_6597	net/minecraft/client/PrioritizeChunkUpdates
net/minecraft/class_6599	net/minecraft/client/gui/screens/controls/KeyBindsScreen
net/minecraft/class_6603	net/minecraft/network/protocol/game/ClientboundLevelChunkPacketData
net/minecraft/class_6603$class_6604	net/minecraft/network/protocol/game/ClientboundLevelChunkPacketData$BlockEntityInfo
net/minecraft/class_6603$class_6605	net/minecraft/network/protocol/game/ClientboundLevelChunkPacketData$BlockEntityTagOutput
net/minecraft/class_6606	net/minecraft/network/protocol/game/ClientboundLightUpdatePacketData
net/minecraft/class_6607	net/minecraft/server/commands/JfrCommand
net/minecraft/class_6608	net/minecraft/server/commands/ResetChunksCommand
net/minecraft/class_6609	net/minecraft/server/level/TickingTracker
net/minecraft/class_661	net/minecraft/client/particle/BubblePopParticle
net/minecraft/class_661$class_662	net/minecraft/client/particle/BubblePopParticle$Provider
net/minecraft/class_6611	net/minecraft/util/profiling/jfr/JvmProfiler
net/minecraft/class_6611$class_6612	net/minecraft/util/profiling/jfr/JvmProfiler$NoOpProfiler
net/minecraft/class_6613	net/minecraft/util/profiling/jfr/callback/ProfiledDuration
net/minecraft/class_6614	net/minecraft/util/profiling/jfr/callback/package-info
net/minecraft/class_6621	net/minecraft/world/level/levelgen/structure/PostPlacementProcessor
net/minecraft/class_6622	net/minecraft/world/level/levelgen/structure/pieces/PieceGenerator
net/minecraft/class_6622$class_6623	net/minecraft/world/level/levelgen/structure/pieces/PieceGenerator$Context
net/minecraft/class_6624	net/minecraft/world/level/levelgen/structure/pieces/PiecesContainer
net/minecraft/class_6625	net/minecraft/world/level/levelgen/structure/pieces/StructurePieceSerializationContext
net/minecraft/class_6626	net/minecraft/world/level/levelgen/structure/pieces/StructurePiecesBuilder
net/minecraft/class_6627	net/minecraft/world/level/levelgen/structure/pieces/package-info
net/minecraft/class_6628	net/minecraft/client/telemetry/ClientTelemetryManager
net/minecraft/class_663	net/minecraft/client/particle/DripParticle
net/minecraft/class_663$class_4082	net/minecraft/client/particle/DripParticle$CoolingDripHangParticle
net/minecraft/class_663$class_4083	net/minecraft/client/particle/DripParticle$FallAndLandParticle
net/minecraft/class_663$class_4084	net/minecraft/client/particle/DripParticle$DripHangParticle
net/minecraft/class_663$class_4085	net/minecraft/client/particle/DripParticle$DripLandParticle
net/minecraft/class_663$class_4497	net/minecraft/client/particle/DripParticle$FallingParticle
net/minecraft/class_663$class_4498	net/minecraft/client/particle/DripParticle$HoneyFallAndLandParticle
net/minecraft/class_663$class_5692	net/minecraft/client/particle/DripParticle$DripstoneFallAndLandParticle
net/minecraft/class_6630	net/minecraft/server/chase/ChaseClient
net/minecraft/class_6630$class_6631	net/minecraft/server/chase/ChaseClient$TeleportTarget
net/minecraft/class_6632	net/minecraft/server/chase/ChaseServer
net/minecraft/class_6632$class_6668	net/minecraft/server/chase/ChaseServer$PlayerPosition
net/minecraft/class_6633	net/minecraft/server/chase/package-info
net/minecraft/class_6634	net/minecraft/server/commands/ChaseCommand
net/minecraft/class_6636	net/minecraft/util/datafix/fixes/AddFlagIfNotPresentFix
net/minecraft/class_6637	net/minecraft/util/datafix/fixes/ChunkHeightAndBiomeFix
net/minecraft/class_6638	net/minecraft/util/datafix/fixes/WorldGenSettingsDisallowOldCustomWorldsFix
net/minecraft/class_6639	net/minecraft/util/datafix/fixes/WorldGenSettingsHeightAndBiomeFix
net/minecraft/class_6640	net/minecraft/util/datafix/schemas/V2832
net/minecraft/class_6641	net/minecraft/util/monitoring/jmx/package-info
net/minecraft/class_6642	net/minecraft/util/valueproviders/WeightedListInt
net/minecraft/class_6643	net/minecraft/world/level/chunk/CarvingMask
net/minecraft/class_6643$class_6828	net/minecraft/world/level/chunk/CarvingMask$Mask
net/minecraft/class_6644	net/minecraft/world/level/levelgen/blockpredicates/AllOfPredicate
net/minecraft/class_6645	net/minecraft/world/level/levelgen/blockpredicates/AnyOfPredicate
net/minecraft/class_6646	net/minecraft/world/level/levelgen/blockpredicates/BlockPredicate
net/minecraft/class_6647	net/minecraft/world/level/levelgen/blockpredicates/BlockPredicateType
net/minecraft/class_6648	net/minecraft/world/level/levelgen/blockpredicates/CombiningPredicate
net/minecraft/class_6649	net/minecraft/world/level/levelgen/blockpredicates/MatchingBlocksPredicate
net/minecraft/class_6650	net/minecraft/world/level/levelgen/blockpredicates/MatchingFluidsPredicate
net/minecraft/class_6651	net/minecraft/world/level/levelgen/blockpredicates/NotPredicate
net/minecraft/class_6652	net/minecraft/world/level/levelgen/blockpredicates/ReplaceablePredicate
net/minecraft/class_6653	net/minecraft/world/level/levelgen/blockpredicates/package-info
net/minecraft/class_6654	net/minecraft/world/level/levelgen/feature/BlockColumnFeature
net/minecraft/class_6655	net/minecraft/world/level/levelgen/feature/configurations/BlockColumnConfiguration
net/minecraft/class_6655$class_6656	net/minecraft/world/level/levelgen/feature/configurations/BlockColumnConfiguration$Layer
net/minecraft/class_6657	net/minecraft/world/level/levelgen/material/package-info
net/minecraft/class_6658	net/minecraft/world/level/levelgen/placement/BlockPredicateFilter
net/minecraft/class_666	net/minecraft/client/particle/DragonBreathParticle
net/minecraft/class_666$class_667	net/minecraft/client/particle/DragonBreathParticle$Provider
net/minecraft/class_6661	net/minecraft/world/level/levelgen/placement/PlacementFilter
net/minecraft/class_6662	net/minecraft/world/level/storage/loot/functions/SetPotionFunction
net/minecraft/class_6662$class_6663	net/minecraft/world/level/storage/loot/functions/SetPotionFunction$Serializer
net/minecraft/class_6664	net/minecraft/client/gui/screens/inventory/tooltip/package-info
net/minecraft/class_6666	net/minecraft/core/cauldron/package-info
net/minecraft/class_6667	net/minecraft/data/worldgen/package-info
net/minecraft/class_6669	net/minecraft/util/datafix/fixes/CavesAndCliffsRenames
net/minecraft/class_6670	net/minecraft/world/entity/ai/memory/NearestVisibleLivingEntities
net/minecraft/class_6672	net/minecraft/world/level/levelgen/MarsagliaPolarGaussian
net/minecraft/class_6673	net/minecraft/world/level/levelgen/RandomSupport
net/minecraft/class_6673$class_6674	net/minecraft/world/level/levelgen/RandomSupport$Seed128bit
net/minecraft/class_6676	net/minecraft/world/level/levelgen/Xoroshiro128PlusPlus
net/minecraft/class_6677	net/minecraft/world/level/levelgen/XoroshiroRandomSource
net/minecraft/class_6677$class_6678	net/minecraft/world/level/levelgen/XoroshiroRandomSource$XoroshiroPositionalRandomFactory
net/minecraft/class_6679	net/minecraft/world/level/levelgen/blockpredicates/StateTestingPredicate
net/minecraft/class_668	net/minecraft/client/particle/EnchantmentTableParticle
net/minecraft/class_668$class_669	net/minecraft/client/particle/EnchantmentTableParticle$NautilusProvider
net/minecraft/class_668$class_670	net/minecraft/client/particle/EnchantmentTableParticle$Provider
net/minecraft/class_6680	net/minecraft/world/level/levelgen/blockpredicates/TrueBlockPredicate
net/minecraft/class_6681	net/minecraft/world/level/levelgen/blockpredicates/WouldSurvivePredicate
net/minecraft/class_6682	net/minecraft/network/protocol/game/ClientboundSetSimulationDistancePacket
net/minecraft/class_6683	net/minecraft/util/ModCheck
net/minecraft/class_6683$class_6684	net/minecraft/util/ModCheck$Confidence
net/minecraft/class_6686	net/minecraft/world/level/levelgen/SurfaceRules
net/minecraft/class_6686$class_6687	net/minecraft/world/level/levelgen/SurfaceRules$Bandlands
net/minecraft/class_6686$class_6689	net/minecraft/world/level/levelgen/SurfaceRules$BiomeConditionSource
net/minecraft/class_6686$class_6689$class_6690	net/minecraft/world/level/levelgen/SurfaceRules$BiomeConditionSource$1BiomeCondition
net/minecraft/class_6686$class_6691	net/minecraft/world/level/levelgen/SurfaceRules$BlockRuleSource
net/minecraft/class_6686$class_6692	net/minecraft/world/level/levelgen/SurfaceRules$Condition
net/minecraft/class_6686$class_6693	net/minecraft/world/level/levelgen/SurfaceRules$ConditionSource
net/minecraft/class_6686$class_6694	net/minecraft/world/level/levelgen/SurfaceRules$Context
net/minecraft/class_6686$class_6694$class_6695	net/minecraft/world/level/levelgen/SurfaceRules$Context$HoleCondition
net/minecraft/class_6686$class_6694$class_6696	net/minecraft/world/level/levelgen/SurfaceRules$Context$SteepMaterialCondition
net/minecraft/class_6686$class_6694$class_6771	net/minecraft/world/level/levelgen/SurfaceRules$Context$AbovePreliminarySurfaceCondition
net/minecraft/class_6686$class_6694$class_6772	net/minecraft/world/level/levelgen/SurfaceRules$Context$TemperatureHelperCondition
net/minecraft/class_6686$class_6701	net/minecraft/world/level/levelgen/SurfaceRules$Hole
net/minecraft/class_6686$class_6702	net/minecraft/world/level/levelgen/SurfaceRules$LazyCondition
net/minecraft/class_6686$class_6703	net/minecraft/world/level/levelgen/SurfaceRules$NoiseThresholdConditionSource
net/minecraft/class_6686$class_6703$class_6704	net/minecraft/world/level/levelgen/SurfaceRules$NoiseThresholdConditionSource$1NoiseThresholdCondition
net/minecraft/class_6686$class_6706	net/minecraft/world/level/levelgen/SurfaceRules$NotCondition
net/minecraft/class_6686$class_6707	net/minecraft/world/level/levelgen/SurfaceRules$NotConditionSource
net/minecraft/class_6686$class_6708	net/minecraft/world/level/levelgen/SurfaceRules$RuleSource
net/minecraft/class_6686$class_6709	net/minecraft/world/level/levelgen/SurfaceRules$SequenceRule
net/minecraft/class_6686$class_6710	net/minecraft/world/level/levelgen/SurfaceRules$SequenceRuleSource
net/minecraft/class_6686$class_6711	net/minecraft/world/level/levelgen/SurfaceRules$StateRule
net/minecraft/class_6686$class_6712	net/minecraft/world/level/levelgen/SurfaceRules$Steep
net/minecraft/class_6686$class_6713	net/minecraft/world/level/levelgen/SurfaceRules$StoneDepthCheck
net/minecraft/class_6686$class_6713$class_6714	net/minecraft/world/level/levelgen/SurfaceRules$StoneDepthCheck$1StoneDepthCondition
net/minecraft/class_6686$class_6715	net/minecraft/world/level/levelgen/SurfaceRules$SurfaceRule
net/minecraft/class_6686$class_6716	net/minecraft/world/level/levelgen/SurfaceRules$Temperature
net/minecraft/class_6686$class_6717	net/minecraft/world/level/levelgen/SurfaceRules$TestRule
net/minecraft/class_6686$class_6718	net/minecraft/world/level/levelgen/SurfaceRules$TestRuleSource
net/minecraft/class_6686$class_6720	net/minecraft/world/level/levelgen/SurfaceRules$WaterConditionSource
net/minecraft/class_6686$class_6720$class_6721	net/minecraft/world/level/levelgen/SurfaceRules$WaterConditionSource$1WaterCondition
net/minecraft/class_6686$class_6722	net/minecraft/world/level/levelgen/SurfaceRules$YConditionSource
net/minecraft/class_6686$class_6722$class_6723	net/minecraft/world/level/levelgen/SurfaceRules$YConditionSource$1YCondition
net/minecraft/class_6686$class_6770	net/minecraft/world/level/levelgen/SurfaceRules$AbovePreliminarySurface
net/minecraft/class_6686$class_6773	net/minecraft/world/level/levelgen/SurfaceRules$LazyXZCondition
net/minecraft/class_6686$class_6774	net/minecraft/world/level/levelgen/SurfaceRules$LazyYCondition
net/minecraft/class_6686$class_6775	net/minecraft/world/level/levelgen/SurfaceRules$VerticalGradientConditionSource
net/minecraft/class_6686$class_6775$class_6776	net/minecraft/world/level/levelgen/SurfaceRules$VerticalGradientConditionSource$1VerticalGradientCondition
net/minecraft/class_67	net/minecraft/world/level/storage/loot/entries/DynamicLoot
net/minecraft/class_67$class_68	net/minecraft/world/level/storage/loot/entries/DynamicLoot$Serializer
net/minecraft/class_671	net/minecraft/client/particle/DustParticle
net/minecraft/class_671$class_672	net/minecraft/client/particle/DustParticle$Provider
net/minecraft/class_6724	net/minecraft/world/level/levelgen/SurfaceSystem
net/minecraft/class_6724$1	net/minecraft/world/level/levelgen/SurfaceSystem$1
net/minecraft/class_6725	net/minecraft/data/worldgen/SurfaceRuleData
net/minecraft/class_6726	net/minecraft/data/worldgen/biome/EndBiomes
net/minecraft/class_6727	net/minecraft/data/worldgen/biome/NetherBiomes
net/minecraft/class_6728	net/minecraft/util/valueproviders/ClampedNormalInt
net/minecraft/class_673	net/minecraft/client/particle/ExplodeParticle
net/minecraft/class_673$class_674	net/minecraft/client/particle/ExplodeParticle$Provider
net/minecraft/class_6731	net/minecraft/world/level/levelgen/Noises
net/minecraft/class_6732	net/minecraft/world/level/levelgen/placement/RandomOffsetPlacement
net/minecraft/class_6734	net/minecraft/client/particle/BlockMarker
net/minecraft/class_6734$class_6735	net/minecraft/client/particle/BlockMarker$Provider
net/minecraft/class_6736	net/minecraft/data/worldgen/NoiseData
net/minecraft/class_6740	net/minecraft/util/datafix/fixes/ChunkProtoTickListFix
net/minecraft/class_6740$class_6741	net/minecraft/util/datafix/fixes/ChunkProtoTickListFix$PoorMansPalettedContainer
net/minecraft/class_6742	net/minecraft/util/datafix/fixes/ChunkRenamesFix
net/minecraft/class_6743	net/minecraft/util/datafix/schemas/V2842
net/minecraft/class_6746	net/minecraft/world/level/levelgen/BelowZeroRetrogen
net/minecraft/class_6746$1	net/minecraft/world/level/levelgen/BelowZeroRetrogen$1
net/minecraft/class_6748	net/minecraft/world/level/levelgen/blending/Blender
net/minecraft/class_6748$1	net/minecraft/world/level/levelgen/blending/Blender$1
net/minecraft/class_6748$class_6781	net/minecraft/world/level/levelgen/blending/Blender$CellValueGetter
net/minecraft/class_6748$class_6831	net/minecraft/world/level/levelgen/blending/Blender$DistanceGetter
net/minecraft/class_6748$class_6956	net/minecraft/world/level/levelgen/blending/Blender$BlendingOutput
net/minecraft/class_6749	net/minecraft/world/level/levelgen/blending/BlendingData
net/minecraft/class_6749$class_6750	net/minecraft/world/level/levelgen/blending/BlendingData$DensityConsumer
net/minecraft/class_6749$class_6751	net/minecraft/world/level/levelgen/blending/BlendingData$HeightConsumer
net/minecraft/class_6749$class_6853	net/minecraft/world/level/levelgen/blending/BlendingData$BiomeConsumer
net/minecraft/class_675	net/minecraft/client/particle/EndRodParticle
net/minecraft/class_675$class_676	net/minecraft/client/particle/EndRodParticle$Provider
net/minecraft/class_6753	net/minecraft/world/level/levelgen/blending/package-info
net/minecraft/class_6754	net/minecraft/world/ticks/BlackholeTickAccess
net/minecraft/class_6754$1	net/minecraft/world/ticks/BlackholeTickAccess$1
net/minecraft/class_6754$2	net/minecraft/world/ticks/BlackholeTickAccess$2
net/minecraft/class_6755	net/minecraft/world/ticks/LevelChunkTicks
net/minecraft/class_6756	net/minecraft/world/ticks/LevelTickAccess
net/minecraft/class_6757	net/minecraft/world/ticks/LevelTicks
net/minecraft/class_6757$class_6758	net/minecraft/world/ticks/LevelTicks$PosAndContainerConsumer
net/minecraft/class_6759	net/minecraft/world/ticks/SavedTick
net/minecraft/class_6759$1	net/minecraft/world/ticks/SavedTick$1
net/minecraft/class_6760	net/minecraft/world/ticks/ScheduledTick
net/minecraft/class_6760$1	net/minecraft/world/ticks/ScheduledTick$1
net/minecraft/class_6761	net/minecraft/world/ticks/SerializableTickContainer
net/minecraft/class_6762	net/minecraft/world/ticks/TickAccess
net/minecraft/class_6763	net/minecraft/world/ticks/TickContainerAccess
net/minecraft/class_6764	net/minecraft/world/ticks/package-info
net/minecraft/class_6765	net/minecraft/data/worldgen/TerrainProvider
net/minecraft/class_6767	net/minecraft/util/profiling/jfr/stats/NetworkPacketSummary
net/minecraft/class_6767$class_6768	net/minecraft/util/profiling/jfr/stats/NetworkPacketSummary$PacketCountAndSize
net/minecraft/class_6767$class_6769	net/minecraft/util/profiling/jfr/stats/NetworkPacketSummary$PacketIdentification
net/minecraft/class_677	net/minecraft/client/particle/FireworkParticles
net/minecraft/class_677$1	net/minecraft/client/particle/FireworkParticles$1
net/minecraft/class_677$class_3997	net/minecraft/client/particle/FireworkParticles$FlashProvider
net/minecraft/class_677$class_678	net/minecraft/client/particle/FireworkParticles$OverlayParticle
net/minecraft/class_677$class_679	net/minecraft/client/particle/FireworkParticles$SparkProvider
net/minecraft/class_677$class_680	net/minecraft/client/particle/FireworkParticles$SparkParticle
net/minecraft/class_677$class_681	net/minecraft/client/particle/FireworkParticles$Starter
net/minecraft/class_6777	net/minecraft/client/gui/screens/OnlineOptionsScreen
net/minecraft/class_6780	net/minecraft/world/level/biome/BiomeResolver
net/minecraft/class_6783	net/minecraft/world/level/levelgen/blockpredicates/InsideWorldBoundsPredicate
net/minecraft/class_6784	net/minecraft/world/level/levelgen/blockpredicates/SolidPredicate
net/minecraft/class_6785	net/minecraft/world/level/levelgen/feature/FeatureCountTracker
net/minecraft/class_6785$1	net/minecraft/world/level/levelgen/feature/FeatureCountTracker$1
net/minecraft/class_6785$class_6786	net/minecraft/world/level/levelgen/feature/FeatureCountTracker$FeatureData
net/minecraft/class_6785$class_6787	net/minecraft/world/level/levelgen/feature/FeatureCountTracker$LevelData
net/minecraft/class_6789	net/minecraft/world/level/levelgen/feature/configurations/NetherForestVegetationConfig
net/minecraft/class_6790	net/minecraft/world/level/levelgen/feature/configurations/TwistingVinesConfig
net/minecraft/class_6791	net/minecraft/world/level/levelgen/heightproviders/WeightedListHeight
net/minecraft/class_6792	net/minecraft/world/level/levelgen/placement/BiomeFilter
net/minecraft/class_6793	net/minecraft/world/level/levelgen/placement/CountPlacement
net/minecraft/class_6794	net/minecraft/world/level/levelgen/placement/EnvironmentScanPlacement
net/minecraft/class_6795	net/minecraft/world/level/levelgen/placement/HeightRangePlacement
net/minecraft/class_6796	net/minecraft/world/level/levelgen/placement/PlacedFeature
net/minecraft/class_6797	net/minecraft/world/level/levelgen/placement/PlacementModifier
net/minecraft/class_6798	net/minecraft/world/level/levelgen/placement/PlacementModifierType
net/minecraft/class_6799	net/minecraft/world/level/levelgen/placement/RarityFilter
net/minecraft/class_6800	net/minecraft/data/worldgen/features/AquaticFeatures
net/minecraft/class_6801	net/minecraft/data/worldgen/features/CaveFeatures
net/minecraft/class_6802	net/minecraft/data/worldgen/features/EndFeatures
net/minecraft/class_6803	net/minecraft/data/worldgen/features/FeatureUtils
net/minecraft/class_6804	net/minecraft/data/worldgen/features/MiscOverworldFeatures
net/minecraft/class_6805	net/minecraft/data/worldgen/features/NetherFeatures
net/minecraft/class_6806	net/minecraft/data/worldgen/features/OreFeatures
net/minecraft/class_6807	net/minecraft/data/worldgen/features/PileFeatures
net/minecraft/class_6808	net/minecraft/data/worldgen/features/TreeFeatures
net/minecraft/class_6809	net/minecraft/data/worldgen/features/VegetationFeatures
net/minecraft/class_6810	net/minecraft/data/worldgen/features/package-info
net/minecraft/class_6811	net/minecraft/data/worldgen/placement/AquaticPlacements
net/minecraft/class_6812	net/minecraft/data/worldgen/placement/CavePlacements
net/minecraft/class_6813	net/minecraft/data/worldgen/placement/EndPlacements
net/minecraft/class_6814	net/minecraft/data/worldgen/placement/MiscOverworldPlacements
net/minecraft/class_6815	net/minecraft/data/worldgen/placement/NetherPlacements
net/minecraft/class_6816	net/minecraft/data/worldgen/placement/OrePlacements
net/minecraft/class_6817	net/minecraft/data/worldgen/placement/PlacementUtils
net/minecraft/class_6818	net/minecraft/data/worldgen/placement/TreePlacements
net/minecraft/class_6819	net/minecraft/data/worldgen/placement/VegetationPlacements
net/minecraft/class_682	net/minecraft/client/particle/FallingDustParticle
net/minecraft/class_682$class_683	net/minecraft/client/particle/FallingDustParticle$Provider
net/minecraft/class_6820	net/minecraft/data/worldgen/placement/package-info
net/minecraft/class_6825	net/minecraft/data/worldgen/placement/VillagePlacements
net/minecraft/class_6826	net/minecraft/util/FastBufferedInputStream
net/minecraft/class_6830	net/minecraft/world/level/chunk/storage/ChunkScanAccess
net/minecraft/class_6832	net/minecraft/world/level/levelgen/structure/StructureCheck
net/minecraft/class_6833	net/minecraft/world/level/levelgen/structure/StructureCheckResult
net/minecraft/class_6834	net/minecraft/world/level/levelgen/structure/pieces/PieceGeneratorSupplier
net/minecraft/class_6834$class_6835	net/minecraft/world/level/levelgen/structure/pieces/PieceGeneratorSupplier$Context
net/minecraft/class_6836	net/minecraft/nbt/StreamTagVisitor
net/minecraft/class_6836$class_6837	net/minecraft/nbt/StreamTagVisitor$EntryResult
net/minecraft/class_6836$class_6838	net/minecraft/nbt/StreamTagVisitor$ValueResult
net/minecraft/class_684	net/minecraft/client/particle/HeartParticle
net/minecraft/class_684$class_685	net/minecraft/client/particle/HeartParticle$AngryVillagerProvider
net/minecraft/class_684$class_686	net/minecraft/client/particle/HeartParticle$Provider
net/minecraft/class_6841	net/minecraft/nbt/visitors/CollectFields
net/minecraft/class_6842	net/minecraft/nbt/visitors/FieldTree
net/minecraft/class_6843	net/minecraft/nbt/visitors/FieldSelector
net/minecraft/class_6844	net/minecraft/nbt/visitors/CollectToTag
net/minecraft/class_6845	net/minecraft/nbt/visitors/SkipAll
net/minecraft/class_6845$1	net/minecraft/nbt/visitors/SkipAll$1
net/minecraft/class_6846	net/minecraft/nbt/visitors/package-info
net/minecraft/class_6847	net/minecraft/world/level/levelgen/blockpredicates/HasSturdyFacePredicate
net/minecraft/class_6848	net/minecraft/world/level/levelgen/blockpredicates/MatchingBlockTagPredicate
net/minecraft/class_6849	net/minecraft/client/renderer/chunk/RenderChunk
net/minecraft/class_6850	net/minecraft/client/renderer/chunk/RenderRegionCache
net/minecraft/class_6850$class_6851	net/minecraft/client/renderer/chunk/RenderRegionCache$ChunkInfo
net/minecraft/class_6852	net/minecraft/server/commands/PlaceCommand
net/minecraft/class_6854	com/mojang/blaze3d/shaders/FogShape
net/minecraft/class_6856	net/minecraft/nbt/visitors/SkipFields
net/minecraft/class_6857	net/minecraft/network/protocol/game/ServerPacketListener
net/minecraft/class_6858	net/minecraft/util/datafix/fixes/WeaponSmithChestLootTableFix
net/minecraft/class_6860	net/minecraft/server/packs/resources/CloseableResourceManager
net/minecraft/class_6861	net/minecraft/server/packs/resources/MultiPackResourceManager
net/minecraft/class_6862	net/minecraft/tags/TagKey
net/minecraft/class_6864	net/minecraft/tags/TagNetworkSerialization
net/minecraft/class_6864$class_5748	net/minecraft/tags/TagNetworkSerialization$NetworkPayload
net/minecraft/class_6864$class_6865	net/minecraft/tags/TagNetworkSerialization$TagOutput
net/minecraft/class_6867	net/minecraft/util/datafix/fixes/StructureSettingsFlattenFix
net/minecraft/class_6868	net/minecraft/world/entity/ai/goal/ClimbOnTopOfPowderSnowGoal
net/minecraft/class_687	net/minecraft/client/particle/FlameParticle
net/minecraft/class_687$class_5613	net/minecraft/client/particle/FlameParticle$SmallFlameProvider
net/minecraft/class_687$class_688	net/minecraft/client/particle/FlameParticle$Provider
net/minecraft/class_6871	net/minecraft/world/level/levelgen/structure/placement/ConcentricRingsStructurePlacement
net/minecraft/class_6872	net/minecraft/world/level/levelgen/structure/placement/RandomSpreadStructurePlacement
net/minecraft/class_6873	net/minecraft/world/level/levelgen/structure/placement/RandomSpreadType
net/minecraft/class_6873$1	net/minecraft/world/level/levelgen/structure/placement/RandomSpreadType$1
net/minecraft/class_6874	net/minecraft/world/level/levelgen/structure/placement/StructurePlacement
net/minecraft/class_6874$class_7152	net/minecraft/world/level/levelgen/structure/placement/StructurePlacement$ExclusionZone
net/minecraft/class_6874$class_7153	net/minecraft/world/level/levelgen/structure/placement/StructurePlacement$FrequencyReducer
net/minecraft/class_6874$class_7154	net/minecraft/world/level/levelgen/structure/placement/StructurePlacement$FrequencyReductionMethod
net/minecraft/class_6875	net/minecraft/world/level/levelgen/structure/placement/StructurePlacementType
net/minecraft/class_6876	net/minecraft/world/level/levelgen/structure/placement/package-info
net/minecraft/class_6877	net/minecraft/client/PeriodicNotificationManager
net/minecraft/class_6877$class_6878	net/minecraft/client/PeriodicNotificationManager$Notification
net/minecraft/class_6877$class_6879	net/minecraft/client/PeriodicNotificationManager$NotificationTask
net/minecraft/class_6880	net/minecraft/core/Holder
net/minecraft/class_6880$class_6881	net/minecraft/core/Holder$Direct
net/minecraft/class_6880$class_6882	net/minecraft/core/Holder$Kind
net/minecraft/class_6880$class_6883	net/minecraft/core/Holder$Reference
net/minecraft/class_6880$class_6883$class_6884	net/minecraft/core/Holder$Reference$Type
net/minecraft/class_6885	net/minecraft/core/HolderSet
net/minecraft/class_6885$class_6886	net/minecraft/core/HolderSet$Direct
net/minecraft/class_6885$class_6887	net/minecraft/core/HolderSet$ListBacked
net/minecraft/class_6885$class_6888	net/minecraft/core/HolderSet$Named
net/minecraft/class_689	net/minecraft/client/particle/HugeExplosionSeedParticle
net/minecraft/class_689$class_690	net/minecraft/client/particle/HugeExplosionSeedParticle$Provider
net/minecraft/class_6895	net/minecraft/core/RegistryCodecs
net/minecraft/class_6895$class_5501	net/minecraft/core/RegistryCodecs$RegistryEntry
net/minecraft/class_6898	net/minecraft/resources/HolderSetCodec
net/minecraft/class_6899	net/minecraft/resources/RegistryFixedCodec
net/minecraft/class_69	net/minecraft/world/level/storage/loot/entries/CompositeEntryBase
net/minecraft/class_69$1	net/minecraft/world/level/storage/loot/entries/CompositeEntryBase$1
net/minecraft/class_69$class_70	net/minecraft/world/level/storage/loot/entries/CompositeEntryBase$CompositeEntryConstructor
net/minecraft/class_6903	net/minecraft/resources/RegistryOps
net/minecraft/class_6903$1	net/minecraft/resources/RegistryOps$1
net/minecraft/class_6903$2	net/minecraft/resources/RegistryOps$2
net/minecraft/class_6903$class_7862	net/minecraft/resources/RegistryOps$RegistryInfo
net/minecraft/class_6903$class_7863	net/minecraft/resources/RegistryOps$RegistryInfoLookup
net/minecraft/class_6904	net/minecraft/server/WorldStem
net/minecraft/class_6908	net/minecraft/tags/BiomeTags
net/minecraft/class_6909	net/minecraft/util/datafix/fixes/OverreachingTickFix
net/minecraft/class_691	net/minecraft/client/particle/HugeExplosionParticle
net/minecraft/class_691$class_692	net/minecraft/client/particle/HugeExplosionParticle$Provider
net/minecraft/class_6910	net/minecraft/world/level/levelgen/DensityFunction
net/minecraft/class_6910$class_6911	net/minecraft/world/level/levelgen/DensityFunction$ContextProvider
net/minecraft/class_6910$class_6912	net/minecraft/world/level/levelgen/DensityFunction$FunctionContext
net/minecraft/class_6910$class_6913	net/minecraft/world/level/levelgen/DensityFunction$SimpleFunction
net/minecraft/class_6910$class_6914	net/minecraft/world/level/levelgen/DensityFunction$SinglePointContext
net/minecraft/class_6910$class_6915	net/minecraft/world/level/levelgen/DensityFunction$Visitor
net/minecraft/class_6910$class_7270	net/minecraft/world/level/levelgen/DensityFunction$NoiseHolder
net/minecraft/class_6916	net/minecraft/world/level/levelgen/DensityFunctions
net/minecraft/class_6916$1	net/minecraft/world/level/levelgen/DensityFunctions$1
net/minecraft/class_6916$class_6917	net/minecraft/world/level/levelgen/DensityFunctions$Ap2
net/minecraft/class_6916$class_6919	net/minecraft/world/level/levelgen/DensityFunctions$BlendAlpha
net/minecraft/class_6916$class_6920	net/minecraft/world/level/levelgen/DensityFunctions$BlendDensity
net/minecraft/class_6916$class_6921	net/minecraft/world/level/levelgen/DensityFunctions$BlendOffset
net/minecraft/class_6916$class_6922	net/minecraft/world/level/levelgen/DensityFunctions$Clamp
net/minecraft/class_6916$class_6923	net/minecraft/world/level/levelgen/DensityFunctions$Constant
net/minecraft/class_6916$class_6924	net/minecraft/world/level/levelgen/DensityFunctions$EndIslandDensityFunction
net/minecraft/class_6916$class_6925	net/minecraft/world/level/levelgen/DensityFunctions$Mapped
net/minecraft/class_6916$class_6925$class_6926	net/minecraft/world/level/levelgen/DensityFunctions$Mapped$Type
net/minecraft/class_6916$class_6927	net/minecraft/world/level/levelgen/DensityFunctions$Marker
net/minecraft/class_6916$class_6927$class_6928	net/minecraft/world/level/levelgen/DensityFunctions$Marker$Type
net/minecraft/class_6916$class_6929	net/minecraft/world/level/levelgen/DensityFunctions$MulOrAdd
net/minecraft/class_6916$class_6929$class_6930	net/minecraft/world/level/levelgen/DensityFunctions$MulOrAdd$Type
net/minecraft/class_6916$class_6931	net/minecraft/world/level/levelgen/DensityFunctions$Noise
net/minecraft/class_6916$class_6932	net/minecraft/world/level/levelgen/DensityFunctions$PureTransformer
net/minecraft/class_6916$class_6933	net/minecraft/world/level/levelgen/DensityFunctions$RangeChoice
net/minecraft/class_6916$class_6934	net/minecraft/world/level/levelgen/DensityFunctions$Shift
net/minecraft/class_6916$class_6937	net/minecraft/world/level/levelgen/DensityFunctions$ShiftA
net/minecraft/class_6916$class_6938	net/minecraft/world/level/levelgen/DensityFunctions$ShiftB
net/minecraft/class_6916$class_6939	net/minecraft/world/level/levelgen/DensityFunctions$ShiftNoise
net/minecraft/class_6916$class_6940	net/minecraft/world/level/levelgen/DensityFunctions$ShiftedNoise
net/minecraft/class_6916$class_6943	net/minecraft/world/level/levelgen/DensityFunctions$TransformerWithContext
net/minecraft/class_6916$class_6944	net/minecraft/world/level/levelgen/DensityFunctions$WeirdScaledSampler
net/minecraft/class_6916$class_6944$class_7048	net/minecraft/world/level/levelgen/DensityFunctions$WeirdScaledSampler$RarityValueMapper
net/minecraft/class_6916$class_6945	net/minecraft/world/level/levelgen/DensityFunctions$YClampedGradient
net/minecraft/class_6916$class_7049	net/minecraft/world/level/levelgen/DensityFunctions$BeardifierMarker
net/minecraft/class_6916$class_7050	net/minecraft/world/level/levelgen/DensityFunctions$BeardifierOrMarker
net/minecraft/class_6916$class_7051	net/minecraft/world/level/levelgen/DensityFunctions$HolderHolder
net/minecraft/class_6916$class_7052	net/minecraft/world/level/levelgen/DensityFunctions$MarkerOrMarked
net/minecraft/class_6916$class_7055	net/minecraft/world/level/levelgen/DensityFunctions$TwoArgumentSimpleFunction
net/minecraft/class_6916$class_7055$class_6918	net/minecraft/world/level/levelgen/DensityFunctions$TwoArgumentSimpleFunction$Type
net/minecraft/class_6916$class_7076	net/minecraft/world/level/levelgen/DensityFunctions$Spline
net/minecraft/class_6916$class_7076$class_7135	net/minecraft/world/level/levelgen/DensityFunctions$Spline$Coordinate
net/minecraft/class_6916$class_7076$class_7136	net/minecraft/world/level/levelgen/DensityFunctions$Spline$Point
net/minecraft/class_693	net/minecraft/client/particle/ItemPickupParticle
net/minecraft/class_694	net/minecraft/client/particle/LavaParticle
net/minecraft/class_694$class_695	net/minecraft/client/particle/LavaParticle$Provider
net/minecraft/class_6953	net/minecraft/world/level/levelgen/NoiseRouter
net/minecraft/class_6954	net/minecraft/world/level/levelgen/NoiseRouterData
net/minecraft/class_6954$class_5841	net/minecraft/world/level/levelgen/NoiseRouterData$QuantizedSpaghettiRarity
net/minecraft/class_6955	net/minecraft/world/level/levelgen/OreVeinifier
net/minecraft/class_6955$class_6354	net/minecraft/world/level/levelgen/OreVeinifier$VeinType
net/minecraft/class_6957	net/minecraft/data/tags/BiomeTagsProvider
net/minecraft/class_696	net/minecraft/client/particle/LargeSmokeParticle
net/minecraft/class_696$class_697	net/minecraft/client/particle/LargeSmokeParticle$Provider
net/minecraft/class_698	net/minecraft/client/particle/NoteParticle
net/minecraft/class_698$class_699	net/minecraft/client/particle/NoteParticle$Provider
net/minecraft/class_7	net/minecraft/world/level/pathfinder/BlockPathTypes
net/minecraft/class_700	net/minecraft/client/particle/MobAppearanceParticle
net/minecraft/class_700$class_701	net/minecraft/client/particle/MobAppearanceParticle$Provider
net/minecraft/class_702	net/minecraft/client/particle/ParticleEngine
net/minecraft/class_702$class_4090	net/minecraft/client/particle/ParticleEngine$MutableSpriteSet
net/minecraft/class_702$class_4091	net/minecraft/client/particle/ParticleEngine$SpriteParticleRegistration
net/minecraft/class_702$class_7759	net/minecraft/client/particle/ParticleEngine$1ParticleDefinition
net/minecraft/class_703	net/minecraft/client/particle/Particle
net/minecraft/class_704	net/minecraft/client/particle/PlayerCloudParticle
net/minecraft/class_704$class_705	net/minecraft/client/particle/PlayerCloudParticle$Provider
net/minecraft/class_704$class_706	net/minecraft/client/particle/PlayerCloudParticle$SneezeProvider
net/minecraft/class_7045	net/minecraft/tags/StructureTags
net/minecraft/class_7046	net/minecraft/util/datafix/fixes/StructuresBecomeConfiguredFix
net/minecraft/class_7046$class_7047	net/minecraft/util/datafix/fixes/StructuresBecomeConfiguredFix$Conversion
net/minecraft/class_7057	net/minecraft/world/level/levelgen/structure/BuiltinStructureSets
net/minecraft/class_7058	net/minecraft/world/level/levelgen/structure/BuiltinStructures
net/minecraft/class_7059	net/minecraft/world/level/levelgen/structure/StructureSet
net/minecraft/class_7059$class_7060	net/minecraft/world/level/levelgen/structure/StructureSet$StructureSelectionEntry
net/minecraft/class_7061	net/minecraft/world/level/levelgen/structure/StructureSpawnOverride
net/minecraft/class_7061$class_7062	net/minecraft/world/level/levelgen/structure/StructureSpawnOverride$BoundingBoxType
net/minecraft/class_7064	net/minecraft/client/gui/screens/multiplayer/Realms32bitWarningScreen
net/minecraft/class_7065	net/minecraft/client/gui/screens/multiplayer/WarningScreen
net/minecraft/class_7066	net/minecraft/commands/arguments/ResourceOrTagKeyArgument
net/minecraft/class_7066$class_7067	net/minecraft/commands/arguments/ResourceOrTagKeyArgument$ResourceResult
net/minecraft/class_7066$class_7068	net/minecraft/commands/arguments/ResourceOrTagKeyArgument$Result
net/minecraft/class_7066$class_7069	net/minecraft/commands/arguments/ResourceOrTagKeyArgument$Info
net/minecraft/class_7066$class_7069$class_7199	net/minecraft/commands/arguments/ResourceOrTagKeyArgument$Info$Template
net/minecraft/class_7066$class_7070	net/minecraft/commands/arguments/ResourceOrTagKeyArgument$TagResult
net/minecraft/class_707	net/minecraft/client/particle/ParticleProvider
net/minecraft/class_707$class_8187	net/minecraft/client/particle/ParticleProvider$Sprite
net/minecraft/class_7071	net/minecraft/data/tags/StructureTagsProvider
net/minecraft/class_7072	net/minecraft/data/worldgen/StructureSets
net/minecraft/class_7077	net/minecraft/client/gui/components/PlainTextButton
net/minecraft/class_7079	net/minecraft/commands/arguments/ResourceKeyArgument
net/minecraft/class_7079$class_7080	net/minecraft/commands/arguments/ResourceKeyArgument$Info
net/minecraft/class_7079$class_7080$class_7197	net/minecraft/commands/arguments/ResourceKeyArgument$Info$Template
net/minecraft/class_708	net/minecraft/client/particle/SimpleAnimatedParticle
net/minecraft/class_7084	net/minecraft/server/packs/resources/ResourceFilterSection
net/minecraft/class_7085	net/minecraft/util/ResourceLocationPattern
net/minecraft/class_7088	net/minecraft/tags/FlatLevelGeneratorPresetTags
net/minecraft/class_7089	net/minecraft/tags/WorldPresetTags
net/minecraft/class_709	net/minecraft/client/particle/PortalParticle
net/minecraft/class_709$class_710	net/minecraft/client/particle/PortalParticle$Provider
net/minecraft/class_7090	net/minecraft/util/datafix/fixes/BlendingDataFix
net/minecraft/class_7091	net/minecraft/util/datafix/fixes/ChunkDeleteIgnoredLightDataFix
net/minecraft/class_7092	net/minecraft/util/datafix/schemas/V3076
net/minecraft/class_7093	net/minecraft/util/datafix/schemas/V3078
net/minecraft/class_7094	net/minecraft/world/entity/AnimationState
net/minecraft/class_7095	net/minecraft/world/entity/ai/behavior/Croak
net/minecraft/class_7096	net/minecraft/world/entity/ai/behavior/LongJumpToPreferredBlock
net/minecraft/class_7097	net/minecraft/world/entity/ai/behavior/TryFindLand
net/minecraft/class_7098	net/minecraft/world/entity/ai/behavior/TryFindLandNearWater
net/minecraft/class_7099	net/minecraft/world/entity/ai/behavior/TryLaySpawnOnWaterNearLand
net/minecraft/class_7100	net/minecraft/world/entity/ai/sensing/FrogAttackablesSensor
net/minecraft/class_7101	net/minecraft/world/entity/ai/sensing/IsInWaterSensor
net/minecraft/class_7102	net/minecraft/world/entity/animal/frog/Frog
net/minecraft/class_7102$class_7103	net/minecraft/world/entity/animal/frog/Frog$FrogLookControl
net/minecraft/class_7102$class_7104	net/minecraft/world/entity/animal/frog/Frog$FrogNodeEvaluator
net/minecraft/class_7102$class_7105	net/minecraft/world/entity/animal/frog/Frog$FrogPathNavigation
net/minecraft/class_7106	net/minecraft/world/entity/animal/FrogVariant
net/minecraft/class_7107	net/minecraft/world/entity/animal/frog/FrogAi
net/minecraft/class_7108	net/minecraft/world/entity/animal/frog/ShootTongue
net/minecraft/class_7108$1	net/minecraft/world/entity/animal/frog/ShootTongue$1
net/minecraft/class_7108$class_7109	net/minecraft/world/entity/animal/frog/ShootTongue$State
net/minecraft/class_711	net/minecraft/client/particle/SpellParticle
net/minecraft/class_711$class_712	net/minecraft/client/particle/SpellParticle$AmbientMobProvider
net/minecraft/class_711$class_713	net/minecraft/client/particle/SpellParticle$InstantProvider
net/minecraft/class_711$class_714	net/minecraft/client/particle/SpellParticle$MobProvider
net/minecraft/class_711$class_715	net/minecraft/client/particle/SpellParticle$Provider
net/minecraft/class_711$class_716	net/minecraft/client/particle/SpellParticle$WitchProvider
net/minecraft/class_7110	net/minecraft/world/entity/animal/frog/Tadpole
net/minecraft/class_7111	net/minecraft/world/entity/animal/frog/TadpoleAi
net/minecraft/class_7112	net/minecraft/world/entity/animal/frog/package-info
net/minecraft/class_7113	net/minecraft/world/level/block/FrogspawnBlock
net/minecraft/class_7114	net/minecraft/world/level/block/MangroveLeavesBlock
net/minecraft/class_7115	net/minecraft/world/level/block/MangrovePropaguleBlock
net/minecraft/class_7116	net/minecraft/world/level/block/MangroveRootsBlock
net/minecraft/class_7117	net/minecraft/world/level/block/MudBlock
net/minecraft/class_7118	net/minecraft/world/level/block/MultifaceSpreader
net/minecraft/class_7118$class_7119	net/minecraft/world/level/block/MultifaceSpreader$DefaultSpreaderConfig
net/minecraft/class_7118$class_7120	net/minecraft/world/level/block/MultifaceSpreader$SpreadConfig
net/minecraft/class_7118$class_7121	net/minecraft/world/level/block/MultifaceSpreader$SpreadPos
net/minecraft/class_7118$class_7122	net/minecraft/world/level/block/MultifaceSpreader$SpreadPredicate
net/minecraft/class_7118$class_7123	net/minecraft/world/level/block/MultifaceSpreader$SpreadType
net/minecraft/class_7118$class_7123$1	net/minecraft/world/level/block/MultifaceSpreader$SpreadType$1
net/minecraft/class_7118$class_7123$2	net/minecraft/world/level/block/MultifaceSpreader$SpreadType$2
net/minecraft/class_7118$class_7123$3	net/minecraft/world/level/block/MultifaceSpreader$SpreadType$3
net/minecraft/class_7124	net/minecraft/world/level/block/SculkBehaviour
net/minecraft/class_7124$1	net/minecraft/world/level/block/SculkBehaviour$1
net/minecraft/class_7125	net/minecraft/world/level/block/SculkBlock
net/minecraft/class_7126	net/minecraft/world/level/block/SculkCatalystBlock
net/minecraft/class_7128	net/minecraft/world/level/block/SculkSpreader
net/minecraft/class_7128$class_7129	net/minecraft/world/level/block/SculkSpreader$ChargeCursor
net/minecraft/class_7130	net/minecraft/world/level/block/SculkVeinBlock
net/minecraft/class_7130$class_7131	net/minecraft/world/level/block/SculkVeinBlock$SculkVeinSpreaderConfig
net/minecraft/class_7132	net/minecraft/world/level/block/entity/SculkCatalystBlockEntity
net/minecraft/class_7132$class_8510	net/minecraft/world/level/block/entity/SculkCatalystBlockEntity$CatalystListener
net/minecraft/class_7133	net/minecraft/world/level/block/entity/SculkShriekerBlockEntity
net/minecraft/class_7133$class_8511	net/minecraft/world/level/block/entity/SculkShriekerBlockEntity$VibrationUser
net/minecraft/class_7134	net/minecraft/world/level/dimension/BuiltinDimensionTypes
net/minecraft/class_7138	net/minecraft/world/level/levelgen/RandomState
net/minecraft/class_7138$1	net/minecraft/world/level/levelgen/RandomState$1
net/minecraft/class_7138$class_7271	net/minecraft/world/level/levelgen/RandomState$1NoiseWiringHelper
net/minecraft/class_7140	net/minecraft/world/level/levelgen/feature/SculkPatchFeature
net/minecraft/class_7141	net/minecraft/world/level/levelgen/feature/configurations/SculkPatchConfiguration
net/minecraft/class_7142	net/minecraft/world/level/levelgen/flat/FlatLevelGeneratorPreset
net/minecraft/class_7143	net/minecraft/world/level/levelgen/flat/FlatLevelGeneratorPresets
net/minecraft/class_7143$class_7144	net/minecraft/world/level/levelgen/flat/FlatLevelGeneratorPresets$Bootstrap
net/minecraft/class_7145	net/minecraft/world/level/levelgen/presets/WorldPreset
net/minecraft/class_7147	net/minecraft/world/level/levelgen/structure/SinglePieceStructure
net/minecraft/class_7147$class_7148	net/minecraft/world/level/levelgen/structure/SinglePieceStructure$PieceConstructor
net/minecraft/class_7151	net/minecraft/world/level/levelgen/structure/StructureType
net/minecraft/class_7156	net/minecraft/world/level/levelgen/structure/structures/package-info
net/minecraft/class_7157	net/minecraft/commands/CommandBuildContext
net/minecraft/class_7157$1	net/minecraft/commands/CommandBuildContext$1
net/minecraft/class_7157$2	net/minecraft/commands/CommandBuildContext$2
net/minecraft/class_7157$2$1	net/minecraft/commands/CommandBuildContext$2$1
net/minecraft/class_7157$3	net/minecraft/commands/CommandBuildContext$3
net/minecraft/class_7157$class_7158	net/minecraft/commands/CommandBuildContext$MissingTagAccessPolicy
net/minecraft/class_7157$class_7870	net/minecraft/commands/CommandBuildContext$Configurable
net/minecraft/class_7159	net/minecraft/world/level/redstone/CollectingNeighborUpdater
net/minecraft/class_7159$class_7160	net/minecraft/world/level/redstone/CollectingNeighborUpdater$FullNeighborUpdate
net/minecraft/class_7159$class_7161	net/minecraft/world/level/redstone/CollectingNeighborUpdater$MultiNeighborUpdate
net/minecraft/class_7159$class_7162	net/minecraft/world/level/redstone/CollectingNeighborUpdater$NeighborUpdates
net/minecraft/class_7159$class_7163	net/minecraft/world/level/redstone/CollectingNeighborUpdater$SimpleNeighborUpdate
net/minecraft/class_7159$class_7272	net/minecraft/world/level/redstone/CollectingNeighborUpdater$ShapeUpdate
net/minecraft/class_7164	net/minecraft/world/level/redstone/InstantNeighborUpdater
net/minecraft/class_7165	net/minecraft/world/level/redstone/NeighborUpdater
net/minecraft/class_7166	com/mojang/blaze3d/font/SpaceProvider
net/minecraft/class_7166$class_8554	com/mojang/blaze3d/font/SpaceProvider$Definition
net/minecraft/class_7168	com/mojang/blaze3d/systems/TimerQuery
net/minecraft/class_7168$class_7169	com/mojang/blaze3d/systems/TimerQuery$FrameProfile
net/minecraft/class_7168$class_7170	com/mojang/blaze3d/systems/TimerQuery$TimerQueryLazyLoader
net/minecraft/class_717	net/minecraft/client/particle/SmokeParticle
net/minecraft/class_717$class_718	net/minecraft/client/particle/SmokeParticle$Provider
net/minecraft/class_7172	net/minecraft/client/OptionInstance
net/minecraft/class_7172$class_7173	net/minecraft/client/OptionInstance$Enum
net/minecraft/class_7172$class_7174	net/minecraft/client/OptionInstance$IntRange
net/minecraft/class_7172$class_7175	net/minecraft/client/OptionInstance$OptionInstanceSliderButton
net/minecraft/class_7172$class_7176	net/minecraft/client/OptionInstance$SliderableValueSet
net/minecraft/class_7172$class_7177	net/minecraft/client/OptionInstance$UnitDouble
net/minecraft/class_7172$class_7177$1	net/minecraft/client/OptionInstance$UnitDouble$1
net/minecraft/class_7172$class_7178	net/minecraft/client/OptionInstance$ValueSet
net/minecraft/class_7172$class_7273	net/minecraft/client/OptionInstance$AltEnum
net/minecraft/class_7172$class_7275	net/minecraft/client/OptionInstance$IntRangeBase
net/minecraft/class_7172$class_7275$1	net/minecraft/client/OptionInstance$IntRangeBase$1
net/minecraft/class_7172$class_7276	net/minecraft/client/OptionInstance$LazyEnum
net/minecraft/class_7172$class_7277	net/minecraft/client/OptionInstance$TooltipSupplier
net/minecraft/class_7172$class_7303	net/minecraft/client/OptionInstance$CaptionBasedToString
net/minecraft/class_7172$class_7304	net/minecraft/client/OptionInstance$ClampingLazyMaxIntRange
net/minecraft/class_7172$class_7305	net/minecraft/client/OptionInstance$CycleableValueSet
net/minecraft/class_7172$class_7305$class_7274	net/minecraft/client/OptionInstance$CycleableValueSet$ValueSetter
net/minecraft/class_7172$class_7306	net/minecraft/client/OptionInstance$SliderableOrCyclableValueSet
net/minecraft/class_7179	net/minecraft/client/animation/AnimationChannel
net/minecraft/class_7179$class_7180	net/minecraft/client/animation/AnimationChannel$Interpolation
net/minecraft/class_7179$class_7181	net/minecraft/client/animation/AnimationChannel$Interpolations
net/minecraft/class_7179$class_7182	net/minecraft/client/animation/AnimationChannel$Target
net/minecraft/class_7179$class_7183	net/minecraft/client/animation/AnimationChannel$Targets
net/minecraft/class_7184	net/minecraft/client/animation/AnimationDefinition
net/minecraft/class_7184$class_7185	net/minecraft/client/animation/AnimationDefinition$Builder
net/minecraft/class_7186	net/minecraft/client/animation/Keyframe
net/minecraft/class_7187	net/minecraft/client/animation/KeyframeAnimations
net/minecraft/class_7188	net/minecraft/client/animation/definitions/FrogAnimation
net/minecraft/class_7189	net/minecraft/client/animation/definitions/package-info
net/minecraft/class_719	net/minecraft/client/particle/SplashParticle
net/minecraft/class_719$class_720	net/minecraft/client/particle/SplashParticle$Provider
net/minecraft/class_7190	net/minecraft/client/animation/package-info
net/minecraft/class_7191	net/minecraft/client/gui/font/glyphs/SpecialGlyphs
net/minecraft/class_7191$1	net/minecraft/client/gui/font/glyphs/SpecialGlyphs$1
net/minecraft/class_7191$class_7192	net/minecraft/client/gui/font/glyphs/SpecialGlyphs$PixelProvider
net/minecraft/class_7193	net/minecraft/client/gui/screens/worldselection/WorldCreationContext
net/minecraft/class_7193$class_7194	net/minecraft/client/gui/screens/worldselection/WorldCreationContext$OptionsModifier
net/minecraft/class_7193$class_7195	net/minecraft/client/gui/screens/worldselection/WorldCreationContext$DimensionsUpdater
net/minecraft/class_7196	net/minecraft/client/gui/screens/worldselection/WorldOpenFlows
net/minecraft/class_7196$class_7750	net/minecraft/client/gui/screens/worldselection/WorldOpenFlows$1Data
net/minecraft/class_7198	net/minecraft/client/model/FrogModel
net/minecraft/class_72	net/minecraft/world/level/storage/loot/entries/SequentialEntry
net/minecraft/class_72$class_6153	net/minecraft/world/level/storage/loot/entries/SequentialEntry$Builder
net/minecraft/class_7201	net/minecraft/client/model/TadpoleModel
net/minecraft/class_7202	net/minecraft/client/multiplayer/prediction/BlockStatePredictionHandler
net/minecraft/class_7202$class_7203	net/minecraft/client/multiplayer/prediction/BlockStatePredictionHandler$ServerVerifiedState
net/minecraft/class_7204	net/minecraft/client/multiplayer/prediction/PredictiveAction
net/minecraft/class_7205	net/minecraft/client/multiplayer/prediction/package-info
net/minecraft/class_7206	net/minecraft/client/particle/SculkChargeParticle
net/minecraft/class_7206$class_7207	net/minecraft/client/particle/SculkChargeParticle$Provider
net/minecraft/class_7208	net/minecraft/client/particle/SculkChargePopParticle
net/minecraft/class_7208$class_7209	net/minecraft/client/particle/SculkChargePopParticle$Provider
net/minecraft/class_721	net/minecraft/client/particle/SpitParticle
net/minecraft/class_721$class_722	net/minecraft/client/particle/SpitParticle$Provider
net/minecraft/class_7213	net/minecraft/client/renderer/entity/FrogRenderer
net/minecraft/class_7214	net/minecraft/client/renderer/entity/TadpoleRenderer
net/minecraft/class_7218	net/minecraft/commands/synchronization/ArgumentUtils
net/minecraft/class_7225	net/minecraft/core/HolderLookup
net/minecraft/class_7225$1	net/minecraft/core/HolderLookup$1
net/minecraft/class_7225$class_7226	net/minecraft/core/HolderLookup$RegistryLookup
net/minecraft/class_7225$class_7226$class_7875	net/minecraft/core/HolderLookup$RegistryLookup$Delegate
net/minecraft/class_7225$class_7873	net/minecraft/core/HolderLookup$Delegate
net/minecraft/class_7225$class_7874	net/minecraft/core/HolderLookup$Provider
net/minecraft/class_7225$class_7874$1	net/minecraft/core/HolderLookup$Provider$1
net/minecraft/class_7225$class_7874$2	net/minecraft/core/HolderLookup$Provider$2
net/minecraft/class_7227	net/minecraft/core/particles/SculkChargeParticleOptions
net/minecraft/class_7227$1	net/minecraft/core/particles/SculkChargeParticleOptions$1
net/minecraft/class_7228	net/minecraft/data/info/BiomeParametersDumpReport
net/minecraft/class_7229	net/minecraft/data/tags/FlatLevelGeneratorPresetTagsProvider
net/minecraft/class_723	net/minecraft/client/particle/SuspendedParticle
net/minecraft/class_723$class_4795	net/minecraft/client/particle/SuspendedParticle$CrimsonSporeProvider
net/minecraft/class_723$class_4796	net/minecraft/client/particle/SuspendedParticle$UnderwaterProvider
net/minecraft/class_723$class_4797	net/minecraft/client/particle/SuspendedParticle$WarpedSporeProvider
net/minecraft/class_723$class_5877	net/minecraft/client/particle/SuspendedParticle$SporeBlossomAirProvider
net/minecraft/class_723$class_5877$1	net/minecraft/client/particle/SuspendedParticle$SporeBlossomAirProvider$1
net/minecraft/class_7230	net/minecraft/data/tags/WorldPresetTagsProvider
net/minecraft/class_7231	net/minecraft/data/worldgen/DimensionTypes
net/minecraft/class_7237	net/minecraft/server/WorldLoader
net/minecraft/class_7237$class_6906	net/minecraft/server/WorldLoader$InitConfig
net/minecraft/class_7237$class_6907	net/minecraft/server/WorldLoader$WorldDataSupplier
net/minecraft/class_7237$class_7238	net/minecraft/server/WorldLoader$PackConfig
net/minecraft/class_7237$class_7239	net/minecraft/server/WorldLoader$ResultFactory
net/minecraft/class_7237$class_7660	net/minecraft/server/WorldLoader$DataLoadContext
net/minecraft/class_7237$class_7661	net/minecraft/server/WorldLoader$DataLoadOutput
net/minecraft/class_7240	net/minecraft/server/commands/WardenSpawnTrackerCommand
net/minecraft/class_7243	net/minecraft/util/KeyDispatchDataCodec
net/minecraft/class_7244	net/minecraft/util/SpawnUtil
net/minecraft/class_7244$class_7502	net/minecraft/util/SpawnUtil$Strategy
net/minecraft/class_7245	net/minecraft/util/datafix/schemas/V3081
net/minecraft/class_7246	net/minecraft/util/datafix/schemas/V3082
net/minecraft/class_7248	net/minecraft/world/entity/HasCustomInventoryScreen
net/minecraft/class_7249	net/minecraft/world/entity/ai/behavior/warden/Digging
net/minecraft/class_725	net/minecraft/client/particle/SquidInkParticle
net/minecraft/class_725$class_5788	net/minecraft/client/particle/SquidInkParticle$GlowInkProvider
net/minecraft/class_725$class_726	net/minecraft/client/particle/SquidInkParticle$Provider
net/minecraft/class_7250	net/minecraft/world/entity/ai/behavior/warden/Emerging
net/minecraft/class_7251	net/minecraft/world/entity/ai/behavior/warden/Sniffing
net/minecraft/class_7252	net/minecraft/world/entity/ai/sensing/WardenEntitySensor
net/minecraft/class_7253	net/minecraft/world/entity/monster/warden/AngerLevel
net/minecraft/class_7254	net/minecraft/world/entity/monster/warden/AngerManagement
net/minecraft/class_7254$1	net/minecraft/world/entity/monster/warden/AngerManagement$1
net/minecraft/class_7254$class_7379	net/minecraft/world/entity/monster/warden/AngerManagement$Sorter
net/minecraft/class_7255	net/minecraft/world/entity/ai/behavior/warden/Roar
net/minecraft/class_7256	net/minecraft/world/entity/ai/behavior/warden/SetRoarTarget
net/minecraft/class_7257	net/minecraft/world/entity/ai/behavior/warden/SetWardenLookTarget
net/minecraft/class_7259	net/minecraft/world/entity/ai/behavior/warden/TryToSniff
net/minecraft/class_7260	net/minecraft/world/entity/monster/warden/Warden
net/minecraft/class_7260$1	net/minecraft/world/entity/monster/warden/Warden$1
net/minecraft/class_7260$1$1	net/minecraft/world/entity/monster/warden/Warden$1$1
net/minecraft/class_7260$2	net/minecraft/world/entity/monster/warden/Warden$2
net/minecraft/class_7260$class_8507	net/minecraft/world/entity/monster/warden/Warden$VibrationUser
net/minecraft/class_7261	net/minecraft/world/entity/monster/warden/WardenAi
net/minecraft/class_7262	net/minecraft/world/entity/monster/warden/WardenSpawnTracker
net/minecraft/class_7263	net/minecraft/world/entity/monster/warden/package-info
net/minecraft/class_7264	net/minecraft/world/entity/vehicle/ChestBoat
net/minecraft/class_7264$1	net/minecraft/world/entity/vehicle/ChestBoat$1
net/minecraft/class_7265	net/minecraft/world/entity/vehicle/ContainerEntity
net/minecraft/class_7265$1	net/minecraft/world/entity/vehicle/ContainerEntity$1
net/minecraft/class_7267	net/minecraft/world/item/enchantment/SwiftSneakEnchantment
net/minecraft/class_7268	net/minecraft/world/level/block/SculkShriekerBlock
net/minecraft/class_7269	net/minecraft/world/level/gameevent/vibrations/VibrationInfo
net/minecraft/class_727	net/minecraft/client/particle/TerrainParticle
net/minecraft/class_727$class_728	net/minecraft/client/particle/TerrainParticle$Provider
net/minecraft/class_7278	net/minecraft/client/animation/definitions/WardenAnimation
net/minecraft/class_7280	net/minecraft/client/model/WardenModel
net/minecraft/class_7281	net/minecraft/client/particle/ShriekParticle
net/minecraft/class_7281$class_7282	net/minecraft/client/particle/ShriekParticle$Provider
net/minecraft/class_7287	net/minecraft/client/renderer/entity/WardenRenderer
net/minecraft/class_7288	net/minecraft/client/renderer/entity/layers/WardenEmissiveLayer
net/minecraft/class_7288$class_7289	net/minecraft/client/renderer/entity/layers/WardenEmissiveLayer$AlphaFunction
net/minecraft/class_7288$class_7311	net/minecraft/client/renderer/entity/layers/WardenEmissiveLayer$DrawSelector
net/minecraft/class_729	net/minecraft/client/particle/SuspendedTownParticle
net/minecraft/class_729$class_3991	net/minecraft/client/particle/SuspendedTownParticle$ComposterFillProvider
net/minecraft/class_729$class_730	net/minecraft/client/particle/SuspendedTownParticle$DolphinSpeedProvider
net/minecraft/class_729$class_731	net/minecraft/client/particle/SuspendedTownParticle$HappyVillagerProvider
net/minecraft/class_729$class_732	net/minecraft/client/particle/SuspendedTownParticle$Provider
net/minecraft/class_729$class_8254	net/minecraft/client/particle/SuspendedTownParticle$EggCrackProvider
net/minecraft/class_7290	net/minecraft/core/particles/ShriekParticleOption
net/minecraft/class_7290$1	net/minecraft/core/particles/ShriekParticleOption$1
net/minecraft/class_7291	net/minecraft/util/OptionEnum
net/minecraft/class_7293	net/minecraft/util/datafix/fixes/NamespacedTypeRenameFix
net/minecraft/class_7294	net/minecraft/util/datafix/schemas/V3083
net/minecraft/class_7296	net/minecraft/world/entity/ai/behavior/GoAndGiveItemsToTarget
net/minecraft/class_7297	net/minecraft/world/entity/ai/behavior/StayCloseToTarget
net/minecraft/class_7298	net/minecraft/world/entity/animal/allay/Allay
net/minecraft/class_7298$class_7524	net/minecraft/world/entity/animal/allay/Allay$VibrationUser
net/minecraft/class_7298$class_7525	net/minecraft/world/entity/animal/allay/Allay$JukeboxListener
net/minecraft/class_7299	net/minecraft/world/entity/animal/allay/AllayAi
net/minecraft/class_73	net/minecraft/world/level/storage/loot/entries/EmptyLootItem
net/minecraft/class_73$class_74	net/minecraft/world/level/storage/loot/entries/EmptyLootItem$Serializer
net/minecraft/class_7300	net/minecraft/world/entity/animal/allay/package-info
net/minecraft/class_7308	net/minecraft/client/model/AllayModel
net/minecraft/class_7310	net/minecraft/client/renderer/entity/AllayRenderer
net/minecraft/class_7312	net/minecraft/data/worldgen/AncientCityStructurePieces
net/minecraft/class_7313	net/minecraft/data/worldgen/AncientCityStructurePools
net/minecraft/class_733	net/minecraft/client/particle/TrackingEmitter
net/minecraft/class_734	net/minecraft/client/particle/TotemParticle
net/minecraft/class_734$class_735	net/minecraft/client/particle/TotemParticle$Provider
net/minecraft/class_736	net/minecraft/client/particle/WaterCurrentDownParticle
net/minecraft/class_736$class_737	net/minecraft/client/particle/WaterCurrentDownParticle$Provider
net/minecraft/class_7367	net/minecraft/server/packs/resources/IoSupplier
net/minecraft/class_7368	net/minecraft/server/packs/resources/ResourceMetadata
net/minecraft/class_7368$1	net/minecraft/server/packs/resources/ResourceMetadata$1
net/minecraft/class_7368$2	net/minecraft/server/packs/resources/ResourceMetadata$2
net/minecraft/class_7369	net/minecraft/tags/CatVariantTags
net/minecraft/class_7370	net/minecraft/util/datafix/fixes/CriteriaRenameFix
net/minecraft/class_7371	net/minecraft/util/datafix/fixes/EntityVariantFix
net/minecraft/class_7372	net/minecraft/util/valueproviders/MultipliedFloats
net/minecraft/class_7373	net/minecraft/util/valueproviders/SampledFloat
net/minecraft/class_7374	net/minecraft/world/entity/ai/behavior/warden/package-info
net/minecraft/class_7375	net/minecraft/world/entity/animal/CatVariant
net/minecraft/class_7376	net/minecraft/advancements/critereon/EntitySubPredicate
net/minecraft/class_7376$1	net/minecraft/advancements/critereon/EntitySubPredicate$1
net/minecraft/class_7376$class_7377	net/minecraft/advancements/critereon/EntitySubPredicate$Type
net/minecraft/class_7376$class_7378	net/minecraft/advancements/critereon/EntitySubPredicate$Types
net/minecraft/class_738	net/minecraft/client/particle/WakeParticle
net/minecraft/class_738$class_739	net/minecraft/client/particle/WakeParticle$Provider
net/minecraft/class_7380	net/minecraft/advancements/critereon/EntityVariantPredicate
net/minecraft/class_7380$1	net/minecraft/advancements/critereon/EntityVariantPredicate$1
net/minecraft/class_7382	net/minecraft/world/level/block/grower/MangroveTreeGrower
net/minecraft/class_7383	net/minecraft/advancements/critereon/SlimePredicate
net/minecraft/class_7384	net/minecraft/world/level/levelgen/ThreadSafeLegacyRandomSource
net/minecraft/class_7386	net/minecraft/world/level/levelgen/feature/rootplacers/MangroveRootPlacer
net/minecraft/class_7387	net/minecraft/world/level/levelgen/feature/rootplacers/RootPlacer
net/minecraft/class_7388	net/minecraft/world/level/levelgen/feature/rootplacers/RootPlacerType
net/minecraft/class_7389	net/minecraft/world/level/levelgen/feature/treedecorators/AttachedToLeavesDecorator
net/minecraft/class_7390	net/minecraft/world/level/levelgen/feature/trunkplacers/UpwardsBranchingTrunkPlacer
net/minecraft/class_7391	net/minecraft/client/renderer/item/CompassItemPropertyFunction
net/minecraft/class_7391$class_5171	net/minecraft/client/renderer/item/CompassItemPropertyFunction$CompassWobble
net/minecraft/class_7391$class_7392	net/minecraft/client/renderer/item/CompassItemPropertyFunction$CompassTarget
net/minecraft/class_7393	net/minecraft/data/tags/CatVariantTagsProvider
net/minecraft/class_7396	net/minecraft/world/entity/ai/behavior/warden/SonicBoom
net/minecraft/class_7398	net/minecraft/world/level/levelgen/feature/rootplacers/AboveRootPlacement
net/minecraft/class_7399	net/minecraft/world/level/levelgen/feature/rootplacers/MangroveRootPlacement
net/minecraft/class_740	net/minecraft/client/particle/WaterDropParticle
net/minecraft/class_740$class_741	net/minecraft/client/particle/WaterDropParticle$Provider
net/minecraft/class_7400	net/minecraft/world/level/levelgen/feature/stateproviders/RuleBasedBlockStateProvider
net/minecraft/class_7400$class_7401	net/minecraft/world/level/levelgen/feature/stateproviders/RuleBasedBlockStateProvider$Rule
net/minecraft/class_7403	net/minecraft/data/CachedOutput
net/minecraft/class_7406	net/minecraft/tags/PaintingVariantTags
net/minecraft/class_7407	net/minecraft/util/datafix/fixes/EntityPaintingFieldsRenameFix
net/minecraft/class_7408	net/minecraft/world/entity/decoration/PaintingVariants
net/minecraft/class_7409	net/minecraft/world/item/DiscFragmentItem
net/minecraft/class_7413	net/minecraft/client/gui/screens/LoadingDotsText
net/minecraft/class_7416	net/minecraft/data/tags/PaintingVariantTagsProvider
net/minecraft/class_7417	net/minecraft/network/chat/ComponentContents
net/minecraft/class_7417$1	net/minecraft/network/chat/ComponentContents$1
net/minecraft/class_7419	net/minecraft/network/chat/contents/DataSource
net/minecraft/class_742	net/minecraft/client/player/AbstractClientPlayer
net/minecraft/class_7420	net/minecraft/network/chat/contents/KeybindResolver
net/minecraft/class_7421	net/minecraft/network/chat/contents/package-info
net/minecraft/class_7422	net/minecraft/network/protocol/game/VecDeltaCodec
net/minecraft/class_7427	net/minecraft/world/entity/player/ProfileKeyPair
net/minecraft/class_7428	net/minecraft/world/entity/player/ProfilePublicKey
net/minecraft/class_7428$class_7443	net/minecraft/world/entity/player/ProfilePublicKey$Data
net/minecraft/class_7428$class_7652	net/minecraft/world/entity/player/ProfilePublicKey$ValidationException
net/minecraft/class_743	net/minecraft/client/player/KeyboardInput
net/minecraft/class_7430	net/minecraft/world/item/InstrumentItem
net/minecraft/class_7431	net/minecraft/world/level/storage/loot/functions/SetInstrumentFunction
net/minecraft/class_7431$class_7432	net/minecraft/world/level/storage/loot/functions/SetInstrumentFunction$Serializer
net/minecraft/class_7434	net/minecraft/client/multiplayer/AccountProfileKeyPairManager
net/minecraft/class_7437	net/minecraft/network/chat/ThrowingComponent
net/minecraft/class_7438	net/minecraft/network/protocol/game/ClientboundPlayerChatPacket
net/minecraft/class_7439	net/minecraft/network/protocol/game/ClientboundSystemChatPacket
net/minecraft/class_744	net/minecraft/client/player/Input
net/minecraft/class_7440	net/minecraft/tags/BannerPatternTags
net/minecraft/class_7441	net/minecraft/tags/InstrumentTags
net/minecraft/class_7442	net/minecraft/util/datafix/fixes/GoatHornIdFix
net/minecraft/class_7444	net/minecraft/world/item/Instrument
net/minecraft/class_7445	net/minecraft/world/item/Instruments
net/minecraft/class_7446	net/minecraft/world/level/block/entity/BannerPatterns
net/minecraft/class_7448	net/minecraft/commands/CommandSigningContext
net/minecraft/class_7448$1	net/minecraft/commands/CommandSigningContext$1
net/minecraft/class_7448$class_7449	net/minecraft/commands/CommandSigningContext$SignedArguments
net/minecraft/class_745	net/minecraft/client/player/RemotePlayer
net/minecraft/class_7450	net/minecraft/commands/arguments/ArgumentSignatures
net/minecraft/class_7450$class_7599	net/minecraft/commands/arguments/ArgumentSignatures$Entry
net/minecraft/class_7450$class_7600	net/minecraft/commands/arguments/ArgumentSignatures$Signer
net/minecraft/class_7451	net/minecraft/commands/arguments/SignedArgument
net/minecraft/class_7452	net/minecraft/client/particle/SonicBoomParticle
net/minecraft/class_7452$class_7453	net/minecraft/client/particle/SonicBoomParticle$Provider
net/minecraft/class_7454	net/minecraft/client/searchtree/PlainTextSearchTree
net/minecraft/class_7455	net/minecraft/client/searchtree/ResourceLocationSearchTree
net/minecraft/class_7455$1	net/minecraft/client/searchtree/ResourceLocationSearchTree$1
net/minecraft/class_7455$2	net/minecraft/client/searchtree/ResourceLocationSearchTree$2
net/minecraft/class_7458	net/minecraft/data/tags/BannerPatternTagsProvider
net/minecraft/class_7459	net/minecraft/data/tags/InstrumentTagsProvider
net/minecraft/class_746	net/minecraft/client/player/LocalPlayer
net/minecraft/class_7463	net/minecraft/network/chat/ChatTypeDecoration
net/minecraft/class_7463$class_7464	net/minecraft/network/chat/ChatTypeDecoration$Parameter
net/minecraft/class_7463$class_7464$class_7465	net/minecraft/network/chat/ChatTypeDecoration$Parameter$Selector
net/minecraft/class_7469	net/minecraft/network/chat/MessageSignature
net/minecraft/class_7469$class_7819	net/minecraft/network/chat/MessageSignature$Packed
net/minecraft/class_747	net/minecraft/world/SimpleMenuProvider
net/minecraft/class_7471	net/minecraft/network/chat/PlayerChatMessage
net/minecraft/class_7472	net/minecraft/network/protocol/game/ServerboundChatCommandPacket
net/minecraft/class_7473	net/minecraft/tags/PoiTypeTags
net/minecraft/class_7475	net/minecraft/tags/TagFile
net/minecraft/class_7477	net/minecraft/world/entity/ai/village/poi/PoiTypes
net/minecraft/class_7478	net/minecraft/client/Realms32BitWarningStatus
net/minecraft/class_748	net/minecraft/client/player/inventory/Hotbar
net/minecraft/class_7485	net/minecraft/commands/arguments/StringRepresentableArgument
net/minecraft/class_7486	net/minecraft/commands/arguments/TemplateMirrorArgument
net/minecraft/class_7487	net/minecraft/commands/arguments/TemplateRotationArgument
net/minecraft/class_7491	net/minecraft/data/tags/PoiTypeTagsProvider
net/minecraft/class_7492	net/minecraft/network/chat/ChatDecorator
net/minecraft/class_7495	net/minecraft/network/protocol/game/ClientboundServerDataPacket
net/minecraft/class_7497	net/minecraft/server/Services
net/minecraft/class_7498	net/minecraft/util/SignatureUpdater
net/minecraft/class_7498$class_7499	net/minecraft/util/SignatureUpdater$Output
net/minecraft/class_75	net/minecraft/world/level/storage/loot/entries/LootPoolEntries
net/minecraft/class_750	net/minecraft/client/renderer/ChunkBufferBuilderPack
net/minecraft/class_7500	net/minecraft/util/SignatureValidator
net/minecraft/class_7501	net/minecraft/util/Signer
net/minecraft/class_7503	net/minecraft/util/datafix/fixes/FilteredBooksFix
net/minecraft/class_7504	net/minecraft/util/datafix/fixes/FilteredSignsFix
net/minecraft/class_7505	net/minecraft/util/datafix/fixes/ItemStackTagFix
net/minecraft/class_7506	net/minecraft/util/datafix/fixes/PoiTypeRemoveFix
net/minecraft/class_7507	net/minecraft/util/datafix/fixes/PoiTypeRenameFix
net/minecraft/class_7508	net/minecraft/util/datafix/fixes/VariantRenameFix
net/minecraft/class_7509	net/minecraft/world/level/biome/BiomeSources
net/minecraft/class_751	net/minecraft/client/renderer/CubeMap
net/minecraft/class_7510	net/minecraft/world/level/biome/FeatureSorter
net/minecraft/class_7510$class_6543	net/minecraft/world/level/biome/FeatureSorter$1FeatureData
net/minecraft/class_7510$class_6827	net/minecraft/world/level/biome/FeatureSorter$StepFeatureData
net/minecraft/class_7511	net/minecraft/world/level/chunk/ChunkGenerators
net/minecraft/class_7520	net/minecraft/util/datafix/fixes/EntityGoatMissingStateFix
net/minecraft/class_7521	net/minecraft/world/entity/ai/behavior/warden/ForceUnmount
net/minecraft/class_7522	net/minecraft/world/level/chunk/PalettedContainerRO
net/minecraft/class_7522$class_6562	net/minecraft/world/level/chunk/PalettedContainerRO$PackedData
net/minecraft/class_7522$class_7523	net/minecraft/world/level/chunk/PalettedContainerRO$Unpacker
net/minecraft/class_7528	net/minecraft/client/gui/components/AbstractScrollWidget
net/minecraft/class_7529	net/minecraft/client/gui/components/MultiLineEditBox
net/minecraft/class_753	net/minecraft/client/renderer/FaceInfo
net/minecraft/class_753$class_754	net/minecraft/client/renderer/FaceInfo$Constants
net/minecraft/class_753$class_755	net/minecraft/client/renderer/FaceInfo$VertexInfo
net/minecraft/class_7530	net/minecraft/client/gui/components/MultilineTextField
net/minecraft/class_7530$1	net/minecraft/client/gui/components/MultilineTextField$1
net/minecraft/class_7530$class_7531	net/minecraft/client/gui/components/MultilineTextField$StringView
net/minecraft/class_7532	net/minecraft/client/gui/components/PlayerFaceRenderer
net/minecraft/class_7533	net/minecraft/client/gui/components/Whence
net/minecraft/class_7534	net/minecraft/client/gui/screens/GenericWaitingScreen
net/minecraft/class_7538	net/minecraft/client/gui/screens/reporting/ChatReportScreen
net/minecraft/class_7538$class_7539	net/minecraft/client/gui/screens/reporting/ChatReportScreen$DiscardReportWarningScreen
net/minecraft/class_7541	net/minecraft/client/gui/screens/reporting/ChatSelectionLogFiller
net/minecraft/class_7541$class_7542	net/minecraft/client/gui/screens/reporting/ChatSelectionLogFiller$Output
net/minecraft/class_7543	net/minecraft/client/gui/screens/reporting/ChatSelectionScreen
net/minecraft/class_7543$class_7544	net/minecraft/client/gui/screens/reporting/ChatSelectionScreen$ChatSelectionList
net/minecraft/class_7543$class_7544$class_7545	net/minecraft/client/gui/screens/reporting/ChatSelectionScreen$ChatSelectionList$DividerEntry
net/minecraft/class_7543$class_7544$class_7546	net/minecraft/client/gui/screens/reporting/ChatSelectionScreen$ChatSelectionList$Entry
net/minecraft/class_7543$class_7544$class_7547	net/minecraft/client/gui/screens/reporting/ChatSelectionScreen$ChatSelectionList$Heading
net/minecraft/class_7543$class_7544$class_7548	net/minecraft/client/gui/screens/reporting/ChatSelectionScreen$ChatSelectionList$MessageEntry
net/minecraft/class_7543$class_7544$class_7549	net/minecraft/client/gui/screens/reporting/ChatSelectionScreen$ChatSelectionList$MessageHeadingEntry
net/minecraft/class_7543$class_7544$class_7550	net/minecraft/client/gui/screens/reporting/ChatSelectionScreen$ChatSelectionList$PaddingEntry
net/minecraft/class_7551	net/minecraft/client/gui/screens/reporting/ReportReasonSelectionScreen
net/minecraft/class_7551$class_7552	net/minecraft/client/gui/screens/reporting/ReportReasonSelectionScreen$ReasonSelectionList
net/minecraft/class_7551$class_7552$class_7553	net/minecraft/client/gui/screens/reporting/ReportReasonSelectionScreen$ReasonSelectionList$Entry
net/minecraft/class_7554	net/minecraft/client/gui/screens/reporting/package-info
net/minecraft/class_7555	net/minecraft/client/multiplayer/chat/ChatLog
net/minecraft/class_7557	net/minecraft/client/multiplayer/chat/LoggedChatMessage
net/minecraft/class_7557$class_7558	net/minecraft/client/multiplayer/chat/LoggedChatMessage$Player
net/minecraft/class_7557$class_7559	net/minecraft/client/multiplayer/chat/LoggedChatMessage$System
net/minecraft/class_756	net/minecraft/client/renderer/BlockEntityWithoutLevelRenderer
net/minecraft/class_7561	net/minecraft/network/chat/MessageSignatureCache
net/minecraft/class_7562	net/minecraft/client/multiplayer/chat/package-info
net/minecraft/class_7563	net/minecraft/client/multiplayer/chat/report/AbuseReportSender
net/minecraft/class_7563$1	net/minecraft/client/multiplayer/chat/report/AbuseReportSender$1
net/minecraft/class_7563$class_7564	net/minecraft/client/multiplayer/chat/report/AbuseReportSender$SendException
net/minecraft/class_7563$class_7565	net/minecraft/client/multiplayer/chat/report/AbuseReportSender$Services
net/minecraft/class_7566	net/minecraft/client/multiplayer/chat/report/ChatReportBuilder
net/minecraft/class_7566$class_7567	net/minecraft/client/multiplayer/chat/report/ChatReportBuilder$CannotBuildReason
net/minecraft/class_7566$class_7568	net/minecraft/client/multiplayer/chat/report/ChatReportBuilder$Result
net/minecraft/class_7566$class_7855	net/minecraft/client/multiplayer/chat/report/ChatReportBuilder$ChatReport
net/minecraft/class_7569	net/minecraft/client/multiplayer/chat/report/ReportEnvironment
net/minecraft/class_7569$class_7570	net/minecraft/client/multiplayer/chat/report/ReportEnvironment$Server
net/minecraft/class_7569$class_7570$class_7571	net/minecraft/client/multiplayer/chat/report/ReportEnvironment$Server$Realm
net/minecraft/class_7569$class_7570$class_7572	net/minecraft/client/multiplayer/chat/report/ReportEnvironment$Server$ThirdParty
net/minecraft/class_757	net/minecraft/client/renderer/GameRenderer
net/minecraft/class_757$1	net/minecraft/client/renderer/GameRenderer$1
net/minecraft/class_757$class_7760	net/minecraft/client/renderer/GameRenderer$ResourceCache
net/minecraft/class_7573	net/minecraft/client/multiplayer/chat/report/ReportReason
net/minecraft/class_7574	net/minecraft/client/multiplayer/chat/report/ReportingContext
net/minecraft/class_7575	net/minecraft/client/multiplayer/chat/report/package-info
net/minecraft/class_7576	net/minecraft/util/TimeSource
net/minecraft/class_7576$class_7577	net/minecraft/util/TimeSource$NanoTimeSource
net/minecraft/class_7578	com/mojang/realmsclient/gui/RealmsDataFetcher
net/minecraft/class_7579	com/mojang/realmsclient/gui/RealmsNewsManager
net/minecraft/class_758	net/minecraft/client/renderer/FogRenderer
net/minecraft/class_758$class_4596	net/minecraft/client/renderer/FogRenderer$FogMode
net/minecraft/class_758$class_7283	net/minecraft/client/renderer/FogRenderer$BlindnessFogFunction
net/minecraft/class_758$class_7284	net/minecraft/client/renderer/FogRenderer$DarknessFogFunction
net/minecraft/class_758$class_7285	net/minecraft/client/renderer/FogRenderer$FogData
net/minecraft/class_758$class_7286	net/minecraft/client/renderer/FogRenderer$MobEffectFogFunction
net/minecraft/class_7580	com/mojang/realmsclient/gui/RealmsServerList
net/minecraft/class_7581	com/mojang/realmsclient/gui/task/DataFetcher
net/minecraft/class_7581$class_7582	com/mojang/realmsclient/gui/task/DataFetcher$ComputationResult
net/minecraft/class_7581$class_7583	com/mojang/realmsclient/gui/task/DataFetcher$SubscribedTask
net/minecraft/class_7581$class_7584	com/mojang/realmsclient/gui/task/DataFetcher$Subscription
net/minecraft/class_7581$class_7585	com/mojang/realmsclient/gui/task/DataFetcher$SuccessfulComputationResult
net/minecraft/class_7581$class_7586	com/mojang/realmsclient/gui/task/DataFetcher$Task
net/minecraft/class_7587	com/mojang/realmsclient/gui/task/RepeatedDelayStrategy
net/minecraft/class_7587$1	com/mojang/realmsclient/gui/task/RepeatedDelayStrategy$1
net/minecraft/class_7587$2	com/mojang/realmsclient/gui/task/RepeatedDelayStrategy$2
net/minecraft/class_7588	net/minecraft/client/gui/screens/BanNoticeScreen
net/minecraft/class_7589	net/minecraft/util/datafix/fixes/BlendingDataRemoveFromNetherEndFix
net/minecraft/class_759	net/minecraft/client/renderer/ItemInHandRenderer
net/minecraft/class_759$1	net/minecraft/client/renderer/ItemInHandRenderer$1
net/minecraft/class_759$class_5773	net/minecraft/client/renderer/ItemInHandRenderer$HandRenderSelection
net/minecraft/class_7591	net/minecraft/client/GuiMessageTag
net/minecraft/class_7591$class_7592	net/minecraft/client/GuiMessageTag$Icon
net/minecraft/class_7594	net/minecraft/client/multiplayer/chat/ChatListener
net/minecraft/class_7594$class_7627	net/minecraft/client/multiplayer/chat/ChatListener$Message
net/minecraft/class_7595	net/minecraft/client/multiplayer/chat/ChatTrustLevel
net/minecraft/class_7595$1	net/minecraft/client/multiplayer/chat/ChatTrustLevel$1
net/minecraft/class_7597	net/minecraft/network/protocol/game/ClientboundCustomChatCompletionsPacket
net/minecraft/class_7597$class_7598	net/minecraft/network/protocol/game/ClientboundCustomChatCompletionsPacket$Action
net/minecraft/class_7604	net/minecraft/network/chat/OutgoingChatMessage
net/minecraft/class_7604$class_7606	net/minecraft/network/chat/OutgoingChatMessage$Disguised
net/minecraft/class_7604$class_7607	net/minecraft/network/chat/OutgoingChatMessage$Player
net/minecraft/class_7608	net/minecraft/network/chat/SignedMessageBody
net/minecraft/class_7608$class_7824	net/minecraft/network/chat/SignedMessageBody$Packed
net/minecraft/class_761	net/minecraft/client/renderer/LevelRenderer
net/minecraft/class_761$class_5347	net/minecraft/client/renderer/LevelRenderer$TransparencyShaderException
net/minecraft/class_761$class_5972	net/minecraft/client/renderer/LevelRenderer$RenderInfoMap
net/minecraft/class_761$class_6600	net/minecraft/client/renderer/LevelRenderer$RenderChunkStorage
net/minecraft/class_761$class_762	net/minecraft/client/renderer/LevelRenderer$RenderChunkInfo
net/minecraft/class_7610	net/minecraft/network/chat/SignedMessageChain
net/minecraft/class_7610$class_7611	net/minecraft/network/chat/SignedMessageChain$Decoder
net/minecraft/class_7610$class_7612	net/minecraft/network/chat/SignedMessageChain$Encoder
net/minecraft/class_7610$class_7825	net/minecraft/network/chat/SignedMessageChain$DecodeException
net/minecraft/class_7615	net/minecraft/network/chat/SignedMessageValidator
net/minecraft/class_7615$class_7616	net/minecraft/network/chat/SignedMessageValidator$KeyBased
net/minecraft/class_7617	net/minecraft/network/protocol/game/ClientboundDeleteChatPacket
net/minecraft/class_7619	net/minecraft/util/FutureChain
net/minecraft/class_7620	net/minecraft/util/TaskChainer
net/minecraft/class_7620$class_7621	net/minecraft/util/TaskChainer$DelayedTask
net/minecraft/class_7629	net/minecraft/client/multiplayer/chat/LoggedChatEvent
net/minecraft/class_7629$class_7854	net/minecraft/client/multiplayer/chat/LoggedChatEvent$Type
net/minecraft/class_763	net/minecraft/client/renderer/ItemModelShaper
net/minecraft/class_7633	net/minecraft/network/TickablePacketListener
net/minecraft/class_7635	net/minecraft/network/chat/LastSeenMessages
net/minecraft/class_7635$class_7636	net/minecraft/network/chat/LastSeenMessages$Update
net/minecraft/class_7635$class_7815	net/minecraft/network/chat/LastSeenMessages$Packed
net/minecraft/class_7637	net/minecraft/network/chat/LastSeenMessagesTracker
net/minecraft/class_7637$class_7816	net/minecraft/network/chat/LastSeenMessagesTracker$Update
net/minecraft/class_7638	net/minecraft/network/chat/LastSeenMessagesValidator
net/minecraft/class_7640	net/minecraft/network/protocol/game/ServerboundChatAckPacket
net/minecraft/class_7641	net/minecraft/util/datafix/fixes/ItemRemoveBlockEntityTagFix
net/minecraft/class_7644	net/minecraft/network/chat/SignableCommand
net/minecraft/class_7644$class_7645	net/minecraft/network/chat/SignableCommand$Argument
net/minecraft/class_7648	net/minecraft/network/PacketSendListener
net/minecraft/class_7648$1	net/minecraft/network/PacketSendListener$1
net/minecraft/class_7648$2	net/minecraft/network/PacketSendListener$2
net/minecraft/class_7649	net/minecraft/network/chat/FilterMask
net/minecraft/class_7649$1	net/minecraft/network/chat/FilterMask$1
net/minecraft/class_7649$class_7650	net/minecraft/network/chat/FilterMask$Type
net/minecraft/class_765	net/minecraft/client/renderer/LightTexture
net/minecraft/class_7654	net/minecraft/resources/FileToIdConverter
net/minecraft/class_7655	net/minecraft/resources/RegistryDataLoader
net/minecraft/class_7655$1	net/minecraft/resources/RegistryDataLoader$1
net/minecraft/class_7655$class_7656	net/minecraft/resources/RegistryDataLoader$Loader
net/minecraft/class_7655$class_7657	net/minecraft/resources/RegistryDataLoader$RegistryData
net/minecraft/class_7659	net/minecraft/server/RegistryLayer
net/minecraft/class_766	net/minecraft/client/renderer/PanoramaRenderer
net/minecraft/class_7662	net/minecraft/server/packs/BuiltInMetadata
net/minecraft/class_7663	net/minecraft/server/packs/FeatureFlagsMetadataSection
net/minecraft/class_7665	net/minecraft/server/packs/VanillaPackResourcesBuilder
net/minecraft/class_7666	net/minecraft/server/packs/linkfs/DummyFileAttributes
net/minecraft/class_7667	net/minecraft/server/packs/linkfs/LinkFSFileStore
net/minecraft/class_7668	net/minecraft/server/packs/linkfs/LinkFSPath
net/minecraft/class_7668$1	net/minecraft/server/packs/linkfs/LinkFSPath$1
net/minecraft/class_7668$2	net/minecraft/server/packs/linkfs/LinkFSPath$2
net/minecraft/class_7668$3	net/minecraft/server/packs/linkfs/LinkFSPath$3
net/minecraft/class_7669	net/minecraft/server/packs/linkfs/LinkFSProvider
net/minecraft/class_7669$1	net/minecraft/server/packs/linkfs/LinkFSProvider$1
net/minecraft/class_7669$2	net/minecraft/server/packs/linkfs/LinkFSProvider$2
net/minecraft/class_7670	net/minecraft/server/packs/linkfs/LinkFileSystem
net/minecraft/class_7670$class_7671	net/minecraft/server/packs/linkfs/LinkFileSystem$Builder
net/minecraft/class_7670$class_7672	net/minecraft/server/packs/linkfs/LinkFileSystem$DirectoryEntry
net/minecraft/class_7673	net/minecraft/server/packs/linkfs/PathContents
net/minecraft/class_7673$1	net/minecraft/server/packs/linkfs/PathContents$1
net/minecraft/class_7673$2	net/minecraft/server/packs/linkfs/PathContents$2
net/minecraft/class_7673$class_7674	net/minecraft/server/packs/linkfs/PathContents$DirectoryContents
net/minecraft/class_7673$class_7675	net/minecraft/server/packs/linkfs/PathContents$FileContents
net/minecraft/class_7676	net/minecraft/server/packs/linkfs/package-info
net/minecraft/class_7677	net/minecraft/server/packs/metadata/MetadataSectionType
net/minecraft/class_7677$1	net/minecraft/server/packs/metadata/MetadataSectionType$1
net/minecraft/class_7678	net/minecraft/server/packs/repository/BuiltInPackSource
net/minecraft/class_768	net/minecraft/client/renderer/Rect2i
net/minecraft/class_7683	net/minecraft/util/datafix/fixes/OptionsProgrammerArtFix
net/minecraft/class_7684	net/minecraft/util/datafix/schemas/V3202
net/minecraft/class_7685	net/minecraft/util/datafix/schemas/V3203
net/minecraft/class_7686	net/minecraft/util/datafix/schemas/V3204
net/minecraft/class_7687	net/minecraft/world/entity/ai/behavior/RandomLookAround
net/minecraft/class_7688	net/minecraft/world/entity/ai/goal/RandomStandGoal
net/minecraft/class_7689	net/minecraft/world/entity/animal/camel/Camel
net/minecraft/class_7689$class_7690	net/minecraft/world/entity/animal/camel/Camel$CamelBodyRotationControl
net/minecraft/class_7689$class_8196	net/minecraft/world/entity/animal/camel/Camel$CamelMoveControl
net/minecraft/class_769	net/minecraft/client/renderer/ViewArea
net/minecraft/class_7691	net/minecraft/world/entity/animal/camel/CamelAi
net/minecraft/class_7691$class_7692	net/minecraft/world/entity/animal/camel/CamelAi$CamelPanic
net/minecraft/class_7691$class_7693	net/minecraft/world/entity/animal/camel/CamelAi$RandomSitting
net/minecraft/class_7694	net/minecraft/world/entity/animal/camel/package-info
net/minecraft/class_7695	net/minecraft/world/flag/FeatureElement
net/minecraft/class_7696	net/minecraft/world/flag/FeatureFlag
net/minecraft/class_7697	net/minecraft/world/flag/FeatureFlagRegistry
net/minecraft/class_7697$class_7698	net/minecraft/world/flag/FeatureFlagRegistry$Builder
net/minecraft/class_7699	net/minecraft/world/flag/FeatureFlagSet
net/minecraft/class_77	net/minecraft/world/level/storage/loot/entries/LootItem
net/minecraft/class_77$class_78	net/minecraft/world/level/storage/loot/entries/LootItem$Serializer
net/minecraft/class_7700	net/minecraft/world/flag/FeatureFlagUniverse
net/minecraft/class_7701	net/minecraft/world/flag/FeatureFlags
net/minecraft/class_7702	net/minecraft/world/flag/package-info
net/minecraft/class_7706	net/minecraft/world/item/CreativeModeTabs
net/minecraft/class_7707	net/minecraft/world/item/HangingSignItem
net/minecraft/class_7708	net/minecraft/world/item/ItemStackLinkedSet
net/minecraft/class_7708$1	net/minecraft/world/item/ItemStackLinkedSet$1
net/minecraft/class_7709	net/minecraft/world/item/crafting/CookingBookCategory
net/minecraft/class_7710	net/minecraft/world/item/crafting/CraftingBookCategory
net/minecraft/class_7712	net/minecraft/world/level/WorldDataConfiguration
net/minecraft/class_7713	net/minecraft/world/level/block/CeilingHangingSignBlock
net/minecraft/class_7714	net/minecraft/world/level/block/ChiseledBookShelfBlock
net/minecraft/class_7714$1	net/minecraft/world/level/block/ChiseledBookShelfBlock$1
net/minecraft/class_7715	net/minecraft/world/level/block/WallHangingSignBlock
net/minecraft/class_7715$1	net/minecraft/world/level/block/WallHangingSignBlock$1
net/minecraft/class_7716	net/minecraft/world/level/block/entity/ChiseledBookShelfBlockEntity
net/minecraft/class_7717	net/minecraft/world/level/block/entity/HangingSignBlockEntity
net/minecraft/class_7718	net/minecraft/world/level/block/state/properties/RotationSegment
net/minecraft/class_7719	net/minecraft/world/level/gameevent/GameEventDispatcher
net/minecraft/class_7722	net/minecraft/world/level/gameevent/vibrations/VibrationSelector
net/minecraft/class_7723	net/minecraft/world/level/levelgen/WorldDimensions
net/minecraft/class_7723$class_7724	net/minecraft/world/level/levelgen/WorldDimensions$1Entry
net/minecraft/class_7723$class_7725	net/minecraft/world/level/levelgen/WorldDimensions$Complete
net/minecraft/class_7726	net/minecraft/world/level/levelgen/WorldGenSettings
net/minecraft/class_7727	net/minecraft/world/level/levelgen/feature/rootplacers/package-info
net/minecraft/class_7728	net/minecraft/world/level/levelgen/presets/package-info
net/minecraft/class_773	net/minecraft/client/renderer/block/BlockModelShaper
net/minecraft/class_7730	net/minecraft/client/animation/definitions/CamelAnimation
net/minecraft/class_7733	net/minecraft/commands/arguments/ResourceArgument
net/minecraft/class_7733$class_7734	net/minecraft/commands/arguments/ResourceArgument$Info
net/minecraft/class_7733$class_7734$class_7735	net/minecraft/commands/arguments/ResourceArgument$Info$Template
net/minecraft/class_7737	net/minecraft/commands/arguments/ResourceOrTagArgument
net/minecraft/class_7737$class_7738	net/minecraft/commands/arguments/ResourceOrTagArgument$Info
net/minecraft/class_7737$class_7738$class_7739	net/minecraft/commands/arguments/ResourceOrTagArgument$Info$Template
net/minecraft/class_7737$class_7740	net/minecraft/commands/arguments/ResourceOrTagArgument$ResourceResult
net/minecraft/class_7737$class_7741	net/minecraft/commands/arguments/ResourceOrTagArgument$Result
net/minecraft/class_7737$class_7742	net/minecraft/commands/arguments/ResourceOrTagArgument$TagResult
net/minecraft/class_7743	net/minecraft/client/gui/screens/inventory/AbstractSignEditScreen
net/minecraft/class_7744	net/minecraft/client/gui/screens/inventory/HangingSignEditScreen
net/minecraft/class_7745	net/minecraft/client/gui/screens/worldselection/ConfirmExperimentalFeaturesScreen
net/minecraft/class_7745$class_7746	net/minecraft/client/gui/screens/worldselection/ConfirmExperimentalFeaturesScreen$DetailsScreen
net/minecraft/class_7745$class_7746$class_7747	net/minecraft/client/gui/screens/worldselection/ConfirmExperimentalFeaturesScreen$DetailsScreen$PackList
net/minecraft/class_7745$class_7746$class_7748	net/minecraft/client/gui/screens/worldselection/ConfirmExperimentalFeaturesScreen$DetailsScreen$PackListEntry
net/minecraft/class_775	net/minecraft/client/renderer/block/LiquidBlockRenderer
net/minecraft/class_775$1	net/minecraft/client/renderer/block/LiquidBlockRenderer$1
net/minecraft/class_7751	net/minecraft/client/model/CamelModel
net/minecraft/class_7752	net/minecraft/client/model/ChestBoatModel
net/minecraft/class_7753	net/minecraft/client/model/ChestRaftModel
net/minecraft/class_7754	net/minecraft/client/model/RaftModel
net/minecraft/class_7755	net/minecraft/client/model/WaterPatchModel
net/minecraft/class_7756	net/minecraft/client/multiplayer/ClientRegistryLayer
net/minecraft/class_7757	net/minecraft/client/multiplayer/chat/report/ChatReportContextBuilder
net/minecraft/class_7757$class_7632	net/minecraft/client/multiplayer/chat/report/ChatReportContextBuilder$Handler
net/minecraft/class_7757$class_7758	net/minecraft/client/multiplayer/chat/report/ChatReportContextBuilder$Collector
net/minecraft/class_776	net/minecraft/client/renderer/block/BlockRenderDispatcher
net/minecraft/class_776$1	net/minecraft/client/renderer/block/BlockRenderDispatcher$1
net/minecraft/class_7761	net/minecraft/client/renderer/blockentity/HangingSignRenderer
net/minecraft/class_7761$class_7762	net/minecraft/client/renderer/blockentity/HangingSignRenderer$HangingSignModel
net/minecraft/class_7763	net/minecraft/client/renderer/entity/CamelRenderer
net/minecraft/class_7764	net/minecraft/client/renderer/texture/SpriteContents
net/minecraft/class_7764$class_4728	net/minecraft/client/renderer/texture/SpriteContents$InterpolationData
net/minecraft/class_7764$class_5790	net/minecraft/client/renderer/texture/SpriteContents$AnimatedTexture
net/minecraft/class_7764$class_5791	net/minecraft/client/renderer/texture/SpriteContents$FrameInfo
net/minecraft/class_7764$class_7765	net/minecraft/client/renderer/texture/SpriteContents$Ticker
net/minecraft/class_7766	net/minecraft/client/renderer/texture/SpriteLoader
net/minecraft/class_7766$class_7767	net/minecraft/client/renderer/texture/SpriteLoader$Preparations
net/minecraft/class_7768	net/minecraft/client/renderer/texture/SpriteTicker
net/minecraft/class_777	net/minecraft/client/renderer/block/model/BakedQuad
net/minecraft/class_7771	net/minecraft/client/resources/metadata/animation/FrameSize
net/minecraft/class_7775	net/minecraft/client/resources/model/ModelBaker
net/minecraft/class_778	net/minecraft/client/renderer/block/ModelBlockRenderer
net/minecraft/class_778$1	net/minecraft/client/renderer/block/ModelBlockRenderer$1
net/minecraft/class_778$class_4303	net/minecraft/client/renderer/block/ModelBlockRenderer$Cache
net/minecraft/class_778$class_4303$1	net/minecraft/client/renderer/block/ModelBlockRenderer$Cache$1
net/minecraft/class_778$class_4303$2	net/minecraft/client/renderer/block/ModelBlockRenderer$Cache$2
net/minecraft/class_778$class_779	net/minecraft/client/renderer/block/ModelBlockRenderer$AdjacencyInfo
net/minecraft/class_778$class_780	net/minecraft/client/renderer/block/ModelBlockRenderer$AmbientOcclusionFace
net/minecraft/class_778$class_781	net/minecraft/client/renderer/block/ModelBlockRenderer$AmbientVertexRemap
net/minecraft/class_778$class_782	net/minecraft/client/renderer/block/ModelBlockRenderer$SizeInfo
net/minecraft/class_7780	net/minecraft/core/LayeredRegistryAccess
net/minecraft/class_7782	net/minecraft/core/RegistrySynchronization
net/minecraft/class_7782$class_7783	net/minecraft/core/RegistrySynchronization$NetworkedRegistryData
net/minecraft/class_7784	net/minecraft/data/PackOutput
net/minecraft/class_7784$class_7489	net/minecraft/data/PackOutput$PathProvider
net/minecraft/class_7784$class_7490	net/minecraft/data/PackOutput$Target
net/minecraft/class_7785	net/minecraft/data/advancements/AdvancementSubProvider
net/minecraft/class_7786	net/minecraft/data/advancements/packs/VanillaAdvancementProvider
net/minecraft/class_7787	net/minecraft/data/advancements/packs/package-info
net/minecraft/class_7788	net/minecraft/data/loot/BlockLootSubProvider
net/minecraft/class_7789	net/minecraft/data/loot/EntityLootSubProvider
net/minecraft/class_7791	net/minecraft/data/loot/LootTableSubProvider
net/minecraft/class_7794	net/minecraft/data/loot/packs/VanillaLootTableProvider
net/minecraft/class_7795	net/minecraft/data/loot/packs/package-info
net/minecraft/class_7796	net/minecraft/data/metadata/PackMetadataGenerator
net/minecraft/class_7797	net/minecraft/data/metadata/package-info
net/minecraft/class_7798	net/minecraft/data/recipes/CraftingRecipeBuilder
net/minecraft/class_7798$1	net/minecraft/data/recipes/CraftingRecipeBuilder$1
net/minecraft/class_7798$class_7799	net/minecraft/data/recipes/CraftingRecipeBuilder$CraftingResult
net/minecraft/class_7800	net/minecraft/data/recipes/RecipeCategory
net/minecraft/class_7801	net/minecraft/data/recipes/packs/BundleRecipeProvider
net/minecraft/class_7803	net/minecraft/data/recipes/packs/VanillaRecipeProvider
net/minecraft/class_7804	net/minecraft/data/recipes/packs/package-info
net/minecraft/class_7805	net/minecraft/data/tags/ItemTagsProvider
net/minecraft/class_7817	net/minecraft/network/chat/LastSeenTrackedEntry
net/minecraft/class_7818	net/minecraft/network/chat/LocalChatSession
net/minecraft/class_7822	net/minecraft/network/chat/RemoteChatSession
net/minecraft/class_7822$class_7823	net/minecraft/network/chat/RemoteChatSession$Data
net/minecraft/class_7826	net/minecraft/network/chat/SignedMessageLink
net/minecraft/class_7827	net/minecraft/network/protocol/game/ClientboundDisguisedChatPacket
net/minecraft/class_7828	net/minecraft/network/protocol/game/ClientboundPlayerInfoRemovePacket
net/minecraft/class_783	net/minecraft/client/renderer/block/model/BlockElementFace
net/minecraft/class_783$class_784	net/minecraft/client/renderer/block/model/BlockElementFace$Deserializer
net/minecraft/class_7832	net/minecraft/network/protocol/game/ClientboundUpdateEnabledFeaturesPacket
net/minecraft/class_7833	com/mojang/math/Axis
net/minecraft/class_7836	com/mojang/math/Divisor
net/minecraft/class_7837	com/mojang/math/MatrixUtil
net/minecraft/class_7838	net/minecraft/client/gui/layouts/AbstractLayout
net/minecraft/class_7838$class_7839	net/minecraft/client/gui/layouts/AbstractLayout$AbstractChildWrapper
net/minecraft/class_7842	net/minecraft/client/gui/components/StringWidget
net/minecraft/class_7843	net/minecraft/client/gui/layouts/FrameLayout
net/minecraft/class_7843$class_7844	net/minecraft/client/gui/layouts/FrameLayout$ChildContainer
net/minecraft/class_7845	net/minecraft/client/gui/layouts/GridLayout
net/minecraft/class_7845$class_7846	net/minecraft/client/gui/layouts/GridLayout$CellInhabitant
net/minecraft/class_7845$class_7939	net/minecraft/client/gui/layouts/GridLayout$RowHelper
net/minecraft/class_7847	net/minecraft/client/gui/layouts/LayoutSettings
net/minecraft/class_7847$class_7848	net/minecraft/client/gui/layouts/LayoutSettings$LayoutSettingsImpl
net/minecraft/class_7849	net/minecraft/client/gui/layouts/LinearLayout
net/minecraft/class_7849$1	net/minecraft/client/gui/layouts/LinearLayout$1
net/minecraft/class_7849$class_7850	net/minecraft/client/gui/layouts/LinearLayout$ChildContainer
net/minecraft/class_7849$class_7851	net/minecraft/client/gui/layouts/LinearLayout$Orientation
net/minecraft/class_785	net/minecraft/client/renderer/block/model/BlockElement
net/minecraft/class_785$1	net/minecraft/client/renderer/block/model/BlockElement$1
net/minecraft/class_785$class_786	net/minecraft/client/renderer/block/model/BlockElement$Deserializer
net/minecraft/class_7852	net/minecraft/client/gui/layouts/SpacerElement
net/minecraft/class_7853	net/minecraft/client/multiplayer/ProfileKeyPairManager
net/minecraft/class_7853$1	net/minecraft/client/multiplayer/ProfileKeyPairManager$1
net/minecraft/class_7861	net/minecraft/network/protocol/game/ServerboundChatSessionUpdatePacket
net/minecraft/class_7869	net/minecraft/world/level/chunk/ChunkGeneratorStructureState
net/minecraft/class_787	net/minecraft/client/renderer/block/model/BlockFaceUV
net/minecraft/class_787$class_788	net/minecraft/client/renderer/block/model/BlockFaceUV$Deserializer
net/minecraft/class_7871	net/minecraft/core/HolderGetter
net/minecraft/class_7871$class_7872	net/minecraft/core/HolderGetter$Provider
net/minecraft/class_7876	net/minecraft/core/HolderOwner
net/minecraft/class_7877	net/minecraft/core/RegistrySetBuilder
net/minecraft/class_7877$1	net/minecraft/core/RegistrySetBuilder$1
net/minecraft/class_7877$class_7878	net/minecraft/core/RegistrySetBuilder$BuildState
net/minecraft/class_7877$class_7878$1	net/minecraft/core/RegistrySetBuilder$BuildState$1
net/minecraft/class_7877$class_7879	net/minecraft/core/RegistrySetBuilder$CompositeOwner
net/minecraft/class_7877$class_7880	net/minecraft/core/RegistrySetBuilder$EmptyTagLookup
net/minecraft/class_7877$class_7881	net/minecraft/core/RegistrySetBuilder$RegisteredValue
net/minecraft/class_7877$class_7882	net/minecraft/core/RegistrySetBuilder$RegistryBootstrap
net/minecraft/class_7877$class_7883	net/minecraft/core/RegistrySetBuilder$RegistryContents
net/minecraft/class_7877$class_7883$1	net/minecraft/core/RegistrySetBuilder$RegistryContents$1
net/minecraft/class_7877$class_7884	net/minecraft/core/RegistrySetBuilder$RegistryStub
net/minecraft/class_7877$class_7885	net/minecraft/core/RegistrySetBuilder$UniversalLookup
net/minecraft/class_7877$class_7886	net/minecraft/core/RegistrySetBuilder$ValueAndHolder
net/minecraft/class_7887	net/minecraft/data/registries/VanillaRegistries
net/minecraft/class_7888	net/minecraft/data/registries/package-info
net/minecraft/class_7889	net/minecraft/data/tags/IntrinsicHolderTagsProvider
net/minecraft/class_7889$class_7890	net/minecraft/data/tags/IntrinsicHolderTagsProvider$IntrinsicTagAppender
net/minecraft/class_789	net/minecraft/client/renderer/block/model/BlockElementRotation
net/minecraft/class_7891	net/minecraft/data/worldgen/BootstapContext
net/minecraft/class_7893	net/minecraft/world/entity/ai/behavior/BehaviorControl
net/minecraft/class_7894	net/minecraft/world/entity/ai/behavior/OneShot
net/minecraft/class_7895	net/minecraft/world/entity/ai/behavior/SetEntityLookTargetSometimes
net/minecraft/class_7895$class_7896	net/minecraft/world/entity/ai/behavior/SetEntityLookTargetSometimes$Ticker
net/minecraft/class_7897	net/minecraft/world/entity/ai/behavior/TriggerGate
net/minecraft/class_7898	net/minecraft/world/entity/ai/behavior/declarative/BehaviorBuilder
net/minecraft/class_7898$1	net/minecraft/world/entity/ai/behavior/declarative/BehaviorBuilder$1
net/minecraft/class_7898$class_7899	net/minecraft/world/entity/ai/behavior/declarative/BehaviorBuilder$Constant
net/minecraft/class_7898$class_7899$1	net/minecraft/world/entity/ai/behavior/declarative/BehaviorBuilder$Constant$1
net/minecraft/class_7898$class_7900	net/minecraft/world/entity/ai/behavior/declarative/BehaviorBuilder$Instance
net/minecraft/class_7898$class_7900$1	net/minecraft/world/entity/ai/behavior/declarative/BehaviorBuilder$Instance$1
net/minecraft/class_7898$class_7900$2	net/minecraft/world/entity/ai/behavior/declarative/BehaviorBuilder$Instance$2
net/minecraft/class_7898$class_7900$3	net/minecraft/world/entity/ai/behavior/declarative/BehaviorBuilder$Instance$3
net/minecraft/class_7898$class_7900$4	net/minecraft/world/entity/ai/behavior/declarative/BehaviorBuilder$Instance$4
net/minecraft/class_7898$class_7900$5	net/minecraft/world/entity/ai/behavior/declarative/BehaviorBuilder$Instance$5
net/minecraft/class_7898$class_7900$class_7901	net/minecraft/world/entity/ai/behavior/declarative/BehaviorBuilder$Instance$Mu
net/minecraft/class_7898$class_7902	net/minecraft/world/entity/ai/behavior/declarative/BehaviorBuilder$Mu
net/minecraft/class_7898$class_7903	net/minecraft/world/entity/ai/behavior/declarative/BehaviorBuilder$PureMemory
net/minecraft/class_7898$class_7903$1	net/minecraft/world/entity/ai/behavior/declarative/BehaviorBuilder$PureMemory$1
net/minecraft/class_7898$class_7904	net/minecraft/world/entity/ai/behavior/declarative/BehaviorBuilder$TriggerWithResult
net/minecraft/class_7898$class_7905	net/minecraft/world/entity/ai/behavior/declarative/BehaviorBuilder$TriggerWrapper
net/minecraft/class_7898$class_7905$1	net/minecraft/world/entity/ai/behavior/declarative/BehaviorBuilder$TriggerWrapper$1
net/minecraft/class_79	net/minecraft/world/level/storage/loot/entries/LootPoolEntryContainer
net/minecraft/class_79$class_5337	net/minecraft/world/level/storage/loot/entries/LootPoolEntryContainer$Serializer
net/minecraft/class_79$class_80	net/minecraft/world/level/storage/loot/entries/LootPoolEntryContainer$Builder
net/minecraft/class_790	net/minecraft/client/renderer/block/model/BlockModelDefinition
net/minecraft/class_790$class_6247	net/minecraft/client/renderer/block/model/BlockModelDefinition$MissingVariantException
net/minecraft/class_790$class_791	net/minecraft/client/renderer/block/model/BlockModelDefinition$Context
net/minecraft/class_790$class_792	net/minecraft/client/renderer/block/model/BlockModelDefinition$Deserializer
net/minecraft/class_7906	net/minecraft/world/entity/ai/behavior/declarative/MemoryAccessor
net/minecraft/class_7907	net/minecraft/world/entity/ai/behavior/declarative/MemoryCondition
net/minecraft/class_7907$class_7908	net/minecraft/world/entity/ai/behavior/declarative/MemoryCondition$Absent
net/minecraft/class_7907$class_7909	net/minecraft/world/entity/ai/behavior/declarative/MemoryCondition$Present
net/minecraft/class_7907$class_7910	net/minecraft/world/entity/ai/behavior/declarative/MemoryCondition$Registered
net/minecraft/class_7911	net/minecraft/world/entity/ai/behavior/declarative/Trigger
net/minecraft/class_7912	net/minecraft/world/entity/ai/behavior/declarative/package-info
net/minecraft/class_7917	net/minecraft/world/level/block/SuspiciousEffectHolder
net/minecraft/class_7918	net/minecraft/commands/arguments/GameModeArgument
net/minecraft/class_7919	net/minecraft/client/gui/components/Tooltip
net/minecraft/class_7922	net/minecraft/core/DefaultedRegistry
net/minecraft/class_7923	net/minecraft/core/registries/BuiltInRegistries
net/minecraft/class_7923$class_6889	net/minecraft/core/registries/BuiltInRegistries$RegistryBootstrap
net/minecraft/class_7924	net/minecraft/core/registries/Registries
net/minecraft/class_7925	net/minecraft/core/registries/package-info
net/minecraft/class_7926	net/minecraft/server/commands/FillBiomeCommand
net/minecraft/class_7927	net/minecraft/util/AbortableIterationConsumer
net/minecraft/class_7927$class_7928	net/minecraft/util/AbortableIterationConsumer$Continuation
net/minecraft/class_7929	net/minecraft/util/eventlog/EventLogDirectory
net/minecraft/class_7929$class_7930	net/minecraft/util/eventlog/EventLogDirectory$CompressedFile
net/minecraft/class_7929$class_7931	net/minecraft/util/eventlog/EventLogDirectory$File
net/minecraft/class_7929$class_7932	net/minecraft/util/eventlog/EventLogDirectory$FileId
net/minecraft/class_7929$class_7933	net/minecraft/util/eventlog/EventLogDirectory$FileList
net/minecraft/class_7929$class_7934	net/minecraft/util/eventlog/EventLogDirectory$RawFile
net/minecraft/class_793	net/minecraft/client/renderer/block/model/BlockModel
net/minecraft/class_793$class_4751	net/minecraft/client/renderer/block/model/BlockModel$GuiLight
net/minecraft/class_793$class_6246	net/minecraft/client/renderer/block/model/BlockModel$LoopException
net/minecraft/class_793$class_795	net/minecraft/client/renderer/block/model/BlockModel$Deserializer
net/minecraft/class_7935	net/minecraft/util/eventlog/JsonEventLog
net/minecraft/class_7935$1	net/minecraft/util/eventlog/JsonEventLog$1
net/minecraft/class_7936	net/minecraft/util/eventlog/JsonEventLogReader
net/minecraft/class_7936$1	net/minecraft/util/eventlog/JsonEventLogReader$1
net/minecraft/class_7937	net/minecraft/util/eventlog/package-info
net/minecraft/class_7938	net/minecraft/world/level/block/PiglinWallSkullBlock
net/minecraft/class_7940	net/minecraft/client/gui/components/MultiLineTextWidget
net/minecraft/class_7940$class_8131	net/minecraft/client/gui/components/MultiLineTextWidget$CacheKey
net/minecraft/class_7941	net/minecraft/client/gui/screens/telemetry/TelemetryEventWidget
net/minecraft/class_7941$class_7942	net/minecraft/client/gui/screens/telemetry/TelemetryEventWidget$Content
net/minecraft/class_7941$class_7943	net/minecraft/client/gui/screens/telemetry/TelemetryEventWidget$ContentBuilder
net/minecraft/class_7944	net/minecraft/client/gui/screens/telemetry/TelemetryInfoScreen
net/minecraft/class_7945	net/minecraft/client/gui/screens/telemetry/package-info
net/minecraft/class_7946	net/minecraft/client/model/PiglinHeadModel
net/minecraft/class_7947	net/minecraft/client/renderer/texture/atlas/SpriteResourceLoader
net/minecraft/class_7947$1	net/minecraft/client/renderer/texture/atlas/SpriteResourceLoader$1
net/minecraft/class_7948	net/minecraft/client/renderer/texture/atlas/SpriteSource
net/minecraft/class_7948$class_7949	net/minecraft/client/renderer/texture/atlas/SpriteSource$Output
net/minecraft/class_7948$class_7950	net/minecraft/client/renderer/texture/atlas/SpriteSource$SpriteSupplier
net/minecraft/class_7951	net/minecraft/client/renderer/texture/atlas/SpriteSourceType
net/minecraft/class_7952	net/minecraft/client/renderer/texture/atlas/SpriteSources
net/minecraft/class_7953	net/minecraft/client/renderer/texture/atlas/package-info
net/minecraft/class_7954	net/minecraft/client/renderer/texture/atlas/sources/DirectoryLister
net/minecraft/class_7955	net/minecraft/client/renderer/texture/atlas/sources/SingleFile
net/minecraft/class_7956	net/minecraft/client/renderer/texture/atlas/sources/SourceFilter
net/minecraft/class_7957	net/minecraft/client/renderer/texture/atlas/sources/Unstitcher
net/minecraft/class_7957$class_7959	net/minecraft/client/renderer/texture/atlas/sources/Unstitcher$Region
net/minecraft/class_7957$class_7960	net/minecraft/client/renderer/texture/atlas/sources/Unstitcher$RegionInstance
net/minecraft/class_7958	net/minecraft/client/renderer/texture/atlas/sources/LazyLoadedImage
net/minecraft/class_796	net/minecraft/client/renderer/block/model/FaceBakery
net/minecraft/class_796$1	net/minecraft/client/renderer/block/model/FaceBakery$1
net/minecraft/class_7961	net/minecraft/client/renderer/texture/atlas/sources/package-info
net/minecraft/class_7962	net/minecraft/client/telemetry/TelemetryEventInstance
net/minecraft/class_7963	net/minecraft/client/telemetry/TelemetryEventLog
net/minecraft/class_7964	net/minecraft/client/telemetry/TelemetryEventLogger
net/minecraft/class_7965	net/minecraft/client/telemetry/TelemetryEventSender
net/minecraft/class_7966	net/minecraft/client/telemetry/TelemetryEventType
net/minecraft/class_7966$class_7967	net/minecraft/client/telemetry/TelemetryEventType$Builder
net/minecraft/class_7968	net/minecraft/client/telemetry/TelemetryLogManager
net/minecraft/class_7969	net/minecraft/client/telemetry/TelemetryProperty
net/minecraft/class_7969$class_7970	net/minecraft/client/telemetry/TelemetryProperty$Exporter
net/minecraft/class_7969$class_7971	net/minecraft/client/telemetry/TelemetryProperty$GameMode
net/minecraft/class_7969$class_7972	net/minecraft/client/telemetry/TelemetryProperty$ServerType
net/minecraft/class_7973	net/minecraft/client/telemetry/TelemetryPropertyMap
net/minecraft/class_7973$1	net/minecraft/client/telemetry/TelemetryPropertyMap$1
net/minecraft/class_7973$class_7974	net/minecraft/client/telemetry/TelemetryPropertyMap$Builder
net/minecraft/class_7975	net/minecraft/client/telemetry/WorldSessionTelemetryManager
net/minecraft/class_7976	net/minecraft/client/telemetry/events/AggregatedTelemetryEvent
net/minecraft/class_7977	net/minecraft/client/telemetry/events/PerformanceMetricsEvent
net/minecraft/class_7979	net/minecraft/client/telemetry/events/WorldLoadEvent
net/minecraft/class_7979$1	net/minecraft/client/telemetry/events/WorldLoadEvent$1
net/minecraft/class_7981	net/minecraft/client/telemetry/events/WorldLoadTimesEvent
net/minecraft/class_7982	net/minecraft/client/telemetry/events/WorldUnloadEvent
net/minecraft/class_7983	net/minecraft/client/telemetry/events/package-info
net/minecraft/class_7984	net/minecraft/client/telemetry/package-info
net/minecraft/class_7988	net/minecraft/world/entity/VariantHolder
net/minecraft/class_799	net/minecraft/client/renderer/block/model/ItemOverride
net/minecraft/class_799$class_5826	net/minecraft/client/renderer/block/model/ItemOverride$Predicate
net/minecraft/class_799$class_800	net/minecraft/client/renderer/block/model/ItemOverride$Deserializer
net/minecraft/class_7995	net/minecraft/util/ByIdMap
net/minecraft/class_7995$1	net/minecraft/util/ByIdMap$1
net/minecraft/class_7995$class_7996	net/minecraft/util/ByIdMap$OutOfBoundsStrategy
net/minecraft/class_7997	net/minecraft/world/entity/RiderShieldingMount
net/minecraft/class_7999	net/minecraft/client/gui/screens/inventory/tooltip/BelowOrAboveWidgetTooltipPositioner
net/minecraft/class_8	net/minecraft/world/level/pathfinder/NodeEvaluator
net/minecraft/class_8000	net/minecraft/client/gui/screens/inventory/tooltip/ClientTooltipPositioner
net/minecraft/class_8001	net/minecraft/client/gui/screens/inventory/tooltip/DefaultTooltipPositioner
net/minecraft/class_8002	net/minecraft/client/gui/screens/inventory/tooltip/TooltipRenderUtil
net/minecraft/class_8004	net/minecraft/util/datafix/fixes/OptionsAmbientOcclusionFix
net/minecraft/class_8005	net/minecraft/server/advancements/AdvancementVisibilityEvaluator
net/minecraft/class_8005$class_8006	net/minecraft/server/advancements/AdvancementVisibilityEvaluator$Output
net/minecraft/class_8005$class_8007	net/minecraft/server/advancements/AdvancementVisibilityEvaluator$VisibilityRule
net/minecraft/class_8008	net/minecraft/server/advancements/package-info
net/minecraft/class_801	net/minecraft/client/renderer/block/model/ItemModelGenerator
net/minecraft/class_801$1	net/minecraft/client/renderer/block/model/ItemModelGenerator$1
net/minecraft/class_801$class_802	net/minecraft/client/renderer/block/model/ItemModelGenerator$Span
net/minecraft/class_801$class_803	net/minecraft/client/renderer/block/model/ItemModelGenerator$SpanFacing
net/minecraft/class_8011	net/minecraft/server/commands/RideCommand
net/minecraft/class_8012	net/minecraft/util/CommonColors
net/minecraft/class_8013	net/minecraft/util/SegmentedAnglePrecision
net/minecraft/class_8014	net/minecraft/util/datafix/fixes/OptionsAccessibilityOnboardFix
net/minecraft/class_8015	net/minecraft/client/InputType
net/minecraft/class_8016	net/minecraft/client/gui/ComponentPath
net/minecraft/class_8016$class_8017	net/minecraft/client/gui/ComponentPath$Leaf
net/minecraft/class_8016$class_8018	net/minecraft/client/gui/ComponentPath$Path
net/minecraft/class_8019	net/minecraft/client/gui/components/AccessibilityOnboardingTextWidget
net/minecraft/class_8020	net/minecraft/client/gui/components/LogoRenderer
net/minecraft/class_8021	net/minecraft/client/gui/layouts/LayoutElement
net/minecraft/class_8022	net/minecraft/client/gui/layouts/package-info
net/minecraft/class_8023	net/minecraft/client/gui/navigation/FocusNavigationEvent
net/minecraft/class_8023$class_8024	net/minecraft/client/gui/navigation/FocusNavigationEvent$ArrowNavigation
net/minecraft/class_8023$class_8025	net/minecraft/client/gui/navigation/FocusNavigationEvent$InitialFocus
net/minecraft/class_8023$class_8026	net/minecraft/client/gui/navigation/FocusNavigationEvent$TabNavigation
net/minecraft/class_8027	net/minecraft/client/gui/navigation/ScreenAxis
net/minecraft/class_8027$1	net/minecraft/client/gui/navigation/ScreenAxis$1
net/minecraft/class_8028	net/minecraft/client/gui/navigation/ScreenDirection
net/minecraft/class_8028$1	net/minecraft/client/gui/navigation/ScreenDirection$1
net/minecraft/class_8029	net/minecraft/client/gui/navigation/ScreenPosition
net/minecraft/class_8029$1	net/minecraft/client/gui/navigation/ScreenPosition$1
net/minecraft/class_8030	net/minecraft/client/gui/navigation/ScreenRectangle
net/minecraft/class_8030$1	net/minecraft/client/gui/navigation/ScreenRectangle$1
net/minecraft/class_8031	net/minecraft/client/gui/navigation/package-info
net/minecraft/class_8032	net/minecraft/client/gui/screens/AccessibilityOnboardingScreen
net/minecraft/class_8035	net/minecraft/network/PacketBundlePacker
net/minecraft/class_8036	net/minecraft/network/PacketBundleUnpacker
net/minecraft/class_8037	net/minecraft/network/protocol/BundleDelimiterPacket
net/minecraft/class_8038	net/minecraft/network/protocol/BundlePacket
net/minecraft/class_8039	net/minecraft/network/protocol/BundlerInfo
net/minecraft/class_8039$1	net/minecraft/network/protocol/BundlerInfo$1
net/minecraft/class_8039$2	net/minecraft/network/protocol/BundlerInfo$2
net/minecraft/class_8039$2$1	net/minecraft/network/protocol/BundlerInfo$2$1
net/minecraft/class_8039$class_8040	net/minecraft/network/protocol/BundlerInfo$Bundler
net/minecraft/class_8039$class_8041	net/minecraft/network/protocol/BundlerInfo$Provider
net/minecraft/class_804	net/minecraft/client/renderer/block/model/ItemTransform
net/minecraft/class_804$class_805	net/minecraft/client/renderer/block/model/ItemTransform$Deserializer
net/minecraft/class_8042	net/minecraft/network/protocol/game/ClientboundBundlePacket
net/minecraft/class_8043	net/minecraft/network/protocol/game/ClientboundHurtAnimationPacket
net/minecraft/class_8044	net/minecraft/server/commands/SpawnArmorTrimsCommand
net/minecraft/class_8046	net/minecraft/world/entity/TraceableEntity
net/minecraft/class_8047	net/minecraft/world/inventory/ItemCombinerMenuSlotDefinition
net/minecraft/class_8047$class_8048	net/minecraft/world/inventory/ItemCombinerMenuSlotDefinition$Builder
net/minecraft/class_8047$class_8049	net/minecraft/world/inventory/ItemCombinerMenuSlotDefinition$SlotDefinition
net/minecraft/class_8052	net/minecraft/world/item/SmithingTemplateItem
net/minecraft/class_8053	net/minecraft/world/item/armortrim/ArmorTrim
net/minecraft/class_8054	net/minecraft/world/item/armortrim/TrimMaterial
net/minecraft/class_8055	net/minecraft/world/item/armortrim/TrimMaterials
net/minecraft/class_8056	net/minecraft/world/item/armortrim/TrimPattern
net/minecraft/class_8057	net/minecraft/world/item/armortrim/TrimPatterns
net/minecraft/class_8058	net/minecraft/world/item/armortrim/package-info
net/minecraft/class_8059	net/minecraft/world/item/crafting/SmithingRecipe
net/minecraft/class_806	net/minecraft/client/renderer/block/model/ItemOverrides
net/minecraft/class_806$class_5827	net/minecraft/client/renderer/block/model/ItemOverrides$BakedOverride
net/minecraft/class_806$class_5828	net/minecraft/client/renderer/block/model/ItemOverrides$PropertyMatcher
net/minecraft/class_8060	net/minecraft/world/item/crafting/SmithingTransformRecipe
net/minecraft/class_8060$class_8061	net/minecraft/world/item/crafting/SmithingTransformRecipe$Serializer
net/minecraft/class_8062	net/minecraft/world/item/crafting/SmithingTrimRecipe
net/minecraft/class_8062$class_8063	net/minecraft/world/item/crafting/SmithingTrimRecipe$Serializer
net/minecraft/class_8064	net/minecraft/client/gui/screens/inventory/CyclingSlotBackground
net/minecraft/class_8066	net/minecraft/client/renderer/texture/atlas/sources/PalettedPermutations
net/minecraft/class_8066$class_8067	net/minecraft/client/renderer/texture/atlas/sources/PalettedPermutations$PalettedSpriteSupplier
net/minecraft/class_807	net/minecraft/client/renderer/block/model/MultiVariant
net/minecraft/class_807$class_808	net/minecraft/client/renderer/block/model/MultiVariant$Deserializer
net/minecraft/class_8074	net/minecraft/data/recipes/SmithingTransformRecipeBuilder
net/minecraft/class_8074$class_8075	net/minecraft/data/recipes/SmithingTransformRecipeBuilder$Result
net/minecraft/class_8076	net/minecraft/data/recipes/SmithingTrimRecipeBuilder
net/minecraft/class_8076$class_8077	net/minecraft/data/recipes/SmithingTrimRecipeBuilder$Result
net/minecraft/class_8079	net/minecraft/util/datafix/fixes/EffectDurationFix
net/minecraft/class_8080	net/minecraft/world/entity/WalkAnimationState
net/minecraft/class_8082	net/minecraft/client/gui/components/CommonButtons
net/minecraft/class_8083	net/minecraft/client/gui/components/TabOrderedElement
net/minecraft/class_8084	net/minecraft/client/gui/components/TextAndImageButton
net/minecraft/class_8084$class_8085	net/minecraft/client/gui/components/TextAndImageButton$Builder
net/minecraft/class_8086	net/minecraft/client/gui/components/tabs/GridLayoutTab
net/minecraft/class_8087	net/minecraft/client/gui/components/tabs/Tab
net/minecraft/class_8088	net/minecraft/client/gui/components/tabs/TabManager
net/minecraft/class_8089	net/minecraft/client/gui/components/tabs/TabNavigationBar
net/minecraft/class_8089$class_8090	net/minecraft/client/gui/components/tabs/TabNavigationBar$Builder
net/minecraft/class_809	net/minecraft/client/renderer/block/model/ItemTransforms
net/minecraft/class_809$1	net/minecraft/client/renderer/block/model/ItemTransforms$1
net/minecraft/class_809$class_810	net/minecraft/client/renderer/block/model/ItemTransforms$Deserializer
net/minecraft/class_8091	net/minecraft/client/gui/components/tabs/package-info
net/minecraft/class_8092	net/minecraft/client/gui/screens/inventory/tooltip/MenuTooltipPositioner
net/minecraft/class_8096	net/minecraft/client/gui/screens/worldselection/SwitchGrid
net/minecraft/class_8096$class_8097	net/minecraft/client/gui/screens/worldselection/SwitchGrid$Builder
net/minecraft/class_8096$class_8098	net/minecraft/client/gui/screens/worldselection/SwitchGrid$LabeledSwitch
net/minecraft/class_8096$class_8099	net/minecraft/client/gui/screens/worldselection/SwitchGrid$SwitchBuilder
net/minecraft/class_8096$class_8135	net/minecraft/client/gui/screens/worldselection/SwitchGrid$InfoUnderneathSettings
net/minecraft/class_8100	net/minecraft/client/gui/screens/worldselection/WorldCreationUiState
net/minecraft/class_8100$class_4539	net/minecraft/client/gui/screens/worldselection/WorldCreationUiState$SelectedGameMode
net/minecraft/class_8100$class_8101	net/minecraft/client/gui/screens/worldselection/WorldCreationUiState$WorldTypeEntry
net/minecraft/class_8102	net/minecraft/server/commands/DamageCommand
net/minecraft/class_8103	net/minecraft/tags/DamageTypeTags
net/minecraft/class_8104	net/minecraft/util/Brightness
net/minecraft/class_8105	net/minecraft/util/SingleKeyCache
net/minecraft/class_8106	net/minecraft/util/datafix/schemas/V3325
net/minecraft/class_8107	net/minecraft/world/damagesource/DamageEffects
net/minecraft/class_8108	net/minecraft/world/damagesource/DamageScaling
net/minecraft/class_8109	net/minecraft/world/damagesource/DamageSources
net/minecraft/class_811	net/minecraft/world/item/ItemDisplayContext
net/minecraft/class_8110	net/minecraft/world/damagesource/DamageType
net/minecraft/class_8111	net/minecraft/world/damagesource/DamageTypes
net/minecraft/class_8112	net/minecraft/world/damagesource/DeathMessageType
net/minecraft/class_8113	net/minecraft/world/entity/Display
net/minecraft/class_8113$1	net/minecraft/world/entity/Display$1
net/minecraft/class_8113$class_8114	net/minecraft/world/entity/Display$BillboardConstraints
net/minecraft/class_8113$class_8115	net/minecraft/world/entity/Display$BlockDisplay
net/minecraft/class_8113$class_8115$class_8225	net/minecraft/world/entity/Display$BlockDisplay$BlockRenderState
net/minecraft/class_8113$class_8116	net/minecraft/world/entity/Display$ColorInterpolator
net/minecraft/class_8113$class_8117	net/minecraft/world/entity/Display$FloatInterpolator
net/minecraft/class_8113$class_8118	net/minecraft/world/entity/Display$GenericInterpolator
net/minecraft/class_8113$class_8119	net/minecraft/world/entity/Display$IntInterpolator
net/minecraft/class_8113$class_8122	net/minecraft/world/entity/Display$ItemDisplay
net/minecraft/class_8113$class_8122$1	net/minecraft/world/entity/Display$ItemDisplay$1
net/minecraft/class_8113$class_8122$class_8226	net/minecraft/world/entity/Display$ItemDisplay$ItemRenderState
net/minecraft/class_8113$class_8123	net/minecraft/world/entity/Display$TextDisplay
net/minecraft/class_8113$class_8123$class_8124	net/minecraft/world/entity/Display$TextDisplay$Align
net/minecraft/class_8113$class_8123$class_8125	net/minecraft/world/entity/Display$TextDisplay$CachedInfo
net/minecraft/class_8113$class_8123$class_8126	net/minecraft/world/entity/Display$TextDisplay$CachedLine
net/minecraft/class_8113$class_8123$class_8127	net/minecraft/world/entity/Display$TextDisplay$LineSplitter
net/minecraft/class_8113$class_8123$class_8230	net/minecraft/world/entity/Display$TextDisplay$TextRenderState
net/minecraft/class_8113$class_8227	net/minecraft/world/entity/Display$LinearFloatInterpolator
net/minecraft/class_8113$class_8228	net/minecraft/world/entity/Display$LinearIntInterpolator
net/minecraft/class_8113$class_8229	net/minecraft/world/entity/Display$RenderState
net/minecraft/class_8113$class_8231	net/minecraft/world/entity/Display$TransformationInterpolator
net/minecraft/class_812	net/minecraft/client/renderer/block/model/multipart/AndCondition
net/minecraft/class_8129	net/minecraft/advancements/critereon/TagPredicate
net/minecraft/class_813	net/minecraft/client/renderer/block/model/Variant
net/minecraft/class_813$class_814	net/minecraft/client/renderer/block/model/Variant$Deserializer
net/minecraft/class_8130	net/minecraft/client/gui/components/AbstractStringWidget
net/minecraft/class_8132	net/minecraft/client/gui/layouts/HeaderAndFooterLayout
net/minecraft/class_8133	net/minecraft/client/gui/layouts/Layout
net/minecraft/class_8134	net/minecraft/client/gui/screens/worldselection/ExperimentsScreen
net/minecraft/class_8136	net/minecraft/client/model/HumanoidArmorModel
net/minecraft/class_8138	net/minecraft/client/renderer/entity/DisplayRenderer
net/minecraft/class_8138$1	net/minecraft/client/renderer/entity/DisplayRenderer$1
net/minecraft/class_8138$class_8139	net/minecraft/client/renderer/entity/DisplayRenderer$BlockDisplayRenderer
net/minecraft/class_8138$class_8140	net/minecraft/client/renderer/entity/DisplayRenderer$ItemDisplayRenderer
net/minecraft/class_8138$class_8141	net/minecraft/client/renderer/entity/DisplayRenderer$TextDisplayRenderer
net/minecraft/class_8142	net/minecraft/data/tags/DamageTypeTagsProvider
net/minecraft/class_8143	net/minecraft/network/protocol/game/ClientboundDamageEventPacket
net/minecraft/class_8144	net/minecraft/Optionull
net/minecraft/class_8146	net/minecraft/util/datafix/schemas/V3326
net/minecraft/class_8147	net/minecraft/util/datafix/schemas/V3327
net/minecraft/class_8148	net/minecraft/util/datafix/schemas/V3328
net/minecraft/class_8149	net/minecraft/world/entity/Attackable
net/minecraft/class_815	net/minecraft/client/renderer/block/model/multipart/Condition
net/minecraft/class_8150	net/minecraft/world/entity/Interaction
net/minecraft/class_8150$class_8151	net/minecraft/world/entity/Interaction$PlayerAction
net/minecraft/class_8152	net/minecraft/world/entity/Targeting
net/minecraft/class_8153	net/minecraft/world/entity/animal/sniffer/Sniffer
net/minecraft/class_8153$1	net/minecraft/world/entity/animal/sniffer/Sniffer$1
net/minecraft/class_8153$class_8154	net/minecraft/world/entity/animal/sniffer/Sniffer$State
net/minecraft/class_8155	net/minecraft/world/entity/animal/sniffer/SnifferAi
net/minecraft/class_8155$1	net/minecraft/world/entity/animal/sniffer/SnifferAi$1
net/minecraft/class_8155$2	net/minecraft/world/entity/animal/sniffer/SnifferAi$2
net/minecraft/class_8155$3	net/minecraft/world/entity/animal/sniffer/SnifferAi$3
net/minecraft/class_8155$class_8156	net/minecraft/world/entity/animal/sniffer/SnifferAi$Digging
net/minecraft/class_8155$class_8157	net/minecraft/world/entity/animal/sniffer/SnifferAi$FeelingHappy
net/minecraft/class_8155$class_8158	net/minecraft/world/entity/animal/sniffer/SnifferAi$FinishedDigging
net/minecraft/class_8155$class_8159	net/minecraft/world/entity/animal/sniffer/SnifferAi$Scenting
net/minecraft/class_8155$class_8160	net/minecraft/world/entity/animal/sniffer/SnifferAi$Searching
net/minecraft/class_8155$class_8161	net/minecraft/world/entity/animal/sniffer/SnifferAi$Sniffing
net/minecraft/class_816	net/minecraft/client/renderer/block/model/multipart/MultiPart
net/minecraft/class_816$class_817	net/minecraft/client/renderer/block/model/multipart/MultiPart$Deserializer
net/minecraft/class_8162	net/minecraft/world/item/BrushItem
net/minecraft/class_8162$1	net/minecraft/world/item/BrushItem$1
net/minecraft/class_8162$class_8163	net/minecraft/world/item/BrushItem$DustParticlesDelta
net/minecraft/class_8164	net/minecraft/world/item/crafting/DecoratedPotRecipe
net/minecraft/class_8167	net/minecraft/world/level/block/CherryLeavesBlock
net/minecraft/class_8168	net/minecraft/world/level/block/DecoratedPotBlock
net/minecraft/class_8169	net/minecraft/world/level/block/PinkPetalsBlock
net/minecraft/class_8170	net/minecraft/world/level/block/BrushableBlock
net/minecraft/class_8171	net/minecraft/world/level/block/TorchflowerCropBlock
net/minecraft/class_8172	net/minecraft/world/level/block/entity/DecoratedPotBlockEntity
net/minecraft/class_8172$class_8526	net/minecraft/world/level/block/entity/DecoratedPotBlockEntity$Decorations
net/minecraft/class_8173	net/minecraft/world/level/block/entity/DecoratedPotPatterns
net/minecraft/class_8174	net/minecraft/world/level/block/entity/BrushableBlockEntity
net/minecraft/class_8175	net/minecraft/world/level/block/grower/CherryTreeGrower
net/minecraft/class_8177	net/minecraft/world/level/block/state/properties/BlockSetType
net/minecraft/class_8178	net/minecraft/world/level/levelgen/feature/foliageplacers/CherryFoliagePlacer
net/minecraft/class_818	net/minecraft/client/renderer/block/model/multipart/KeyValueCondition
net/minecraft/class_8180	net/minecraft/world/level/levelgen/feature/trunkplacers/CherryTrunkPlacer
net/minecraft/class_8181	net/minecraft/world/ticks/ContainerSingleItem
net/minecraft/class_8182	net/minecraft/client/animation/definitions/SnifferAnimation
net/minecraft/class_8184	net/minecraft/client/model/AgeableHierarchicalModel
net/minecraft/class_8185	net/minecraft/client/model/SnifferModel
net/minecraft/class_8186	net/minecraft/client/multiplayer/chat/report/BanReason
net/minecraft/class_8188	net/minecraft/client/renderer/blockentity/DecoratedPotRenderer
net/minecraft/class_8189	net/minecraft/client/renderer/blockentity/BrushableBlockRenderer
net/minecraft/class_8189$1	net/minecraft/client/renderer/blockentity/BrushableBlockRenderer$1
net/minecraft/class_819	net/minecraft/client/renderer/block/model/multipart/Selector
net/minecraft/class_819$class_820	net/minecraft/client/renderer/block/model/multipart/Selector$Deserializer
net/minecraft/class_8190	net/minecraft/client/renderer/entity/SnifferRenderer
net/minecraft/class_8191	net/minecraft/client/resources/sounds/SnifferSoundInstance
net/minecraft/class_8197	net/minecraft/world/level/biome/MultiNoiseBiomeSourceParameterList
net/minecraft/class_8197$class_5305	net/minecraft/world/level/biome/MultiNoiseBiomeSourceParameterList$Preset
net/minecraft/class_8197$class_5305$1	net/minecraft/world/level/biome/MultiNoiseBiomeSourceParameterList$Preset$1
net/minecraft/class_8197$class_5305$2	net/minecraft/world/level/biome/MultiNoiseBiomeSourceParameterList$Preset$2
net/minecraft/class_8197$class_5305$class_8165	net/minecraft/world/level/biome/MultiNoiseBiomeSourceParameterList$Preset$SourceProvider
net/minecraft/class_8198	net/minecraft/world/level/biome/MultiNoiseBiomeSourceParameterLists
net/minecraft/class_8199	net/minecraft/commands/arguments/HeightmapTypeArgument
net/minecraft/class_82	net/minecraft/world/level/storage/loot/entries/LootPoolEntry
net/minecraft/class_8204	com/mojang/realmsclient/dto/RealmsNotification
net/minecraft/class_8204$class_8205	com/mojang/realmsclient/dto/RealmsNotification$VisitUrl
net/minecraft/class_8206	com/mojang/realmsclient/dto/RealmsText
net/minecraft/class_8208	net/minecraft/client/gui/components/ImageWidget
net/minecraft/class_8209	net/minecraft/client/gui/components/TabButton
net/minecraft/class_821	net/minecraft/client/renderer/block/model/multipart/OrCondition
net/minecraft/class_8212	net/minecraft/network/protocol/game/ClientboundChunksBiomesPacket
net/minecraft/class_8212$class_8213	net/minecraft/network/protocol/game/ClientboundChunksBiomesPacket$ChunkBiomeData
net/minecraft/class_8215	net/minecraft/client/renderer/texture/Dumpable
net/minecraft/class_8216	net/minecraft/util/CommonLinks
net/minecraft/class_8218	com/mojang/math/GivensParameters
net/minecraft/class_8219	net/minecraft/client/gui/screens/CreditsAndAttributionScreen
net/minecraft/class_822	net/minecraft/client/renderer/blockentity/BeaconRenderer
net/minecraft/class_8220	net/minecraft/util/datafix/fixes/BlockEntityRenameFix
net/minecraft/class_8221	net/minecraft/util/datafix/fixes/BlockEntitySignDoubleSidedEditableTextFix
net/minecraft/class_8222	net/minecraft/util/datafix/fixes/EntityBrushableBlockFieldsRenameFix
net/minecraft/class_8223	net/minecraft/util/datafix/fixes/FeatureFlagRemoveFix
net/minecraft/class_8224	net/minecraft/util/datafix/schemas/V3438
net/minecraft/class_823	net/minecraft/client/renderer/blockentity/BannerRenderer
net/minecraft/class_8232	net/minecraft/world/item/GlowInkSacItem
net/minecraft/class_8233	net/minecraft/world/item/InkSacItem
net/minecraft/class_8234	net/minecraft/world/item/SignApplicator
net/minecraft/class_8235	net/minecraft/world/level/SignalGetter
net/minecraft/class_8236	net/minecraft/world/level/block/CalibratedSculkSensorBlock
net/minecraft/class_8237	net/minecraft/world/level/block/PitcherCropBlock
net/minecraft/class_8237$class_8587	net/minecraft/world/level/block/PitcherCropBlock$PosAndState
net/minecraft/class_8238	net/minecraft/world/level/block/SnifferEggBlock
net/minecraft/class_8239	net/minecraft/world/level/block/entity/CalibratedSculkSensorBlockEntity
net/minecraft/class_8239$class_8240	net/minecraft/world/level/block/entity/CalibratedSculkSensorBlockEntity$VibrationUser
net/minecraft/class_824	net/minecraft/client/renderer/blockentity/BlockEntityRenderDispatcher
net/minecraft/class_8242	net/minecraft/world/level/block/entity/SignText
net/minecraft/class_8243	net/minecraft/world/level/levelgen/structure/templatesystem/CappedProcessor
net/minecraft/class_8244	net/minecraft/world/level/levelgen/structure/templatesystem/rule/blockentity/AppendLoot
net/minecraft/class_8245	net/minecraft/world/level/levelgen/structure/templatesystem/rule/blockentity/AppendStatic
net/minecraft/class_8246	net/minecraft/world/level/levelgen/structure/templatesystem/rule/blockentity/Clear
net/minecraft/class_8247	net/minecraft/world/level/levelgen/structure/templatesystem/rule/blockentity/Passthrough
net/minecraft/class_8248	net/minecraft/world/level/levelgen/structure/templatesystem/rule/blockentity/RuleBlockEntityModifier
net/minecraft/class_8249	net/minecraft/world/level/levelgen/structure/templatesystem/rule/blockentity/RuleBlockEntityModifierType
net/minecraft/class_825	net/minecraft/client/renderer/blockentity/BedRenderer
net/minecraft/class_8250	net/minecraft/world/level/levelgen/structure/templatesystem/rule/blockentity/package-info
net/minecraft/class_8251	com/mojang/blaze3d/vertex/VertexSorting
net/minecraft/class_8251$class_8252	com/mojang/blaze3d/vertex/VertexSorting$DistanceFunction
net/minecraft/class_8253	net/minecraft/client/particle/CherryParticle
net/minecraft/class_8255	net/minecraft/data/loot/packs/VanillaArchaeologyLoot
net/minecraft/class_8256	net/minecraft/data/worldgen/TrailRuinsStructurePools
net/minecraft/class_8257	net/minecraft/world/level/lighting/LeveledPriorityQueue
net/minecraft/class_8257$1	net/minecraft/world/level/lighting/LeveledPriorityQueue$1
net/minecraft/class_826	net/minecraft/client/renderer/blockentity/ChestRenderer
net/minecraft/class_827	net/minecraft/client/renderer/blockentity/BlockEntityRenderer
net/minecraft/class_828	net/minecraft/client/renderer/blockentity/EnchantTableRenderer
net/minecraft/class_829	net/minecraft/client/renderer/blockentity/ConduitRenderer
net/minecraft/class_83	net/minecraft/world/level/storage/loot/entries/LootTableReference
net/minecraft/class_83$class_84	net/minecraft/world/level/storage/loot/entries/LootTableReference$Serializer
net/minecraft/class_834	net/minecraft/client/renderer/blockentity/ShulkerBoxRenderer
net/minecraft/class_835	net/minecraft/client/renderer/blockentity/PistonHeadRenderer
net/minecraft/class_836	net/minecraft/client/renderer/blockentity/SkullBlockRenderer
net/minecraft/class_837	net/minecraft/client/renderer/blockentity/SignRenderer
net/minecraft/class_837$class_4702	net/minecraft/client/renderer/blockentity/SignRenderer$SignModel
net/minecraft/class_838	net/minecraft/client/renderer/blockentity/StructureBlockRenderer
net/minecraft/class_838$1	net/minecraft/client/renderer/blockentity/StructureBlockRenderer$1
net/minecraft/class_839	net/minecraft/client/renderer/blockentity/SpawnerRenderer
net/minecraft/class_840	net/minecraft/client/renderer/blockentity/TheEndPortalRenderer
net/minecraft/class_841	net/minecraft/client/renderer/blockentity/TheEndGatewayRenderer
net/minecraft/class_846	net/minecraft/client/renderer/chunk/ChunkRenderDispatcher
net/minecraft/class_846$class_4690	net/minecraft/client/renderer/chunk/ChunkRenderDispatcher$ChunkTaskResult
net/minecraft/class_846$class_849	net/minecraft/client/renderer/chunk/ChunkRenderDispatcher$CompiledChunk
net/minecraft/class_846$class_849$1	net/minecraft/client/renderer/chunk/ChunkRenderDispatcher$CompiledChunk$1
net/minecraft/class_846$class_851	net/minecraft/client/renderer/chunk/ChunkRenderDispatcher$RenderChunk
net/minecraft/class_846$class_851$class_4577	net/minecraft/client/renderer/chunk/ChunkRenderDispatcher$RenderChunk$ChunkCompileTask
net/minecraft/class_846$class_851$class_4578	net/minecraft/client/renderer/chunk/ChunkRenderDispatcher$RenderChunk$RebuildTask
net/minecraft/class_846$class_851$class_4578$class_7435	net/minecraft/client/renderer/chunk/ChunkRenderDispatcher$RenderChunk$RebuildTask$CompileResults
net/minecraft/class_846$class_851$class_4579	net/minecraft/client/renderer/chunk/ChunkRenderDispatcher$RenderChunk$ResortTransparencyTask
net/minecraft/class_8488	net/minecraft/world/level/storage/loot/LootDataId
net/minecraft/class_8489	net/minecraft/world/level/storage/loot/LootDataResolver
net/minecraft/class_8490	net/minecraft/world/level/storage/loot/LootDataType
net/minecraft/class_8490$class_8491	net/minecraft/world/level/storage/loot/LootDataType$Validator
net/minecraft/class_8492	net/minecraft/world/level/storage/loot/functions/FunctionReference
net/minecraft/class_8492$class_8493	net/minecraft/world/level/storage/loot/functions/FunctionReference$Serializer
net/minecraft/class_8494	net/minecraft/client/gui/navigation/CommonInputs
net/minecraft/class_8496	net/minecraft/client/quickplay/QuickPlay
net/minecraft/class_8497	net/minecraft/client/quickplay/QuickPlayLog
net/minecraft/class_8497$1	net/minecraft/client/quickplay/QuickPlayLog$1
net/minecraft/class_8497$class_8498	net/minecraft/client/quickplay/QuickPlayLog$QuickPlayEntry
net/minecraft/class_8497$class_8499	net/minecraft/client/quickplay/QuickPlayLog$QuickPlayWorld
net/minecraft/class_8497$class_8500	net/minecraft/client/quickplay/QuickPlayLog$Type
net/minecraft/class_85	net/minecraft/world/level/storage/loot/entries/LootPoolSingletonContainer
net/minecraft/class_85$1	net/minecraft/world/level/storage/loot/entries/LootPoolSingletonContainer$1
net/minecraft/class_85$class_86	net/minecraft/world/level/storage/loot/entries/LootPoolSingletonContainer$Builder
net/minecraft/class_85$class_87	net/minecraft/world/level/storage/loot/entries/LootPoolSingletonContainer$DummyBuilder
net/minecraft/class_85$class_88	net/minecraft/world/level/storage/loot/entries/LootPoolSingletonContainer$EntryBase
net/minecraft/class_85$class_89	net/minecraft/world/level/storage/loot/entries/LootPoolSingletonContainer$EntryConstructor
net/minecraft/class_85$class_90	net/minecraft/world/level/storage/loot/entries/LootPoolSingletonContainer$Serializer
net/minecraft/class_8501	net/minecraft/client/quickplay/package-info
net/minecraft/class_8503	net/minecraft/server/commands/ReturnCommand
net/minecraft/class_8504	net/minecraft/util/datafix/fixes/DecoratedPotFieldRenameFix
net/minecraft/class_8505	net/minecraft/util/datafix/fixes/RemapChunkStatusFix
net/minecraft/class_8506	net/minecraft/util/datafix/schemas/V3448
net/minecraft/class_8508	net/minecraft/advancements/critereon/RecipeCraftedTrigger
net/minecraft/class_8508$class_8509	net/minecraft/advancements/critereon/RecipeCraftedTrigger$TriggerInstance
net/minecraft/class_8514	net/minecraft/world/level/gameevent/vibrations/VibrationSystem
net/minecraft/class_8514$class_5719	net/minecraft/world/level/gameevent/vibrations/VibrationSystem$User
net/minecraft/class_8514$class_8515	net/minecraft/world/level/gameevent/vibrations/VibrationSystem$Data
net/minecraft/class_8514$class_8516	net/minecraft/world/level/gameevent/vibrations/VibrationSystem$Listener
net/minecraft/class_8514$class_8517	net/minecraft/world/level/gameevent/vibrations/VibrationSystem$Ticker
net/minecraft/class_8518	com/mojang/blaze3d/platform/IconSet
net/minecraft/class_8519	net/minecraft/client/gui/components/SplashRenderer
net/minecraft/class_852	net/minecraft/client/renderer/chunk/VisGraph
net/minecraft/class_852$1	net/minecraft/client/renderer/chunk/VisGraph$1
net/minecraft/class_8520	net/minecraft/client/renderer/debug/LightSectionDebugRenderer
net/minecraft/class_8520$1	net/minecraft/client/renderer/debug/LightSectionDebugRenderer$1
net/minecraft/class_8520$class_8521	net/minecraft/client/renderer/debug/LightSectionDebugRenderer$SectionData
net/minecraft/class_8523	net/minecraft/util/DependencySorter
net/minecraft/class_8523$class_8524	net/minecraft/util/DependencySorter$Entry
net/minecraft/class_8525	net/minecraft/util/datafix/fixes/ChunkDeleteLightFix
net/minecraft/class_8527	net/minecraft/world/level/chunk/LightChunk
net/minecraft/class_8528	net/minecraft/world/level/lighting/ChunkSkyLightSources
net/minecraft/class_853	net/minecraft/client/renderer/chunk/RenderChunkRegion
net/minecraft/class_8532	net/minecraft/client/gui/font/CodepointMap
net/minecraft/class_8532$class_8533	net/minecraft/client/gui/font/CodepointMap$Output
net/minecraft/class_8538	net/minecraft/client/gui/font/GlyphRenderTypes
net/minecraft/class_8538$1	net/minecraft/client/gui/font/GlyphRenderTypes$1
net/minecraft/class_854	net/minecraft/client/renderer/chunk/VisibilitySet
net/minecraft/class_8541	net/minecraft/client/gui/font/providers/ProviderReferenceDefinition
net/minecraft/class_8548	net/minecraft/world/level/storage/loot/predicates/AllOfCondition
net/minecraft/class_8548$class_8549	net/minecraft/world/level/storage/loot/predicates/AllOfCondition$Builder
net/minecraft/class_8548$class_8550	net/minecraft/world/level/storage/loot/predicates/AllOfCondition$Serializer
net/minecraft/class_8551	net/minecraft/world/level/storage/loot/predicates/AnyOfCondition
net/minecraft/class_8551$class_8552	net/minecraft/world/level/storage/loot/predicates/AnyOfCondition$Builder
net/minecraft/class_8551$class_8553	net/minecraft/world/level/storage/loot/predicates/AnyOfCondition$Serializer
net/minecraft/class_8557	net/minecraft/client/gui/font/providers/TrueTypeGlyphProviderDefinition
net/minecraft/class_8557$class_8558	net/minecraft/client/gui/font/providers/TrueTypeGlyphProviderDefinition$Shift
net/minecraft/class_8560	net/minecraft/client/renderer/debug/SupportBlockRenderer
net/minecraft/class_8561	net/minecraft/client/telemetry/events/GameLoadTimesEvent
net/minecraft/class_8561$class_8562	net/minecraft/client/telemetry/events/GameLoadTimesEvent$Measurement
net/minecraft/class_8563	net/minecraft/server/level/ChunkLevel
net/minecraft/class_8563$1	net/minecraft/server/level/ChunkLevel$1
net/minecraft/class_8564	net/minecraft/world/RandomSequence
net/minecraft/class_8565	net/minecraft/world/RandomSequences
net/minecraft/class_8565$1	net/minecraft/world/RandomSequences$1
net/minecraft/class_8566	net/minecraft/world/inventory/CraftingContainer
net/minecraft/class_8567	net/minecraft/world/level/storage/loot/LootParams
net/minecraft/class_8567$class_49	net/minecraft/world/level/storage/loot/LootParams$DynamicDrop
net/minecraft/class_8567$class_8568	net/minecraft/world/level/storage/loot/LootParams$Builder
net/minecraft/class_8572	net/minecraft/world/damagesource/FallLocation
net/minecraft/class_8573	net/minecraft/client/gui/screens/FaviconTexture
net/minecraft/class_8574	net/minecraft/world/level/block/EquipableCarvedPumpkinBlock
net/minecraft/class_8575	net/minecraft/util/datafix/fixes/LegacyDragonFightFix
net/minecraft/class_8577	net/minecraft/client/gui/components/FittingMultiLineTextWidget
net/minecraft/class_8579	net/minecraft/world/level/validation/ContentValidationException
net/minecraft/class_8580	net/minecraft/world/level/validation/DirectoryValidator
net/minecraft/class_8580$1	net/minecraft/world/level/validation/DirectoryValidator$1
net/minecraft/class_8581	net/minecraft/world/level/validation/ForbiddenSymlinkInfo
net/minecraft/class_8582	net/minecraft/world/level/validation/PathAllowList
net/minecraft/class_8582$class_8583	net/minecraft/world/level/validation/PathAllowList$ConfigEntry
net/minecraft/class_8582$class_8584	net/minecraft/world/level/validation/PathAllowList$EntryType
net/minecraft/class_8585	net/minecraft/world/level/validation/package-info
net/minecraft/class_8586	net/minecraft/client/gui/screens/SymlinkWarningScreen
net/minecraft/class_860	net/minecraft/client/renderer/debug/ChunkDebugRenderer
net/minecraft/class_860$class_4605	net/minecraft/client/renderer/debug/ChunkDebugRenderer$ChunkData
net/minecraft/class_862	net/minecraft/client/renderer/debug/ChunkBorderRenderer
net/minecraft/class_863	net/minecraft/client/renderer/debug/DebugRenderer
net/minecraft/class_863$class_864	net/minecraft/client/renderer/debug/DebugRenderer$SimpleDebugRenderer
net/minecraft/class_865	net/minecraft/client/renderer/debug/CollisionBoxRenderer
net/minecraft/class_866	net/minecraft/client/renderer/debug/LightDebugRenderer
net/minecraft/class_867	net/minecraft/client/renderer/debug/HeightMapRenderer
net/minecraft/class_867$1	net/minecraft/client/renderer/debug/HeightMapRenderer$1
net/minecraft/class_868	net/minecraft/client/renderer/debug/PathfindingRenderer
net/minecraft/class_869	net/minecraft/client/renderer/debug/NeighborsUpdateRenderer
net/minecraft/class_870	net/minecraft/client/renderer/debug/StructureRenderer
net/minecraft/class_871	net/minecraft/client/renderer/debug/SolidFaceRenderer
net/minecraft/class_872	net/minecraft/client/renderer/debug/WaterDebugRenderer
net/minecraft/class_873	net/minecraft/client/renderer/debug/WorldGenAttemptRenderer
net/minecraft/class_875	net/minecraft/client/renderer/entity/AbstractHorseRenderer
net/minecraft/class_876	net/minecraft/client/renderer/entity/ArrowRenderer
net/minecraft/class_877	net/minecraft/client/renderer/entity/ArmorStandRenderer
net/minecraft/class_878	net/minecraft/client/renderer/entity/BlazeRenderer
net/minecraft/class_879	net/minecraft/client/renderer/entity/BatRenderer
net/minecraft/class_880	net/minecraft/client/renderer/entity/CaveSpiderRenderer
net/minecraft/class_881	net/minecraft/client/renderer/entity/BoatRenderer
net/minecraft/class_882	net/minecraft/client/renderer/entity/ChickenRenderer
net/minecraft/class_883	net/minecraft/client/renderer/entity/ChestedHorseRenderer
net/minecraft/class_884	net/minecraft/client/renderer/entity/CowRenderer
net/minecraft/class_885	net/minecraft/client/renderer/entity/CodRenderer
net/minecraft/class_887	net/minecraft/client/renderer/entity/CreeperRenderer
net/minecraft/class_888	net/minecraft/client/renderer/entity/DolphinRenderer
net/minecraft/class_889	net/minecraft/client/model/DolphinModel
net/minecraft/class_890	net/minecraft/client/renderer/entity/DrownedRenderer
net/minecraft/class_891	net/minecraft/client/renderer/entity/DragonFireballRenderer
net/minecraft/class_892	net/minecraft/client/renderer/entity/EndCrystalRenderer
net/minecraft/class_893	net/minecraft/client/renderer/entity/ElderGuardianRenderer
net/minecraft/class_894	net/minecraft/client/renderer/entity/EndermanRenderer
net/minecraft/class_895	net/minecraft/client/renderer/entity/EnderDragonRenderer
net/minecraft/class_895$class_625	net/minecraft/client/renderer/entity/EnderDragonRenderer$DragonModel
net/minecraft/class_896	net/minecraft/client/renderer/entity/EndermiteRenderer
net/minecraft/class_897	net/minecraft/client/renderer/entity/EntityRenderer
net/minecraft/class_898	net/minecraft/client/renderer/entity/EntityRenderDispatcher
net/minecraft/class_899	net/minecraft/client/renderer/entity/EvokerRenderer
net/minecraft/class_899$1	net/minecraft/client/renderer/entity/EvokerRenderer$1
net/minecraft/class_9	net/minecraft/world/level/pathfinder/Node
net/minecraft/class_900	net/minecraft/client/renderer/entity/EvokerFangsRenderer
net/minecraft/class_901	net/minecraft/client/renderer/entity/FallingBlockRenderer
net/minecraft/class_902	net/minecraft/client/renderer/entity/ExperienceOrbRenderer
net/minecraft/class_903	net/minecraft/client/renderer/entity/FireworkEntityRenderer
net/minecraft/class_905	net/minecraft/client/renderer/entity/GhastRenderer
net/minecraft/class_906	net/minecraft/client/renderer/entity/FishingHookRenderer
net/minecraft/class_907	net/minecraft/client/renderer/entity/GuardianRenderer
net/minecraft/class_908	net/minecraft/client/renderer/entity/GiantMobRenderer
net/minecraft/class_909	net/minecraft/client/renderer/entity/HumanoidMobRenderer
net/minecraft/class_91	net/minecraft/world/level/storage/loot/entries/TagEntry
net/minecraft/class_91$1	net/minecraft/world/level/storage/loot/entries/TagEntry$1
net/minecraft/class_91$class_92	net/minecraft/world/level/storage/loot/entries/TagEntry$Serializer
net/minecraft/class_910	net/minecraft/client/renderer/entity/HorseRenderer
net/minecraft/class_911	net/minecraft/client/renderer/entity/RavagerRenderer
net/minecraft/class_912	net/minecraft/client/renderer/entity/HuskRenderer
net/minecraft/class_913	net/minecraft/client/renderer/entity/IronGolemRenderer
net/minecraft/class_914	net/minecraft/client/renderer/entity/IllusionerRenderer
net/minecraft/class_914$1	net/minecraft/client/renderer/entity/IllusionerRenderer$1
net/minecraft/class_915	net/minecraft/client/renderer/entity/ItemFrameRenderer
net/minecraft/class_916	net/minecraft/client/renderer/entity/ItemEntityRenderer
net/minecraft/class_917	net/minecraft/client/renderer/entity/MagmaCubeRenderer
net/minecraft/class_918	net/minecraft/client/renderer/entity/ItemRenderer
net/minecraft/class_919	net/minecraft/client/renderer/entity/LightningBoltRenderer
net/minecraft/class_920	net/minecraft/client/renderer/entity/LeashKnotRenderer
net/minecraft/class_921	net/minecraft/client/renderer/entity/LlamaRenderer
net/minecraft/class_921$1	net/minecraft/client/renderer/entity/LlamaRenderer$1
net/minecraft/class_922	net/minecraft/client/renderer/entity/LivingEntityRenderer
net/minecraft/class_922$1	net/minecraft/client/renderer/entity/LivingEntityRenderer$1
net/minecraft/class_923	net/minecraft/client/renderer/entity/LlamaSpitRenderer
net/minecraft/class_925	net/minecraft/client/renderer/entity/MinecartRenderer
net/minecraft/class_926	net/minecraft/client/renderer/entity/MushroomCowRenderer
net/minecraft/class_927	net/minecraft/client/renderer/entity/MobRenderer
net/minecraft/class_928	net/minecraft/client/renderer/entity/PaintingRenderer
net/minecraft/class_929	net/minecraft/client/renderer/entity/CatRenderer
net/minecraft/class_93	net/minecraft/world/level/storage/loot/entries/EntryGroup
net/minecraft/class_93$class_6152	net/minecraft/world/level/storage/loot/entries/EntryGroup$Builder
net/minecraft/class_930	net/minecraft/client/renderer/entity/ParrotRenderer
net/minecraft/class_930$1	net/minecraft/client/renderer/entity/ParrotRenderer$1
net/minecraft/class_931	net/minecraft/client/renderer/entity/PandaRenderer
net/minecraft/class_932	net/minecraft/client/renderer/entity/PigRenderer
net/minecraft/class_933	net/minecraft/client/renderer/entity/PhantomRenderer
net/minecraft/class_934	net/minecraft/client/renderer/entity/PillagerRenderer
net/minecraft/class_936	net/minecraft/client/renderer/entity/PufferfishRenderer
net/minecraft/class_937	net/minecraft/client/renderer/entity/PolarBearRenderer
net/minecraft/class_938	net/minecraft/client/renderer/entity/SalmonRenderer
net/minecraft/class_939	net/minecraft/client/renderer/entity/RabbitRenderer
net/minecraft/class_939$1	net/minecraft/client/renderer/entity/RabbitRenderer$1
net/minecraft/class_94	net/minecraft/world/level/storage/loot/functions/ApplyBonusCount
net/minecraft/class_94$class_100	net/minecraft/world/level/storage/loot/functions/ApplyBonusCount$UniformBonusCount
net/minecraft/class_94$class_95	net/minecraft/world/level/storage/loot/functions/ApplyBonusCount$BinomialWithBonusCount
net/minecraft/class_94$class_96	net/minecraft/world/level/storage/loot/functions/ApplyBonusCount$Formula
net/minecraft/class_94$class_97	net/minecraft/world/level/storage/loot/functions/ApplyBonusCount$FormulaDeserializer
net/minecraft/class_94$class_98	net/minecraft/world/level/storage/loot/functions/ApplyBonusCount$OreDrops
net/minecraft/class_94$class_99	net/minecraft/world/level/storage/loot/functions/ApplyBonusCount$Serializer
net/minecraft/class_940	net/minecraft/client/renderer/entity/ShulkerBulletRenderer
net/minecraft/class_941	net/minecraft/client/renderer/entity/SheepRenderer
net/minecraft/class_942	net/minecraft/client/renderer/entity/SilverfishRenderer
net/minecraft/class_943	net/minecraft/client/renderer/entity/ShulkerRenderer
net/minecraft/class_944	net/minecraft/client/renderer/entity/layers/ShulkerHeadLayer
net/minecraft/class_945	net/minecraft/client/renderer/entity/SlimeRenderer
net/minecraft/class_946	net/minecraft/client/renderer/entity/SkeletonRenderer
net/minecraft/class_947	net/minecraft/client/renderer/entity/SpectralArrowRenderer
net/minecraft/class_948	net/minecraft/client/renderer/entity/SnowGolemRenderer
net/minecraft/class_949	net/minecraft/client/renderer/entity/SpiderRenderer
net/minecraft/class_950	net/minecraft/client/renderer/entity/StrayRenderer
net/minecraft/class_951	net/minecraft/client/renderer/entity/SquidRenderer
net/minecraft/class_953	net/minecraft/client/renderer/entity/ThrownItemRenderer
net/minecraft/class_954	net/minecraft/client/renderer/entity/TippableArrowRenderer
net/minecraft/class_955	net/minecraft/client/renderer/entity/ThrownTridentRenderer
net/minecraft/class_956	net/minecraft/client/renderer/entity/TntRenderer
net/minecraft/class_957	net/minecraft/client/renderer/entity/TntMinecartRenderer
net/minecraft/class_958	net/minecraft/client/renderer/entity/TurtleRenderer
net/minecraft/class_959	net/minecraft/client/renderer/entity/TropicalFishRenderer
net/minecraft/class_959$1	net/minecraft/client/renderer/entity/TropicalFishRenderer$1
net/minecraft/class_960	net/minecraft/client/renderer/entity/VexRenderer
net/minecraft/class_961	net/minecraft/client/renderer/entity/UndeadHorseRenderer
net/minecraft/class_962	net/minecraft/client/renderer/entity/VindicatorRenderer
net/minecraft/class_962$1	net/minecraft/client/renderer/entity/VindicatorRenderer$1
net/minecraft/class_963	net/minecraft/client/renderer/entity/VillagerRenderer
net/minecraft/class_964	net/minecraft/client/renderer/entity/WitherBossRenderer
net/minecraft/class_965	net/minecraft/client/renderer/entity/WitchRenderer
net/minecraft/class_966	net/minecraft/client/renderer/entity/WitherSkullRenderer
net/minecraft/class_967	net/minecraft/client/renderer/entity/WitherSkeletonRenderer
net/minecraft/class_968	net/minecraft/client/renderer/entity/AbstractZombieRenderer
net/minecraft/class_969	net/minecraft/client/renderer/entity/WolfRenderer
net/minecraft/class_970	net/minecraft/client/renderer/entity/layers/HumanoidArmorLayer
net/minecraft/class_970$1	net/minecraft/client/renderer/entity/layers/HumanoidArmorLayer$1
net/minecraft/class_971	net/minecraft/client/renderer/entity/ZombieVillagerRenderer
net/minecraft/class_972	net/minecraft/client/renderer/entity/layers/CapeLayer
net/minecraft/class_973	net/minecraft/client/renderer/entity/layers/ArrowLayer
net/minecraft/class_974	net/minecraft/client/renderer/entity/layers/CreeperPowerLayer
net/minecraft/class_975	net/minecraft/client/renderer/entity/layers/CarriedBlockLayer
net/minecraft/class_976	net/minecraft/client/renderer/entity/layers/CustomHeadLayer
net/minecraft/class_977	net/minecraft/client/renderer/entity/layers/DolphinCarryingItemLayer
net/minecraft/class_978	net/minecraft/client/renderer/entity/layers/Deadmau5EarsLayer
net/minecraft/class_979	net/minecraft/client/renderer/entity/layers/ElytraLayer
net/minecraft/class_980	net/minecraft/client/renderer/entity/layers/DrownedOuterLayer
net/minecraft/class_983	net/minecraft/client/renderer/entity/layers/ParrotOnShoulderLayer
net/minecraft/class_985	net/minecraft/client/renderer/entity/layers/EnderEyesLayer
net/minecraft/class_986	net/minecraft/client/renderer/entity/layers/IronGolemFlowerLayer
net/minecraft/class_988	net/minecraft/client/renderer/entity/layers/LlamaDecorLayer
net/minecraft/class_989	net/minecraft/client/renderer/entity/layers/ItemInHandLayer
net/minecraft/class_990	net/minecraft/client/renderer/entity/layers/PandaHoldsItemLayer
net/minecraft/class_991	net/minecraft/client/renderer/entity/layers/MushroomCowMushroomLayer
net/minecraft/class_992	net/minecraft/client/renderer/entity/layers/SaddleLayer
net/minecraft/class_993	net/minecraft/client/renderer/entity/layers/PhantomEyesLayer
net/minecraft/class_994	net/minecraft/client/renderer/entity/layers/SheepFurLayer
net/minecraft/class_996	net/minecraft/client/renderer/entity/layers/SnowGolemHeadLayer
net/minecraft/class_997	net/minecraft/client/renderer/entity/layers/SlimeOuterLayer
net/minecraft/class_998	net/minecraft/client/renderer/entity/layers/SpinAttackEffectLayer
net/minecraft/server/MinecraftServer$class_6414	net/minecraft/server/MinecraftServer$TimeProfiler
net/minecraft/server/MinecraftServer$class_6414$1	net/minecraft/server/MinecraftServer$TimeProfiler$1
net/minecraft/server/MinecraftServer$class_6897	net/minecraft/server/MinecraftServer$ReloadableResources
net/minecraft/server/MinecraftServer$class_7460	net/minecraft/server/MinecraftServer$ServerResourcePackInfo
net/minecraft/util/profiling/jfr/event/ChunkGenerationEvent$class_6602	net/minecraft/util/profiling/jfr/event/ChunkGenerationEvent$Fields
net/minecraft/util/profiling/jfr/event/NetworkSummaryEvent$class_6778	net/minecraft/util/profiling/jfr/event/NetworkSummaryEvent$Fields
net/minecraft/util/profiling/jfr/event/NetworkSummaryEvent$class_6779	net/minecraft/util/profiling/jfr/event/NetworkSummaryEvent$SumAggregation
net/minecraft/util/profiling/jfr/event/ServerTickTimeEvent$class_6601	net/minecraft/util/profiling/jfr/event/ServerTickTimeEvent$Fields
